name,url,source,industry
Izanami,https://izanami-official.com/,MUUUUU.ORG,医療
Spark Journal by KDDI,https://spark-journal.kddi.com/,MUUUUU.ORG,コーポレート
株式会社デジタルマーケティングジャパン 採用サイト,https://dmj-japan.co.jp/recruit/,MUUUUU.ORG,採用
株式会社ギフティ,https://giftee.co.jp/,MUUUUU.ORG,BtoB
EZOBOLIC,https://corp.ezobolic.jp/,MUUUUU.ORG,ブランド
mud Inc.,https://mud.co.jp/,MUUUUU.ORG,コーポレート
WANDY,https://wandy.co.jp/,MUUUUU.ORG,不動産
日本新薬株式会社 採用サイト,https://www.nippon-shinyaku.co.jp/recruit/,MUUUUU.ORG,採用
ETOHA LAB,https://etoha-lab.co.jp/,MUUUUU.ORG,ブランド
TYO 採用サイト,https://tyo.co.jp/recruit/,MUUUUU.ORG,採用
RGF Professional Recruitment,https://www.rgf-professional.jp/,MUUUUU.ORG,採用
We Inc.,https://wewewe.jp/,MUUUUU.ORG,コーポレート
DELFONICS,https://www.delfonics.com/,MUUUUU.ORG,ブランド
株式会社シムディレクト,https://www.symdirect.co.jp/,MUUUUU.ORG,BtoB
GIZMODO JAPAN,https://www.gizmodo.jp/,MUUUUU.ORG,メディア
Benjamin Creative,https://benjamincreative.me/,MUUUUU.ORG,ブランド
AAA11Y,https://www.aaa11y.com/,MUUUUU.ORG,BtoB
CCTP,https://sstr.tech/,MUUUUU.ORG,BtoB
Made With GSAP,https://madewithgsap.com/,MUUUUU.ORG,BtoB
核點 Nudot Studio,https://nudot.com.tw/,MUUUUU.ORG,ブランド
AFURI BREWING（阿夫利ブルーイング）,https://afuribrewing.com/,Web Design Clip,飲食
福岡女学院大学 受験生応援サイト,https://www.fukujo.ac.jp/university/juken/,Web Design Clip,教育
POP IS YOU SAKAE 2026,https://popisyousakae.com/,Web Design Clip,ブランド
HYS Inc.,https://hys-inc.jp/,Web Design Clip,コーポレート
エームサービス 50周年特設サイト,https://www.aimservices.co.jp/50th/,Web Design Clip,コーポレート
EIGHT DESIGN INC.,https://eightdesign.co.jp/,Web Design Clip,不動産
TOKUSHA,https://tokusha.jp/,Web Design Clip,コーポレート
TSUKASA カレッジハウス大阪,https://www.collegehouse-osaka.com/,Web Design Clip,不動産
株式会社ポジティブドリームパーソンズ,https://www.positive.co.jp/,Web Design Clip,コーポレート
コクヨ 新卒採用サイト,https://recruit.kokuyo.com/,Web Design Clip,採用
神戸女子大学,https://www.kobe-wu.ac.jp/,Web Design Clip,教育
switch on life,https://switch-onlife.jp/,Web Design Clip,地域・自治体
IRKA,https://irka.co.jp/,Web Design Clip,コーポレート
GLIQ,https://gliq.co.jp/,Web Design Clip,コーポレート
ドクタープレイフル（ロッテ）,https://www.lotte.co.jp/products/brand/drplayful/,Web Design Clip,ブランド
株式会社ジリオン,https://jillion.co.jp/,Web Design Clip,コーポレート
vivace next,https://viva-next.com/,Web Design Clip,コーポレート
市村清新技術財団,https://www.sgkz.or.jp/develop/,Web Design Clip,教育
パティスリー GIN NO MORI（ludique）,https://ginnomori.info/ludique/,Web Design Clip,飲食
SORATO NRT,https://sorato-nadc.com/,Web Design Clip,不動産
foton inc.,https://www.foton.jp/,Web Design Clip,コーポレート
金子眼鏡 SABAE WORLD,https://www.kaneko-optical.co.jp/sabae-world/,Web Design Clip,ブランド
東映太秦映画村,https://eigamura.com/,Web Design Clip,レジャー
奥会津体験博覧会,https://okuaizu-sedomori.com/,Web Design Clip,観光
ガシマガ,https://gashimaga.jp/,Web Design Clip,教育
エイワハウジング 採用サイト,https://recruit.eiwa-housing.co.jp/,Web Design Clip,採用
トヨタカローラ高崎,https://corotaka.jp/,Web Design Clip,採用
東京電機大学 夜間部,https://www.dendai.ac.jp/evening/,Web Design Clip,教育
かがり吉祥亭,https://kagari-kisshotei.com/,Web Design Clip,宿泊
ホシザキ株式会社,https://www.hoshizaki.co.jp/,Web Design Clip,BtoB
挽肉と米,https://hikinikutocome.com/,ちょうどいいWebデザインギャラリー,飲食
株式会社はこ,https://ha-ko.co.jp/,ちょうどいいWebデザインギャラリー,製造
青柳ういろう,https://aoyagiuirou.co.jp/,ちょうどいいWebデザインギャラリー,飲食
横田農場,https://yokotanojo.co.jp/,ちょうどいいWebデザインギャラリー,飲食
中村製箔所,https://nakamura-seihakusho.co.jp/,ちょうどいいWebデザインギャラリー,製造
CRISP（コーポレート）,https://corp.crisp.co.jp/,ちょうどいいWebデザインギャラリー,飲食
うなぎパイファクトリー,https://unagipai-factory.jp/,ちょうどいいWebデザインギャラリー,飲食
terasu歯科,https://terasu-dental.com/,ちょうどいいWebデザインギャラリー,医療
南河原福祉の里 おきな,https://hirakata-okina.com/,ちょうどいいWebデザインギャラリー,医療
株式会社サニクリーン 採用サイト,https://sanikleen.co.jp/recruit/honbu/,ちょうどいいWebデザインギャラリー,採用
宝満宮竈門神社,https://kamadojinja.or.jp/,ちょうどいいWebデザインギャラリー,団体
ATAMI せかいえ,https://atamisekaie.jp/,ちょうどいいWebデザインギャラリー,宿泊
HELLO CYCLING,https://hellocycling.jp/,ちょうどいいWebデザインギャラリー,BtoB
ぺんてる株式会社,https://pentel.co.jp/,ちょうどいいWebデザインギャラリー,ブランド
Backpackers' Japan,https://backpackersjapan.co.jp/,ちょうどいいWebデザインギャラリー,宿泊
MIDORI.so,https://midori.so/,ちょうどいいWebデザインギャラリー,不動産
本と美容室,https://book-and-hair.com/,ちょうどいいWebデザインギャラリー,美容
FUKUOKA BIRTH CLINIC,https://f-bc.jp/,ちょうどいいWebデザインギャラリー,医療
よなよなエール,https://yonayonaale.com/,ちょうどいいWebデザインギャラリー,EC
天神南矯正診療歯科,https://tenjinminami-dental.jp/,ちょうどいいWebデザインギャラリー,医療
Salanaru,https://salanaru.jp/,ちょうどいいWebデザインギャラリー,医療
信州アップルパイ研究所 Q,https://apple-q.jp/,ちょうどいいWebデザインギャラリー,飲食
八 by PRESS BUTTER SAND,https://hachi.buttersand.com/,ちょうどいいWebデザインギャラリー,飲食
NUTION（パーソルキャリア）,https://nution.persol-career.co.jp/,ちょうどいいWebデザインギャラリー,採用
株式会社FPコンサルティング,https://fp-con.co.jp/,ちょうどいいWebデザインギャラリー,BtoB
玉川釉薬,https://tamagaway.jp/,ちょうどいいWebデザインギャラリー,製造
株式会社寺田ニット,https://terada-knit.co.jp/,ちょうどいいWebデザインギャラリー,製造
MOHEIM,https://moheim.com/jp/,ちょうどいいWebデザインギャラリー,EC
巴里夕顔,https://paris-yugao.jp/,ちょうどいいWebデザインギャラリー,飲食
STORE PALETTE,https://store-palette.com/,ちょうどいいWebデザインギャラリー,EC
医療技術評価（HTA）教育プログラム,https://hta-program.jp/,GOOD WEB DESIGN（教育・スクール・保育）,教育
文化服装学院 FPコース 2025年度卒業制作,https://bunkafp-2025.studio.site/,GOOD WEB DESIGN（教育・スクール・保育）,教育
明星幼稚園,https://www.meisei.ac.jp/kg/,GOOD WEB DESIGN（教育・スクール・保育）,教育
日本経済大学 福岡キャンパス,https://mycampus.jue.ac.jp/,GOOD WEB DESIGN（教育・スクール・保育）,教育
品川女子学院 CHANGE AGENT,https://change-agent.shinagawajoshigakuin.jp/,GOOD WEB DESIGN（教育・スクール・保育）,教育
目白大学 MEJINAVI2026,https://www.mejiro.ac.jp/univ/mejinavi2026/,GOOD WEB DESIGN（教育・スクール・保育）,教育
名古屋デザイン＆テクノロジー専門学校,https://www.nca.ac.jp/,GOOD WEB DESIGN（教育・スクール・保育）,教育
ほづみの森こども園,https://hozuminomori.jp/,GOOD WEB DESIGN（教育・スクール・保育）,教育
京都大学 大学院文学研究科 buncomo,https://buncomo.jp/,GOOD WEB DESIGN（教育・スクール・保育）,教育
札幌調理製菓専門学校,https://keisen-chouri.com/,GOOD WEB DESIGN（教育・スクール・保育）,教育
神戸学院大学 2026新キャンパス,https://www.kobegakuin.ac.jp/2026newcampus/,GOOD WEB DESIGN（教育・スクール・保育）,教育
TID 東京情報デザイン専門職大学,https://www.tid.ac.jp/,GOOD WEB DESIGN（教育・スクール・保育）,教育
厚沢部町認定こども園はぜる,https://hazeruassabu.com/,GOOD WEB DESIGN（教育・スクール・保育）,教育
神戸電子専門学校,https://www.kobedenshi.ac.jp/,GOOD WEB DESIGN（教育・スクール・保育）,教育
女子美術大学 CP領域,https://joshibi-cp.net/,GOOD WEB DESIGN（教育・スクール・保育）,教育
カワスイ アクア&アニマルスクール,https://school.kawa-sui.com/,GOOD WEB DESIGN（教育・スクール・保育）,教育
桑沢デザイン研究所 卒展アーカイブ,https://www.sotsuten-archive.kds.ac.jp/students/,GOOD WEB DESIGN（教育・スクール・保育）,教育
株式会社Gotoschool,https://gotoschool.co.jp/,GOOD WEB DESIGN（教育・スクール・保育）,教育
多摩美術大学 彫刻学科,https://sculpture.tamabi.ac.jp/home,GOOD WEB DESIGN（教育・スクール・保育）,教育
エスモード東京校,https://esmodtokyo.com/,GOOD WEB DESIGN（教育・スクール・保育）,教育
えんとつ町のプペル保育園,https://poupelle-kids.jp/,GOOD WEB DESIGN（教育・スクール・保育）,教育
Kyoto Creative Assemblage,https://assemblage.kyoto/,GOOD WEB DESIGN（教育・スクール・保育）,教育
うつほの杜学園,https://utsuho-academy.com/,GOOD WEB DESIGN（教育・スクール・保育）,教育
なとり認定こども園,https://www.natori.ed.jp/,GOOD WEB DESIGN（教育・スクール・保育）,教育
トミーそろばん教室,https://tomisoro.com/,GOOD WEB DESIGN（教育・スクール・保育）,教育
青英学園,https://seieigakuen.com/,GOOD WEB DESIGN（教育・スクール・保育）,教育
小野幼稚園,https://onoyou.jp/,GOOD WEB DESIGN（教育・スクール・保育）,教育
多摩美術大学 統合デザイン学科,https://integrated.jp/,GOOD WEB DESIGN（教育・スクール・保育）,教育
そらのまちほいくえん,https://solanomachi.com/,GOOD WEB DESIGN（教育・スクール・保育）,教育
スクラ（schoola）,https://biz.schoola.jp/,umeboshi（学校・大学・教育・スクール・塾）,教育
biima sports,https://biima.co.jp/sports/,umeboshi（学校・大学・教育・スクール・塾）,教育
リックグロー,https://licgrow.jp/,umeboshi（学校・大学・教育・スクール・塾）,教育
ICORE,https://icore-inc.jp/,umeboshi（学校・大学・教育・スクール・塾）,教育
大阪工業大学 わからないをつくる,https://www.oit.ac.jp/japanese/juken/wakaranai/,umeboshi（学校・大学・教育・スクール・塾）,教育
きかせてジャーニー,https://kikasete-journey.jp/,umeboshi（学校・大学・教育・スクール・塾）,教育
ABI-STA オンライン講座,https://www.abi-sta.com/online_lesson/,umeboshi（学校・大学・教育・スクール・塾）,教育
東京大学 CREATE THE FUTURE,https://park.itc.u-tokyo.ac.jp/createthefuture/,umeboshi（学校・大学・教育・スクール・塾）,教育
女子美術大学 環境デザイン専攻,http://kankyo.joshibi.net/,umeboshi（学校・大学・教育・スクール・塾）,教育
スタディサプリ ブランドサイト,https://brand.studysapuri.jp/,umeboshi（学校・大学・教育・スクール・塾）,教育
SHE株式会社,https://she-inc.co.jp/,umeboshi（学校・大学・教育・スクール・塾）,教育
茨城キリスト教大学,https://www.icc.ac.jp/,umeboshi（学校・大学・教育・スクール・塾）,教育
カワイ音楽教室,https://music.kawai.jp/,umeboshi（学校・大学・教育・スクール・塾）,教育
梅花女子大学,https://garden.baika.ac.jp/,umeboshi（学校・大学・教育・スクール・塾）,教育
能開センター 小学生英語,https://nokai.jp/elementary-english/,umeboshi（学校・大学・教育・スクール・塾）,教育
倉敷芸術科学大学,https://arts.kusa.ac.jp/,umeboshi（学校・大学・教育・スクール・塾）,教育
ミス・パリ ビューティ専門学校 大宮校,http://www.miss-paris-omiya.ac.jp/,umeboshi（学校・大学・教育・スクール・塾）,教育
ハクビ京都きもの学院,http://www.hakubi.net/,umeboshi（学校・大学・教育・スクール・塾）,教育
アストモスグループ物流会社 採用サイト,https://astomosgroup-logistics-recruit.jp/,BAKUup,採用
さいとうクリニック,https://saito-c.com/,BAKUup,医療
京都精華大学 人文学部 特設サイト,https://new-humanities.kyoto-seika.ac.jp/,BAKUup,教育
株式会社ASAHI（旭油脂）,https://www.asahiyushi.com/,BAKUup,製造
JR東日本 新卒採用サイト,https://recruit.jreast.co.jp/,BAKUup,採用
movel Inc.,https://www.movel.jp/,BAKUup,BtoB
丸亀製麺 もちもちきもち研究所,https://jp.marugame.com/mochi-mochi-lab/,BAKUup,飲食
北斗株式会社,https://www.hkt.co.jp/,BAKUup,製造
株式会社HBA 採用サイト,https://www.hba.co.jp/recruit/,BAKUup,採用
Hakuhodo DY ONE 採用サイト,https://recruit.hakuhodody-one.co.jp/,BAKUup,採用
アスザックグループ 高校生採用サイト,https://recruit.asuzacgroup.jp/highschool/,BAKUup,採用
UMAJOB（JRA）,https://jra-fun.jp/umajob/,BAKUup,採用
U.S Inc.,https://usinc.jp/,BAKUup,BtoB
大和化成工業株式会社,https://daiwakasei.net/,BAKUup,製造
Hoegaarden Japan,https://hoegaarden.jp/,BAKUup,飲食
赤箱のススメ（牛乳石鹸）,https://cow-aka.jp/,BAKUup,ブランド
僕と私と株式会社,https://boku-to-watashi-and.com/,BAKUup,BtoB
株式会社KKDAY JAPAN,https://www.kkday.com/ja/corp/,BAKUup,観光
ゲーム工房カコムタク,https://kakomutaku.studio.site/,BAKUup,エンタメ
シナノテック株式会社,https://shinanotech.co.jp/,BAKUup,BtoB
ソルー株式会社,https://solu.co.jp/,BAKUup,BtoB
大竹高等専修学校,https://www.ohtake.ac.jp/,BAKUup,教育
のんある酒場 レモンサワー（サウナイキタイ特設）,https://sauna-ikitai.com/special/mikaku/,BAKUup,飲食
社会福祉法人とみのはら福祉会 たんぽぽグループ,https://www.tanpopoen.net/,SANKOU!（保育園・幼稚園・こども園）,教育
さくらさくみらい 中途採用サイト,https://sakura-39-recruit.jp/career/,SANKOU!（保育園・幼稚園・こども園）,採用
もりながこども園,https://morinagakodomo.com/,SANKOU!（保育園・幼稚園・こども園）,教育
Pikkas International Preschool,https://pikkasinternational.com/,SANKOU!（保育園・幼稚園・こども園）,教育
みこと保育園,https://mikotohoikuen.net/,SANKOU!（保育園・幼稚園・こども園）,教育
嘉瀬こどもの森,https://seigaku.jp/kase/,SANKOU!（保育園・幼稚園・こども園）,教育
ふくたこども園,https://fukutakodomo.com/,SANKOU!（保育園・幼稚園・こども園）,教育
しもごおり山の手保育園,https://oita-yamanote.com/,SANKOU!（保育園・幼稚園・こども園）,教育
やまのみ保育園,https://yamanomi-hoiku.com/,SANKOU!（保育園・幼稚園・こども園）,教育
八ヶ岳風の子保育園,https://kazenoko8.com/,SANKOU!（保育園・幼稚園・こども園）,教育
うおみこども園,https://uomi.jp/,SANKOU!（保育園・幼稚園・こども園）,教育
大森さくら保育園,https://omori-sakura.iwamiginzan.jp/,SANKOU!（保育園・幼稚園・こども園）,教育
奈良佐保短期大学付属倉敷幼稚園,https://kurashiki.narasaho-c.ac.jp/,SANKOU!（保育園・幼稚園・こども園）,教育
日経電子版 for Education,https://www.nikkei.com/promotion/education/,MUUUUU.ORG 学校・大学・教育,教育
豊田自動織機技能専修学園,https://gakuen.toyota-shokki.co.jp/,MUUUUU.ORG 学校・大学・教育,教育
東京都私学財団,https://www.shigaku-tokyo.or.jp/,MUUUUU.ORG 学校・大学・教育,教育
中央大学 スポーツ情報学部（2027年開設予定）,https://sdb.chuo-u.ac.jp/,MUUUUU.ORG 学校・大学・教育,教育
茗溪学園中学校高等学校,https://meikei.ac.jp/,MUUUUU.ORG 学校・大学・教育,教育
日暮里ゼミナール,https://nippori.lamm.tokyo/,MUUUUU.ORG 学校・大学・教育,教育
College 8（教育プロデュースカンパニー）,https://college8.jp/,MUUUUU.ORG 学校・大学・教育,教育
京都産業大学60周年記念サイト,https://60th-kyoto-su.com/,MUUUUU.ORG 学校・大学・教育,教育
デジタルハリウッド大学,https://www.dhw.ac.jp/,MUUUUU.ORG 学校・大学・教育,教育
宇都宮メディア・アーツ専門学校,https://media-arts.ac.jp/,MUUUUU.ORG 学校・大学・教育,教育
MEJINAVI2025（目白大学）,https://www2.mejiro.ac.jp/univ/mejinavi2025/,MUUUUU.ORG 学校・大学・教育,教育
暁学園,https://www.akatsuki-gakuen.com/,MUUUUU.ORG 学校・大学・教育,教育
株式会社スマイルバトン,https://smilebaton.co.jp/,MUUUUU.ORG 学校・大学・教育,教育
株式会社UZUZホールディングス,https://uzuz-holdings.jp/,MUUUUU.ORG 学校・大学・教育,採用
京進グループ,https://group.kyoshin.co.jp/,MUUUUU.ORG 学校・大学・教育,教育
国士舘大学,https://www.kokushikan.ac.jp/,MUUUUU.ORG 学校・大学・教育,教育
京都大学 大学院文学研究科・文学部,https://www.bun.kyoto-u.ac.jp/,MUUUUU.ORG 学校・大学・教育,教育
株式会社日能研関西 採用サイト,https://recruit-nichinoken-kansai.jp/,MUUUUU.ORG 学校・大学・教育,採用
四條畷学園 創立100周年記念サイト,https://next100.shijonawate-gakuen.ac.jp/,MUUUUU.ORG 学校・大学・教育,教育
株式会社スピークバディ,https://www.speakbuddy.com/,MUUUUU.ORG 学校・大学・教育,教育
考動アカデミー,https://kodo-academy.nissili.co.jp/,Web Design Clip 学校・教育,教育
武蔵野美術大学インタビュー,https://mauinterview.musabi.ac.jp/,Web Design Clip 学校・教育,教育
HONKA RE:FRAME!（デジタルハリウッド）,https://school.dhw.co.jp/p/honka_reframe/,Web Design Clip 学校・教育,教育
八文字学園 70周年特設サイト,https://www.mito.ac.jp/70th-anniversary/,Web Design Clip 学校・教育,教育
湘南工科大学 オープンキャンパス2026,https://www.shonan-it.ac.jp/oc/2026/,Web Design Clip 学校・教育,教育
宮川えりか研究室,https://miyakawa-lab.com/,Web Design Clip 学校・教育,教育
多摩美術大学 情報デザインコース卒業研究制作展,https://www.idd.tamabi.ac.jp/design/exhibit/gw26/,Web Design Clip 学校・教育,教育
横浜fカレッジ ファッションクリエイター科,https://yfc.iwasaki.ac.jp/fc/,Web Design Clip 学校・教育,教育
武蔵野美術大学 市ヶ谷キャンパス,https://ichigaya.musabi.ac.jp/,Web Design Clip 学校・教育,教育
手紙舎の学校,https://www.tegamishaschool.com/,Web Design Clip 学校・教育,教育
ウズウズカレッジ,https://uzuz-college.jp/,Web Design Clip 学校・教育,教育
梅花女子大学 舞台芸術表現学科,https://www.baika.ac.jp/performing-arts/,Web Design Clip 学校・教育,教育
近畿大学 創立100周年記念サイト,https://100th.kindai.ac.jp/,Web Design Clip 学校・教育,教育
東京通信大学,https://www.internet.ac.jp/,Web Design Clip 学校・教育,教育
九州医学技術専門学校,https://kyuigi.ac.jp/,Web Design Clip 学校・教育,教育
甲南女子大学 シーソー,https://seesaw.konan-wu.ac.jp/,Web Design Clip 学校・教育,教育
京都産業大学附属中学校・高等学校,https://jsh.kyoto-su.ac.jp/,Web Design Clip 学校・教育,教育
東海国立大学機構 Common Nexus（ComoNe）,https://comone.thers.ac.jp/,Web Design Clip 学校・教育,教育
神戸電鉄,https://www.shintetsu.co.jp/,イケサイ,コーポレート
農業法人サラダボウル リクルートサイト,https://www.salad-bowl.jp/recruit/,イケサイ,採用
ツクリオ（Tsuklio）,https://www.tsuklio.com/,イケサイ,ブランド
ラヴィピュール,https://www.la-viepure.com/,イケサイ,ブランド
ある日、森のなか。（信濃町移住）,https://shinanomachi-iju.jp/,イケサイ,自治体
東京KAWAII夏遊2026,https://asobisystem.com/natsuasobi/,イケサイ,イベント
浅川町ポータル（まるごと・ぜんぶ参加してたのしむ旅）,https://portal.town.asakawa.fukushima.jp/,イケサイ,自治体
SHOGUN PIZZA,https://shogunpizza.com/,イケサイ,飲食
とうきゅうこどもっと,https://www.tokyu.co.jp/special/kodomotto/,イケサイ,教育
おでかけ国立美術館,https://odekake.artmuseums.go.jp/,イケサイ,文化
クリニック杜の里,https://c-morinosato.com/,イケサイ,医療
令和8年度 警視庁採用サイト,https://www.keishicho.metro.tokyo.lg.jp/saiyo/,イケサイ,採用
シーベジスタンド,https://seavege-stand.com/,イケサイ,飲食
mount inc.,https://mount.jp/,イケサイ,コーポレート
なはまぐろ,https://nahamaguro.com/,イケサイ,飲食
yuppa（ゆっぱ）,https://yuppa.co.jp/,イケサイ,コーポレート
neie,https://neie.jp/,イケサイ,不動産
白骨温泉,https://www.shirahone.org/,イケサイ,観光
上島珈琲店,https://www.ueshima-coffee-ten.jp/,イケサイ,飲食
MAU2029 武蔵野美術大学100周年ウェブマガジン,https://2029mag.musabi.ac.jp/,イケサイ,教育
すずきレディースクリニック,https://suzuki-ladies-clinic.jp/,イケサイ,医療
あまの皮ふ科,https://amano-clinic.jp/,イケサイ,医療
明石市立二見図書館 ふたみん,https://futami-akashi-lib.jp/,イケサイ,公共
和食 旬彩処 鈴のれん,https://suzunoren.kisoji.co.jp/,イケサイ,飲食
ハマニシゴルフクラブ,https://www.hamanishi-golfclub.co.jp/,cms design,レジャー
For Next株式会社,https://fornext.inc/,cms design,コーポレート
霞奏ウェディングフィルム,https://weddingfilm.me/,cms design,ブライダル
株式会社桐山組,https://kirigumi.co.jp/,cms design,建設
VIVACE GROUP,https://www.vivace-love.com/,cms design,コーポレート
Studio Kentaro Nakamura,https://nakamurakentaro.com/,cms design,ブランド
株式会社ビー・トライブ,https://bee-tribe.jp/,cms design,コーポレート
Univelホールディングス株式会社,https://www.univelhd.co.jp/,cms design,コーポレート
北海道イエロースターズ,https://hy-stars.jp/,cms design,スポーツ
ぬくもり在宅クリニック,https://nukumori-clinic.jp/,cms design,医療
ユニゾンキャリア,https://unison-career.jp/shukatsu-media/,cms design,採用
マルハン 新卒採用サイト,https://www.maruhan.co.jp/recruit/east-japan/newgraduate/,cms design,採用
元麻布スピカ,https://www.spica-inc.jp/,cms design,コーポレート
株式会社アイ・エフ・ティ,https://www.ift-kk.co.jp/,cms design,BtoB
Unite Partners株式会社,https://unite-partners.co.jp/,cms design,BtoB
NELU,https://restaurant.nelu.osaka/,cms design,飲食
株式会社リビタ,https://www.rebita.co.jp/,cms design,不動産
イデア総研税理士法人,https://www.ideasoken.or.jp/,cms design,士業
Renxa株式会社,https://renxa.co.jp/,Wow! Works,コーポレート
JINS MEME,https://jinsmeme.com/,Wow! Works,ブランド
藍森山,https://aimoriyama.com/,Wow! Works,ブランド
よんなな -Yonnana-,https://yonnana.today/,Wow! Works,メディア
WELLZ UNITED,https://www.wellz-united.jp/,Wow! Works,医療
CRISP REPLENISH,https://replenish.crispsaladworks.com/,Wow! Works,飲食
積奏バターサンド 公式オンラインショップ,https://seki-sou.com/,Wow! Works,EC
平戸城 懐柔櫓,https://www.castlestay.jp/,Wow! Works,観光
オフィス12（ジュウニ）,https://12-office.com/,Wow! Works,不動産
株式会社アイ・クルール 採用サイト,https://i-couleur.co.jp/color12/,Wow! Works,採用
寒川神社,http://samukawajinjya.jp/,Wow! Works,観光
育てるタオル 公式サイト,https://sodaterutowel.com/,Wow! Works,EC
ENJOY! GREEN GUIDE（東急グリーンリゾート）,https://www.tokyu-green-resort.com/,Stock（pulp+style）,観光
いなべ阿下喜ベース,https://inabe-ageki-base.com/,Stock（pulp+style）,観光
めおと（ふたりで楽しむ暮らしのギフト）,https://meoto.jp/,Stock（pulp+style）,EC
CLEND,https://clend.jp/,Stock（pulp+style）,ブランド
星野リゾート 採用サイト,https://hoshinoresorts.com/jp/recruit/,Stock（pulp+style）,採用
安藤七宝店,https://www.ando-shippo.co.jp/,Stock（pulp+style）,ブランド
Worker's Resort,https://www.workersresort.com/,Stock（pulp+style）,メディア
さくら不動産,https://sakurafudousan.jp/,Stock（pulp+style）,不動産
KINS,https://yourkins.com/,Stock（pulp+style）,EC
ねこねこ薬局,https://nekoneko-pharmacy.com/,Stock（pulp+style）,医療
東海汽船グループ10周年記念特設サイト,https://www.tokaikisen.co.jp/tokaikisen-group10th/,Stock（pulp+style）,コーポレート
ポニーキャニオン,https://www.ponycanyon.biz/,Stock（pulp+style）,コーポレート
株式会社FURAZOA 採用特設サイト,https://furazoa.com/recruit/,Stock（pulp+style）,採用
株式会社Join to enjoy,https://jointoenjoy.co.jp/,Stock（pulp+style）,コーポレート
フーディソン,https://foodison.jp/,Stock（pulp+style）,BtoB
戸田建設株式会社 新卒採用サイト,https://www.toda.co.jp/recruit/fresh/,Stock（pulp+style）,採用
CRAFT HOME,https://craftcorp.jp/,Stock（pulp+style）,不動産
Analogue Foundation,https://analoguefoundation.com/ja/,Stock（pulp+style）,ブランド
サントリー白州の森,https://www.suntory.co.jp/factory/hakushu-sanctuary/,Stock（pulp+style）,ブランド
PARK（SmartHRユーザーコミュニティ）,https://park-community.smarthr.jp/,Stock（pulp+style）,BtoB
福井銀行アプリ,https://www.fukuibank.co.jp/lp/fbkapp/,LP advance,金融
ちゅうぎんアプリ,https://www.chugin.co.jp/inbanhelp/lp/chuginapp/,LP advance,金融
都道府県民共済グループ,https://www.kyosai-cc.or.jp/yakusoku/campaign.html,LP advance,金融
カラムーチョ・すっぱムーチョ（湖池屋）,https://mucho.koikeya.co.jp/,LP advance,食品
ピュアポテト（湖池屋）,https://purepotato.koikeya.co.jp/,LP advance,食品
湖池屋プライドポテト,https://koikeya-pridepotato.jp/,LP advance,食品
ドンタコス（湖池屋）,https://dontacos.koikeya.co.jp/,LP advance,食品
東海環境株式会社,https://tkg-sanpai.com/,LP advance,BtoB
#ラブなポッキー,https://cp.pocky.jp/2026-heart/,LP advance,食品
曽田香料植物研究所,https://soda-garden.studio.site/,LP advance,BtoB
武蔵野銀行アプリ,https://www.musashinobank.co.jp/lp/bank_app/,LP advance,金融
FABRIC TOKYO,https://fabric-tokyo.com/lp/tokyo_suit-jersey,LP advance,EC
社会福祉法人北叡会,https://hokueikai.or.jp/,ストックデザイン（オルトベース）,福祉
Therapist Infinity,https://infinity-therapist.com/,ストックデザイン（オルトベース）,医療
弁護士法人三角総合法律事務所,https://misumi-law.com/,ストックデザイン（オルトベース）,士業
早川総合法律事務所,https://hayakawa-lawoffice.com/,ストックデザイン（オルトベース）,士業
六本松MI歯科,https://6mi-dental.com/,ストックデザイン（オルトベース）,医療
Agu. hair salon 採用サイト,https://agu-hair.com/recruit_/,ストックデザイン（オルトベース）,採用
アルファテックス株式会社,https://www.alfa-teccs.co.jp/,ストックデザイン（オルトベース）,BtoB
株式会社咲楽（もしやど）,https://moshiyado.com/,ストックデザイン（オルトベース）,観光
ROBOT PAYMENT 採用サイト,https://www.robotpayment.co.jp/recruit/,ストックデザイン（オルトベース）,採用
一般社団法人ツナグ,https://tsunagu-shadan.com/strength/,ストックデザイン（オルトベース）,福祉
社会福祉法人舟伏,https://www.funabuse.or.jp/,ストックデザイン（オルトベース）,福祉
桑原記念病院,https://www.all-souai.or.jp/kinen/10_pci/index.html,ストックデザイン（オルトベース）,医療
湯浅建設株式会社,https://www.yuasakensetsu.com/,ストックデザイン（オルトベース）,建設
マルイシ税理士法人,https://maruishi-tax.jp/,ストックデザイン（オルトベース）,士業
株式会社双葉金属,https://www.futabam.co.jp/,ストックデザイン（オルトベース）,BtoB
ジェイエムシー株式会社,https://www.jmc-ltd.co.jp/,ストックデザイン（オルトベース）,BtoB
株式会社TVer 採用サイト,https://recruit.tver.co.jp/,ストックデザイン（オルトベース）,採用
マイクロ波化学株式会社,https://mwcc.jp/,ストックデザイン（オルトベース）,BtoB
ゆとりび家計簿,https://yutoribi.com/,Web Design Clip [L],金融
未来の商業施設ラボ（ジェイアール東日本企画）,https://www.jeki.co.jp/field/mirai_lab/,Web Design Clip [L],BtoB
佐賀市へ #連れ帰省,https://atarimae-kanko.com/tsurekisei/,Web Design Clip [L],観光
原宿可愛夜市 KAWAII夜市 vol.1,https://kawaii-yoichi.com/,Web Design Clip [L],イベント
ULTIMUNE with LISA（資生堂）,https://brand.shiseido.co.jp/ultimune-promotion26-lisa.html,Web Design Clip [L],ブランド
生・チー（湖池屋）,https://nama-chee.koikeya.co.jp/,Web Design Clip [L],食品
SUNGLASSES COLLECTION 2026（眼鏡市場）,https://www.meganeichiba.jp/lp/sunglasses/,Web Design Clip [L],小売
劇場版 魔法少女まどか☆マギカ〈ワルプルギスの廻天〉,https://www.madoka-magica.com/wr/,Web Design Clip [L],エンタメ
Trend 3D,https://trend-3d.com/lp/,Web Design Clip [L],BtoB
選び取りカード,https://das.dragon-cs.com/erabitori/,Web Design Clip [L],EC
THE SOCK CODE（Tabio MEN）,https://tabio.com/jp/the_sock_code/,Web Design Clip [L],ブランド
会社四季報 90周年,https://str.toyokeizai.net/-/shikiho90th/,Web Design Clip [L],メディア
オルファカッター ツクルト,https://tsukuruto.olfa.co.jp/,Web Design Clip [L],ブランド
BEAMS 50th,https://www.beams.co.jp/special/50th/,Web Design Clip [L],ブランド
カルピス特撰バター ファンサイト,https://calpis-butter.jp/,Web Design Clip [L],食品
Work with Art（ミュージアムタワー京橋）,https://work-with-art.museumtower-kyobashi.com/,baqemono.inc,文化
LEVEL ZERO,https://levelzero.co.jp/,baqemono.inc,コーポレート
Vlag yokohama,https://vlag.yokohama/,baqemono.inc,不動産
NEWFOLK,https://newfolk.jp/,baqemono.inc,ブライダル
FEDL,https://fedl.jp/,baqemono.inc,建築
風工学研究所,https://www.wei.co.jp/,baqemono.inc,BtoB
＋C（中央大学）,https://plus-c.chuo-u.ac.jp/,baqemono.inc,教育
Crisp Salad Works,https://crisp.co.jp/,baqemono.inc,飲食
佐久間徹設計事務所,https://sakumastudio.com/,baqemono.inc,建築
地域共創メディア Lumiarch（NTT東日本）,https://lumiarch.ntt-east.co.jp/,Webグランプリ 第13回受賞,BtoB
岩崎電気株式会社 企業サイト,https://www.iwasaki.co.jp/,Webグランプリ 第13回受賞,BtoB
世界のお題にまさかの新発想（日本ガイシ）,https://www.ngk.co.jp/yamasakishigeru/,Webグランプリ 第13回受賞,BtoB
クルマづくりマイスター（三菱自動車工業）,https://www.mitsubishi-motors.com/jp/sustainability/contribution/people/kids/index.html,Webグランプリ 第13回受賞,教育
Shupatto ブランドサイト（マーナ）,https://www.shupatto.com/,Webグランプリ 第13回受賞,ブランド
グリーンパーク山東,https://greenpark-santo.com/,Webグランプリ 第13回受賞,観光
百様図（大丸松坂屋百貨店）,https://www.daimaru-matsuzakaya.com/vi/,Webグランプリ 第13回受賞,小売
GOOD FOODS World（ニッスイ）,https://www.nissui.co.jp/goodfoods_world/index.html,Webグランプリ 第13回受賞,食品
集英社 2026年度 採用サイト,https://www.shueisha.co.jp/2026saiyo/,Webグランプリ 第13回受賞,採用
竹中庭園緑化 コーポレートサイト,https://www.takenaka-teienryokka.com/,Webグランプリ 第13回受賞,BtoB
日清食品グループ コーポレートサイト nissin.com,https://www.nissin.com/jp/,Webグランプリ 第13回受賞,コーポレート
中外製薬 創業100周年サイト,https://www.chugai-pharm.co.jp/100th/,Webグランプリ 第13回受賞,医療
天然食堂かふぅ,https://cafuu-shokudou.com/,SANKOU!,飲食
デザインスタジオ・エル,https://designstudio-l.jp/,SANKOU!,コーポレート
はちとワルツ,https://hachi-to-waltz.com/,SANKOU!,飲食
yosuga akiu,https://yosuga-akiu.jp/,SANKOU!,ブランド
山仁薬品株式会社,https://yamani-g.co.jp/,SANKOU!,BtoB
やまうちの鶏,https://yamauchinotori.jp/,SANKOU!,飲食
ほとりで（暮らしと学びの実験フィールド）,https://hotoride.com/,SANKOU!,教育
FIGARO,https://www.figaro-vis.jp/,SANKOU!,ブランド
SOURAの集い by 星野リゾート,https://www.blestoncourt.com/wedding/soura_tsudoi/,SANKOU!,ブランド
J-CAT株式会社,https://j-cat.co.jp/,SANKOU!,教育
サン・ワード株式会社 採用サイト,https://recruit.s-word.co.jp/,SANKOU!,採用
株式会社サンベルクス 採用サイト,https://recruit.sunbelx.com/,SANKOU!,採用
株式会社プラポート,https://www.plaport.co.jp/,SANKOU!,BtoB
有限会社わらしべ（たいやき）,https://taiyaki-warashibe.com/,Web Design Clip [S],飲食
サカタインクス 採用サイト,https://www.inx.co.jp/recruit/,Web Design Clip [S],採用
みのわ動物病院,https://minowa-ah.com/,Web Design Clip [S],医療
株式会社木の花ホーム 大工採用サイト,https://www.recruit.konohanahome.com/carpenter/,Web Design Clip [S],採用
小野正利 OFFICIAL SITE,https://www.onomasatoshi.com/,Web Design Clip [S],ブランド
PLAY-PARE（プレイペア／DOD）,https://www.dod.camp/special/playpare/,Web Design Clip [S],ブランド
性格10タイプシンダン（LINE占い）,https://fortune.line.me/uchoooz/seikaku10/,Web Design Clip [S],ブランド
ちゅらデータ 新卒採用,https://newgrads.churadata.okinawa/,Web Design Clip [S],採用
株式会社オートセールス龍,https://www.ryuinc.com/,Web Design Clip [S],コーポレート
ONIGIRI GYM（おにぎりジム）,https://onigiri-gym.net/,Web Design Clip [S],フィットネス
Our Closets（UNITED ARROWS）,https://store.united-arrows.co.jp/s/all/re/202510/ourclosets/,Web Design Clip [S],EC
怪獣8号 THE GAME ハーフアニバーサリー特設サイト,https://kj8-thegame.com/halfanniversary,Web Design Clip [S],エンタメ
Elujuda（エルジューダ／ミルボン）,https://www.milbon.com/ms/elujuda/,Web Design Clip [S],ブランド
キャラメルコーン55周年（東ハト）,https://www.tohato.jp/cc/55th/,Web Design Clip [S],ブランド
くまくまデニッシュ（ボローニャ）,https://bologne-shopping.com/view/page/kumakuma,Web Design Clip [S],EC
コーヒーシティフェスティバル2025,https://coffee-city-fes.com/,Web Design Clip [S],イベント
ニッケル．エンド．ライオンス株式会社,https://www.nickel.co.jp/,Web Design Clip [S],BtoB
土屋鞄のランドセル depsoa,https://tsuchiya-randoseru.jp/collections/depsoa,Web Design Clip [S],EC
LIVE STOCK – KAWASAKI MUSIC JOURNEY,https://live-stock-kawasaki.com/,Web Design Clip [S],イベント
ジグノシステムジャパン 年賀サイト2026,https://lab.gigno.co.jp/,Web Design Clip [S],コーポレート
菊水酒造,https://www.kikusui-sake.com/home/jp/,Web Design Clip [S],ブランド
阪神防音株式会社,https://www.hanshinbouon.com/,Web Design Clip [S],BtoB
株式会社デパート 10周年記念サイト,https://depart-inc.com/10th-anniversary/,URAGAWA,コーポレート
Xfolio（BookLive）,https://xfolio.jp/,URAGAWA,ブランド
東京都北区 環境ポータルサイト,https://www.kankyoportal.city.kita.lg.jp/,URAGAWA,自治体
JNCエンジニアリング株式会社,https://jnc-eng.co.jp/,URAGAWA,BtoB
文喫 BUNKITSU TOKYO,https://tokyo.bunkitsu.jp/,URAGAWA,ブランド
リバティジャパン バーチャルフラッグシップストア,https://www.liberty-japan.co.jp/specialcontent/,URAGAWA,ブランド
田島太雄 ポートフォリオサイト,https://taotajima.jp/,URAGAWA,ブランド
三菱自動車 週末探検家,https://www.mitsubishi-motors.co.jp/special/weekend-explorer/unkai/,URAGAWA,ブランド
シチズン LIGHT is TIME,https://citizen.jp/lightistime/index.html,URAGAWA,ブランド
株式会社ブラビス・インターナショナル,https://www.bravis.com/,URAGAWA,コーポレート
JFX株式会社 スキャルピングLP,https://www.jfx.co.jp/landing/scalping/,URAGAWA,金融
株式会社TriOrb（トライオーブ）,https://triorb.co.jp/,Brilliant Design Collect,BtoB
白十字のワッフル,https://special.hakujuji-g.co.jp/waffle/,Brilliant Design Collect,飲食
villa itsutsu（五島）,https://villa-itsutsu.cafeworks.com/,Brilliant Design Collect,宿泊
株式会社ホムンクルス,https://homunculus.jp/,Brilliant Design Collect,コーポレート
PLAZA 60周年記念サイト,https://www.plazastyle.com/contents/plaza_60th/,Brilliant Design Collect,ブランド
側島製罐120周年記念サイト「Open the can!」,https://sobajima.jp/120th-anniversary/,Brilliant Design Collect,BtoB
横浜銀行 IT・デジタル人財向け採用サイト,https://redesign.boy.co.jp/,Brilliant Design Collect,採用
シンカ株式会社,https://shinka-inc.com/,Brilliant Design Collect,BtoB
株式会社獅子,https://shishi-w.com/,Brilliant Design Collect,コーポレート
株式会社Omusubi,https://omusubi-design.com/,Brilliant Design Collect,コーポレート
DECARBOOK,https://decarbook.jp/,Brilliant Design Collect,BtoB
扇屋（那須）,https://www.nasu-ougiya.com/,Brilliant Design Collect,飲食
ardi（アルディ）,https://ardi.jp/,Brilliant Design Collect,ブランド
syuz'gen,https://syuzgen.com/,Brilliant Design Collect,コーポレート
内藤・大塚法律事務所,https://naito-otsuka.com/,Brilliant Design Collect,士業
Dots. by GEEK PICTURES,https://dots-geek.com/,Brilliant Design Collect,コーポレート
LAND（札幌）,https://landsapporo.jp/,Brilliant Design Collect,コーポレート
アーティゾン美術館 エットレ・ソットサス展,https://www.artizon.museum/exhibition_sp/sottsass2026/,Brilliant Design Collect,文化施設
王将フードサービス 採用サイト,https://recruit.ohsho.co.jp/,Brilliant Design Collect,採用
fluence,https://fluence.co.jp/,Brilliant Design Collect,コーポレート
とかちフルーツビレッジ,https://tokachi-fruits.jp/,Brilliant Design Collect,飲食
doda PRESENTS パ・リーグ球団 仕事図鑑2026,https://dodasports.doda.jp/shigotozukan/2026/,Brilliant Design Collect,採用
住友金属鉱山 絶滅危惧野菜を救え,https://endangeredveggies.smm.co.jp/,Brilliant Design Collect,BtoB
株式会社Will Style,https://willstyle.co.jp/,Brilliant Design Collect,コーポレート
さくら少額短期保険株式会社,https://www.sakura-ssi.co.jp/,matome（LeadGrid）,金融
デンソー（DENSO）,https://www.denso.com/jp/ja/,matome（LeadGrid）,BtoB
株式会社クーシー,https://coosy.co.jp/,matome（LeadGrid）,コーポレート
BuySell Technologies 採用サイト,https://recruit.buysell-technologies.com/,matome（LeadGrid）,採用
MARUI UNITE,https://marui-unite.co.jp/,matome（LeadGrid）,コーポレート
合同会社エムケアーズ,https://mcares.co.jp/,matome（LeadGrid）,医療
東名通信工業株式会社,https://www.tomei.co.jp/,matome（LeadGrid）,BtoB
セコムトラストシステムズ株式会社,https://www.secomtrust.net/,matome（LeadGrid）,BtoB
株式会社マテック,https://www.ma-tech.co.jp/,matome（LeadGrid）,BtoB
マルヨシ自動車株式会社,https://maruyoshi-car.com/,matome（LeadGrid）,コーポレート
株式会社DNPデジタルソリューションズ,https://www.dnp-ds.co.jp/,matome（LeadGrid）,BtoB
株式会社大興技研,https://www.daikogiken.com/,matome（LeadGrid）,BtoB
司法書士 林和宏事務所,https://www.hayashi-jimusho.info/,ウェブコレ（aifer）,士業
はぎわら司法書士法人,https://hagiwara-shihoushoshi.com/,ウェブコレ（aifer）,士業
拓実リーガル司法書士法人,https://t-legal.net/,ウェブコレ（aifer）,士業
中央ライズアクロスグループ,https://riseacross.com/,ウェブコレ（aifer）,士業
司法書士事務所 THE LEGAL,https://the-legal.jp/,ウェブコレ（aifer）,士業
花結び司法書士事務所,https://www.office-hanamusubi.jp/,ウェブコレ（aifer）,士業
ひなた探偵社,https://www.hinata-tanteisya.com/,ウェブコレ（aifer）,サービス
太陽探偵社,https://taiyo-tantei.com/,ウェブコレ（aifer）,サービス
総合探偵社 ガルエージェンシー京都,https://www.kyoto-galu.com/,ウェブコレ（aifer）,サービス
嵯峨法律事務所,https://www.lawsaga.com/,ウェブコレ（aifer）,士業
木下綜合法律事務所,https://kinoshitalaw.com/,ウェブコレ（aifer）,士業
弁護士法人東京スタートアップ法律事務所,https://tokyo-startup-law.or.jp/,ウェブコレ（aifer）,士業
アディーレ法律事務所 札幌支店,https://sapporo.adire.jp/,ウェブコレ（aifer）,士業
札幌パシフィック法律事務所,https://sp-lo.com/,ウェブコレ（aifer）,士業
なとわ動物病院,http://www.natowa.com/,ウェブコレ（aifer）,医療
健康家族 伝統にんにく卵黄 極,https://www.kenkoukazoku.co.jp/,ランディングページ集めました。,EC
鶴見駅前Z歯科・矯正歯科,https://zdental.jp/,ランディングページ集めました。,医療
ソノクリニック,https://www.sono-clinic21.com/,ランディングページ集めました。,医療
Mods Clinic,https://mods-clinic.info/,ランディングページ集めました。,医療
もりかわ歯科,https://morikawa-kyousei.com/,ランディングページ集めました。,医療
バイオメンズクリニック,https://biomens.clinic/,ランディングページ集めました。,医療
新藤亜工業,https://shintoakogyo.co.jp/,ランディングページ集めました。,BtoB
ミリム青汁,https://milim.co.jp/,ランディングページ集めました。,EC
カゴメ健康直送便,https://shop.kagome.co.jp/,ランディングページ集めました。,EC
アロエ本舗,https://shop.aloehonpo.co.jp/,ランディングページ集めました。,EC
BASE FOOD（ベースフード）,https://shop.basefood.co.jp/,ランディングページ集めました。,EC
白鳥ウェルファーマ,https://shiratori-wellpharma.co.jp/,ランディングページ集めました。,EC
Vitabrid（ビタブリッド）,https://vitabrid.co.jp/,ランディングページ集めました。,EC
Ibiza Beauty,https://ibizabeauty.net/,ランディングページ集めました。,EC
Earth Care,https://shop.earthcare.co.jp/,ランディングページ集めました。,EC
プロアクティブ（Proactiv）,https://proactiv.jp/,ランディングページ集めました。,EC
ファンケル（FANCL）,https://www.fancl.co.jp/,ランディングページ集めました。,EC
エーザイ直販,https://shop.eisai.jp/,ランディングページ集めました。,EC
大正製薬ダイレクト,https://www.taisho-direct.jp/,ランディングページ集めました。,EC
雪印メグミルクダイレクト,https://www.shop-yukimeg.jp/,ランディングページ集めました。,EC
BELTA（ベルタ）,https://belta-shop.jp/,ランディングページ集めました。,EC
アリナミン製薬ダイレクト,https://alinamin-direct.jp/,ランディングページ集めました。,EC
医療法人石橋医院,https://www.ishibashi-med.com/,MOGUMOGU DESIGN MUSEUM,医療
児童発達支援所 河戸みんなのおうち,https://koudo-minna.com/,MOGUMOGU DESIGN MUSEUM,教育
TRAIL INC.,https://trail-inc.jp/,MOGUMOGU DESIGN MUSEUM,コーポレート
かりや駅やまかわ内科,https://kariya-yamakawa.com/,MOGUMOGU DESIGN MUSEUM,医療
シーサイドホテル舞子ビラ神戸,https://maikovilla.co.jp/,MOGUMOGU DESIGN MUSEUM,宿泊
淡路じゃのひれアウトドアリゾート,https://janohire.co.jp/,MOGUMOGU DESIGN MUSEUM,レジャー
横浜ゆうみらい小児歯科・矯正歯科,https://yuumirai.com/,MOGUMOGU DESIGN MUSEUM,医療
ペンタゴンフィットネスクラブ,https://club-pentagon.studio.site/,MOGUMOGU DESIGN MUSEUM,フィットネス
馬路村森林組合,https://umaji-shinrin.com/,MOGUMOGU DESIGN MUSEUM,BtoB
中島クリニック,https://www.nakajima-clinic.com/,MOGUMOGU DESIGN MUSEUM,医療
メンズ脱毛・肌管理サロン レグルスゼロ,https://reguluszero.jp/,MOGUMOGU DESIGN MUSEUM,美容
リストーナ,https://restorna.jp/,MOGUMOGU DESIGN MUSEUM,美容
げんきの家在宅クリニック,https://genki-zaitaku.jp/,MOGUMOGU DESIGN MUSEUM,医療
岡田内科,https://clinic-kmhg.jp/,MOGUMOGU DESIGN MUSEUM,医療
Vectr,https://vectrfl.com/,Utsubo,ブランド
Ivress,https://brand.ivress.co.jp/,Utsubo,ブランド
大阪・関西万博 Waves of Connection,https://expo-2025.utsubo.com/,Utsubo,イベント
Utsubo（ウツボ）,https://www.utsubo.com/,Utsubo,コーポレート
Konpi,https://konpi.com/,Utsubo,ブランド
Hadaka,https://hadaka.jp/,Utsubo,ブランド
Sougen,https://sougen.co/,Utsubo,ブランド
ニッカウヰスキー公式サイト,https://www.nikka.com/,第13回Webグランプリ,ブランド
野村不動産株式会社,https://www.nomura-re.co.jp/,第13回Webグランプリ,不動産
日本ハム 日ハム式 たんぱく質未来マップ,https://www.nipponham.co.jp/tanpaku-mirai/,第13回Webグランプリ,ブランド
畿央大学 ビジネスデータサイエンス学部,https://www.kio.ac.jp/bds/,LPアーカイブ（学校・塾）,教育
北星学園大学 hokusei2027,https://www.hokusei.ac.jp/hokusei2027/,LPアーカイブ（学校・塾）,教育
札幌デジタル＆どうぶつ・医療・観光専門学校,https://sapporo-digital.com/digital_lp/,LPアーカイブ（学校・塾）,教育
はまキッズ（非認知能力）,https://www.hamakids.jp/hininchi/,LPアーカイブ（学校・塾）,教育
帝京平成大学 OPEN CAMPUS 2026,https://www.thu.ac.jp/lp/teikyo_lp/,LPアーカイブ（学校・塾）,教育
ステラオンライン家庭教師,https://various-topics.info/,LPアーカイブ（学校・塾）,教育
瓜連認定こども園,https://urizurakodomoen.net/,ちょうどいいWebデザインギャラリー,教育
千里金蘭大学 オープンキャンパス,https://www.kinran.ac.jp/cheer/opencampus/,ちょうどいいWebデザインギャラリー,教育
神戸女学院大学 英文学科,https://e.kobe-c.ac.jp/,ちょうどいいWebデザインギャラリー,教育
学習院大学 受験生サイト,https://gakushuin-admissions.jp/,ちょうどいいWebデザインギャラリー,教育
神戸女学院大学 音楽学部,https://m.kobe-c.ac.jp/,ちょうどいいWebデザインギャラリー,教育
東京理科大学 みらいミッケ,https://www.tus.ac.jp/miraimikke/,ちょうどいいWebデザインギャラリー,教育
認定NPO法人キッズドア,https://en.kidsdoor.net/,フライング・ハイ・ワークス,教育
早稲田大学 実証政治経済学拠点,https://www.waseda.jp/eape/,フライング・ハイ・ワークス,教育
かがやく学び舎（野口株式会社）,http://www.k-manabiya.co.jp/,フライング・ハイ・ワークス,教育
FutureCraft（アソビズム）,https://www.futurecraft.jp/,フライング・ハイ・ワークス,教育
認定NPO法人3keys,https://3keys.jp/,フライング・ハイ・ワークス,教育
ギフト株式会社,https://gift-smile.com/,フライング・ハイ・ワークス,教育
栄美通信 適性検査,https://www.eibi-navi.com/tekisei/,フライング・ハイ・ワークス,教育
BLEA学園グループ,http://blea.jp/,フライング・ハイ・ワークス,教育
CLEA LA,http://clea-la.com/,フライング・ハイ・ワークス,教育
東北大学 INSC,http://www.insc.tohoku.ac.jp/,フライング・ハイ・ワークス,教育
東京大学大学院 コアトゥコア,http://coretocore.ioc.u-tokyo.ac.jp/,フライング・ハイ・ワークス,教育
ProgLab（子ども向けロボットプログラミング教室）,https://www.proglab.education/,SANKOU!｜スクール・習い事・教材,教育
学藝の森CoE,https://gakugeinomori-coe.com/,SANKOU!｜スクール・習い事・教材,教育
CREATIVE CLASS,https://creative-class.site/,SANKOU!｜スクール・習い事・教材,教育
DAIKUHARA Kintsugi & Antique,https://daikuhara.jp/,SANKOU!｜スクール・習い事・教材,教育
UM English Lab.,https://um-english-lab.com/,SANKOU!｜スクール・習い事・教材,教育
Lifense（出水自動車教習所）,https://lifense.jp/,SANKOU!｜スクール・習い事・教材,教育
すがもりピアノ教室,https://yokospiano.com/,SANKOU!｜スクール・習い事・教材,教育
BONELESS DANCE SCHOOL,https://boneless-dance-school.jp/,SANKOU!｜スクール・習い事・教材,教育
信州おとのわプロジェクト,https://shinshu-otonowa.studio.site/,SANKOU!｜スクール・習い事・教材,教育
MY genius,https://mygenius.jp/,SANKOU!｜スクール・習い事・教材,教育
モノコトLab.,https://monokoto-lab.jp/,SANKOU!｜スクール・習い事・教材,教育
Neurodiversity School in Tokyo（NSIT）,https://nsit.tokyo/,SANKOU!｜スクール・習い事・教材,教育
Kiracu,https://kiracu.co.jp/,SANKOU!｜スクール・習い事・教材,教育
NOT DESIGN SCHOOL,https://notdesignschool.jp/,SANKOU!｜スクール・習い事・教材,教育
スペイン留学.jp,https://spainryugaku.jp/,SANKOU!｜スクール・習い事・教材,教育
アーク ペーパードライバースクール,https://arc-pds.com/,SANKOU!｜スクール・習い事・教材,教育
ゆう声楽教室,https://uvocalmusic.studio.site/,SANKOU!｜スクール・習い事・教材,教育
グラスコート佐賀テニススクール,https://gcs-tc-school.com/,SANKOU!｜スクール・習い事・教材,教育
月の輪自動車教習所,https://www.tsukinowa.co.jp/,SANKOU!｜スクール・習い事・教材,教育
H.P. Music School,https://school.hpmusic.jp/,SANKOU!｜スクール・習い事・教材,教育
MeRISE英会話,https://eikaiwa.merise.asia/,SANKOU!｜スクール・習い事・教材,教育
THE NORTH FACE KIDS NATURE SCHOOL,https://kids-ns.goldwin.co.jp/,SANKOU!｜スクール・習い事・教材,教育
イラスト・漫画教室 egaco,https://comic.smiles55.jp/,SANKOU!｜スクール・習い事・教材,教育
キッズ珠算会,https://kids-shuzankai.com/,SANKOU!｜スクール・習い事・教材,教育
3.14 ジュニアエリート,https://314je.com/,SANKOU!｜スクール・習い事・教材,教育
デザインハーネス,https://design-harness.com/,Responsive Web Design JP,コーポレート
ジーピーコーポレーション,https://gpcorp.jp/,Responsive Web Design JP,コーポレート
古川製作所,https://furu1940.co.jp/,Responsive Web Design JP,BtoB
ADKスタートアップブーストスタジオ,https://adk-sbs.jp/,Responsive Web Design JP,BtoB
OOHARA DENSEN EXTENSION CORD,https://ooharadensen.shop/,Responsive Web Design JP,EC
グリーングロース,https://greengrowth.co.jp/,Responsive Web Design JP,BtoB
URBANEX LIVING SHIFT,https://ogud.co.jp/urbanex/shift/,Responsive Web Design JP,不動産
Fukuoka Growth Next,https://growth-next.com/,Responsive Web Design JP,BtoB
QO 採用サイト｜突破Q,https://qo-recruit.com/,Responsive Web Design JP,採用
原口沙輔,https://sasukeharaguchi.com/,Responsive Web Design JP,ブランド
王子ホールディングス GLOBAL BRAND BOOK,https://www.ojiholdings.co.jp/group/brandbook/,Responsive Web Design JP,ブランド
ダブダブダブ,https://wwwzz.jp/,Responsive Web Design JP,コーポレート
東京学芸大学 edumotto,https://edumotto.u-gakugei.ac.jp/,URAGAWA｜教育・学校,教育
ひろがり保育プロジェクト（聖和学園）,https://seiwagakuen.ed.jp/hhp/,URAGAWA｜教育・学校,教育
ONE CAREER ACADEMY,https://academy.onecareer.jp/,URAGAWA｜教育・学校,教育
PLAY! PARK ERIC CARLE,https://playec.jp/,URAGAWA｜教育・学校,教育
京都学・歴彩館,https://rekisaikan.jp/,URAGAWA｜教育・学校,教育
Benesse（よく生きる）,https://www.benesse.co.jp/brand/,URAGAWA｜教育・学校,教育
ジコリカイプログラム,https://jikorikai.com/,URAGAWA｜教育・学校,教育
大阪芸術大学 音楽学科 音楽・音響デザインコース,https://oua.osaka-geidai.ac.jp/geidai/special_feature/m_musicology/,URAGAWA｜教育・学校,教育
ジャクエツ,https://www.jakuets.co.jp/,URAGAWA｜教育・学校,教育
構造計画研究所,https://www.kke.co.jp/,URAGAWA｜教育・学校,BtoB
Zendesk 日本,https://www.zendesk.co.jp/,sps collection,BtoB
スギノマシン 採用サイト,https://www.sugino.com/recruit/,sps collection,採用
敷島住宅 採用サイト,https://www.shikishima-j.co.jp/recruit/,sps collection,採用
積水ハウス 新卒採用情報,https://www.saiyo-sekisuihouse.jp/,sps collection,採用
leco paint,https://leco-paint.jp/,sps collection,BtoB
ユタカプラス,https://yutakaplus.jp/,sps collection,コーポレート
ヨドセイ 高校生向けリクルートサイト,https://yodosei.co.jp/recruit_fresh/,sps collection,採用
やざわ虎クリニック,https://yazawa-tora-clinic.com/,sps collection,医療
六華こども園,https://www.rokka-kodomoen.jp/,sps collection,教育
ニッコー公式オンラインショップ,https://www.nikko-tabletop.jp/,sps collection,EC
長野県信用保証協会,https://www.nagano-cgc.or.jp/,sps collection,BtoB
銀座 木村屋總本店,https://www.kimuraya-sohonten.co.jp/,sps collection,飲食
環境計測株式会社,https://www.kankyou-keisoku.co.jp/,sps collection,BtoB
JRおでかけネット,https://www.jr-odekake.net/,sps collection,コーポレート
ITXコミュニケーションズ,https://www.itx-com.co.jp/,sps collection,BtoB
富士交易,https://www.fuji-koeki.co.jp/,sps collection,BtoB
FANCL,https://www.fancl.jp/,sps collection,EC
渋谷区公式サイト,https://www.city.shibuya.tokyo.jp/,sps collection,コーポレート
アスクル 企業サイト,https://www.askul.co.jp/corp/,sps collection,コーポレート
WOOD SPACE,https://wood-space.co.jp/,sps collection,BtoB
宅配クリーニング TSUMUGU,https://tsumugu-cleaning.com/,sps collection,EC
ミライト・ワン 新卒採用サイト,https://rect.mirait-one.com/,sps collection,採用
Snow Peak,https://www.snowpeak.co.jp/,Choicely,ブランド
野村パスポート,http://nomurapassport.com/,Choicely,コーポレート
日吉ガリレオ動物病院,https://www.galileo.vet/,Choicely,医療
URBAN TUBE,https://www.urban-tube.com/,Choicely,不動産
Peach 採用サイト,https://recruit.flypeach.com/,Choicely,採用
すし遊膳錬聖,http://rensei-sushi.com/,Choicely,飲食
笹塚ボウル,http://sasazukabowl.com/,Choicely,ブランド
TAMAKI HOME,https://www.tamaki-home.co.jp/,Choicely,不動産
小島国際法律事務所,https://www.kojimalaw.jp/,Choicely,BtoB
も、の保育園,https://monohoiku.jp/,Choicely,教育
版画工房アーティー,https://artie.co.jp/,Choicely,ブランド
薫玉堂,https://www.kungyokudo.co.jp/,Choicely,EC
京都ミュージアム検索,https://kyoto-museums.city.kyoto.lg.jp/,AAA11Y,コーポレート
第一ライフグループ,https://www.daiichilife-group.com/,AAA11Y,コーポレート
世界遺産 北海道・北東北の縄文遺跡群,https://jomon-japan.jp/,AAA11Y,コーポレート
東京都社会福祉事業団,https://tokyo-swc.org/,AAA11Y,医療
山根電業,https://www.yamaned.jp/,AAA11Y,BtoB
桜美林大学,https://www.obirin.ac.jp,AAA11Y,教育
ギフティ 採用サイト,https://careers.giftee.co.jp/,AAA11Y,採用
株式会社ポケモン,https://corporate.pokemon.co.jp/,AAA11Y,コーポレート
グッドパッチ 採用サイト,https://careers.goodpatch.com/,AAA11Y,採用
三菱HCキャピタル,https://www.mitsubishi-hc-capital.com/,AAA11Y,BtoB
SmartHR,https://smarthr.jp/,AAA11Y,BtoB
千葉県福祉援護会,https://engokai.or.jp,AAA11Y,医療
PDCAの学校,https://pdca-school.jp/,AAA11Y,教育
しあわせの村,https://shiawasenomura.org/,AAA11Y,コーポレート
うるま市,https://www.city.uruma.lg.jp/,AAA11Y,コーポレート
水戸芸術館,https://www.arttowermito.or.jp/,AAA11Y,ブランド
セキスイハイム,https://www.sekisuiheim.com/,AAA11Y,不動産
バンダイナムコビジネスアーク,https://www.bandainamco-ba.co.jp/,AAA11Y,コーポレート
日本大学,https://www.nihon-u.ac.jp/,AAA11Y,教育
CHILL GREEN 特設サイト（濵田酒造）,https://www.hamadasyuzou.co.jp/chillgreen_brand/,Modulesss…,ブランド
ミラブルシリーズ（サイエンス）,https://i-feel-science.com/mirable/lp/,Modulesss…,EC
株式会社MIRAI,https://mi-rai.co.jp/,Modulesss…,BtoB
湘南鎌倉総合病院 病院事務職 採用サイト,https://officework.skgh.jp/,Modulesss…,医療
RE：MATERIAL（リ・マテリアル）,https://re-material.com/,Modulesss…,BtoB
愛媛レジスト,https://e-regist.com/,Modulesss…,BtoB
デジタルガレージ 採用情報,https://recruit.garage.co.jp/,Modulesss…,採用
デジタルガレージ,https://www.garage.co.jp/,Modulesss…,コーポレート
xenoBrain（ゼノブレイン）,https://service.xenobrain.jp/,Modulesss…,BtoB
PRONI 採用サイト,https://careers.proni.co.jp/,Modulesss…,採用
PRONI株式会社,https://www.proni.co.jp/,Modulesss…,コーポレート
U.S Inc. ブランディングLP,https://us-branding.studio.site/lp/bx_1,Modulesss…,BtoB
株式会社TERASS,https://terass.com/,Modulesss…,不動産
fincode byGMO,https://www.fincode.jp/,Modulesss…,BtoB
株式会社Soichiro,https://soichiro.co.jp/,Modulesss…,BtoB
東京藝術大学 大学院映像研究科 メディア映像専攻,https://newmedia.geidai.ac.jp/,イケサイ｜教育・学校,教育
摂南大学,https://www.setsunan.ac.jp/,イケサイ｜教育・学校,教育
島根大学入学準備サイト（島根大学生協）,https://shimadai-coop.jp/,イケサイ｜教育・学校,教育
星槎大学（通信制大学）,https://seisa.ac.jp/,イケサイ｜教育・学校,教育
名古屋たちばな高等学校 マーチングバンド部,https://nth-marchingband.studio.site/,イケサイ｜教育・学校,教育
桃山学院大学,https://www.andrew.ac.jp/,イケサイ｜教育・学校,教育
EMU音,https://mmusicstudio.com/,イケサイ｜教育・学校,教育
七色高等学院,https://7-kou.jp/,イケサイ｜教育・学校,教育
県立広島大学 生命環境学科 環境科学コース,https://e-science.pu-hiroshima.ac.jp/,イケサイ｜教育・学校,教育
情報科学芸術大学院大学［IAMAS］,https://www.iamas.ac.jp/,イケサイ｜教育・学校,教育
日本大学 理工学部 建築学科,https://www.arch.cst.nihon-u.ac.jp/,イケサイ｜教育・学校,教育
神戸・甲陽音楽&ダンス専門学校,https://www.music.ac.jp/dance/,イケサイ｜教育・学校,教育
信州大学農学部 受験生向けサイト パカパーン！,https://www.shinshu-u.ac.jp/faculty/agriculture/pakapaan/,イケサイ｜教育・学校,教育
リニエシューレ,https://schule.linie-group.jp/,イケサイ｜教育・学校,教育
麻布大学 DEI推進センター AZABU DEI,https://dei.azabu-u.ac.jp/,イケサイ｜教育・学校,教育
秋田県立大学 広報誌 ROOTS 04,https://www.akita-pu.ac.jp/about/pamp/ROOTS04,大学広報メディアアワード2025,教育
高知県立大学 広報誌,https://www.u-kochi.ac.jp/book/list/book292.html,大学広報メディアアワード2025,教育
長崎大学 広報誌,https://www.nagasaki-u.ac.jp/ja/guidance/kouhou/publicity/086.html,大学広報メディアアワード2025,教育
北見工業大学 ブランドサイト,https://www.kitami-it.ac.jp/brand/,大学広報メディアアワード2025,教育
大阪大学 DIALOGUE,https://dialogue.osaka-u.ac.jp/,大学広報メディアアワード2025,教育
関西学院大学 Mastery for Service,https://mfs.kwansei.ac.jp/,大学広報メディアアワード2025,教育
VATES,https://vates.standout.jp/,Awwwards｜Japan,ブランド
大塚エアー ゼロズ ブランドサイト,https://otsuka-air.jp/,Awwwards｜Japan,ブランド
Hiroto Sato,https://www.hirotos.com,Awwwards｜Japan,ブランド
TAPER.DESIGN,https://taper.design/,Awwwards｜Japan,BtoB
TO PORTFOLIO,https://to-portfolio.com/,Awwwards｜Japan,ブランド
東海理化アドバンスト 採用サイト,https://www.tr-advanced.co.jp/regular/,Awwwards｜Japan,採用
Galaxy of Structures（daiki-design）,https://daiki-design.com/,Awwwards｜Japan,ブランド
Tomoya Okada Portfolio,https://tomoyaokada.com/,Awwwards｜Japan,ブランド
PLANETOOOTE : Digital Obsession,https://planetooote.tote.co.jp/,Awwwards｜Japan,ブランド
JUNKBRANDING,https://www.junkbranding.com/,Awwwards｜Japan,BtoB
Penguin Capital Inc.,https://www.penguin-capital.co.jp,Awwwards｜Japan,BtoB
LIVEUP inc.,https://live-up.co.jp/,Awwwards｜Japan,コーポレート
KEI inc.,https://kei-inc.jp/,Awwwards｜Japan,コーポレート
Kenichi Aikawa,https://aikawakenichi.com/,Awwwards｜Japan,ブランド
FUNTECH BRAND IDENTITY,https://ci.funtech.inc/en,Awwwards｜Japan,ブランド
TAMAKI YOSHIDA PORTFOLIO,https://www.tamakiyoshida.com/,Awwwards｜Japan,ブランド
sakazuki,https://sakazuki.io/,Awwwards｜Japan,BtoB
nirnor inc.,https://nirnor.jp/,Awwwards｜Japan,コーポレート
SANSO 採用サイト,https://recruit.sanso-gifu.jp/,Awwwards｜Japan,採用
mathi Inc.,https://mathi.jp,Awwwards｜Japan,BtoB
FontVibe,https://fontvibe.ai/,Awwwards｜Japan,BtoB
Yuta Abe Portfolio,https://yutaabe.com/,Awwwards｜Japan,ブランド
ZettaJoule,https://zetta-joule.com/,Awwwards｜Japan,BtoB
sen knife by Takahashikusu,https://sen-knife.com/2.0/,Awwwards｜Japan,EC
国立大学協会,https://www.janu.jp/,SANKOU!｜学校・教育カテゴリ,教育
宇都宮メディア・アーツ専門学校 オープンキャンパス,https://oc.media-arts.ac.jp/,SANKOU!｜学校・教育カテゴリ,教育
中村国際ホテル専門学校,https://hotel.nakamura-s.ac.jp/,SANKOU!｜学校・教育カテゴリ,教育
神戸電子専門学校 絵師・ボカロP特設サイト,https://www.kobe-tech.ac.jp/illust/,SANKOU!｜学校・教育カテゴリ,教育
頌栄短期大学,https://www.glory-shoei.ac.jp/,SANKOU!｜学校・教育カテゴリ,教育
伊與木研究室（東京大学）,https://iyokilab.k.u-tokyo.ac.jp/,SANKOU!｜学校・教育カテゴリ,教育
京都大学 臨床統計家育成コース,https://www.cbc.med.kyoto-u.ac.jp/,SANKOU!｜学校・教育カテゴリ,教育
福岡デザイン&テクノロジー専門学校,https://www.fca.ac.jp/,SANKOU!｜学校・教育カテゴリ,教育
Harmonies with KUMON（公文）,https://harmonies.kumon.ne.jp/,SANKOU!｜学校・教育カテゴリ,教育
ISA Discovery Island,https://www.isa.co.jp/lp/discovery-island.html,Web Design Clip [L]｜学校・資格・教育のLP,教育
YOSSクラウドサービス,https://yoss.kodomomiraishakai.org/,Web Design Clip [L]｜学校・資格・教育のLP,教育
西日本工業大学 情報マネジメント学科,https://www3.nishitech.ac.jp/info-mgmt/,Web Design Clip [L]｜学校・資格・教育のLP,教育
麻布個人指導会,https://www.azabu-k.co.jp/lp/landing_basic/,Web Design Clip [L]｜学校・資格・教育のLP,教育
東京理科大学 創域理工学部 先端物理学科,https://www.rs.tus.ac.jp/ph/index.html,Web Design Clip [L]｜学校・資格・教育のLP,教育
大阪電気通信大学 OPEN CAMPUS,https://www.osakac.ac.jp/admission/opencampus/,Web Design Clip [L]｜学校・資格・教育のLP,教育
京都洛英進学ゼミナール,https://rakuei.co.jp/,Web Design Clip [L]｜学校・資格・教育のLP,教育
SyUni Academy YouTube動画クリエイターコース,https://yt-school.syuni.jp/,Web Design Clip [L]｜学校・資格・教育のLP,教育
スティームスタジオ（STEAM教育&プログラミング）,https://steam-studio.net/,Web Design Clip [L]｜学校・資格・教育のLP,教育
山梨学院大学 セキララにしゃべらナイト,https://www.ygu.ac.jp/admission/lp/sekirara/,Web Design Clip [L]｜学校・資格・教育のLP,教育
ワシントン外語学院,https://www.wil.co.jp/,Web Design Clip [L]｜学校・資格・教育のLP,教育
iPadmate kids（iPadmate studio）,https://ipadmate-studio.com/tokyo/kids/,Web Design Clip [L]｜学校・資格・教育のLP,教育
Tama Design High School（多摩美術大学 TUB）,https://tub.tamabi.ac.jp/tdu/,Web Design Clip [L]｜学校・資格・教育のLP,教育
テコムの個別指導｜TECOM,https://www.m3e.jp/igaku/lp/tutor/,Web Design Clip [L]｜学校・資格・教育のLP,教育
しまねチャイムス（しまねの先生 仕事紹介）,https://www.shimane-kyoinsaiyo.com/chimes/,Web Design Clip [L]｜学校・資格・教育のLP,採用
セルズアカデミー 社労士受験オンライン講座,https://cells-academy.com/,Web Design Clip [L]｜学校・資格・教育のLP,教育
阪南大学 学園祭「緑松祭2023」,https://hannandaigakusai.com/,Web Design Clip [L]｜学校・資格・教育のLP,教育
リトルプラネット,https://litpla.com/,Choicely｜学校・教育（業界）,教育
千葉県立下総高等学校,http://www.shimofusa-high-school.com/,Choicely｜学校・教育（業界）,教育
愛宕幼稚園,http://atago-kdg.com/,Choicely｜学校・教育（業界）,教育
東進 SEKAI,http://toshin-sekai.com/,Choicely｜学校・教育（業界）,教育
神戸女学院大学,https://www.kobe-c.ac.jp/,Choicely｜学校・教育（業界）,教育
トヨタ神戸自動車大学校,https://www.toyota-kobe.ac.jp/,Choicely｜学校・教育（業界）,教育
横浜市立大学,http://www.yokohama-cu.ac.jp/,Choicely｜学校・教育（業界）,教育
東京農業大学,http://www.nodai.ac.jp/,Choicely｜学校・教育（業界）,教育
國學院大學,https://www.kokugakuin.ac.jp/,Choicely｜学校・教育（業界）,教育
転職の王様,https://tenshoku-ousama.jp/,Choicely｜学校・教育（業界）,採用
タニカのあまざけ,https://tanica.jp/amazake/,SANKOU!（LPカテゴリ）,飲食
大塚製薬 エクエル,https://www.otsuka-plus1.com/shop/formlp/equelle_lp_top.aspx,SANKOU!（LPカテゴリ）,医療
PIXEL × PIXEL 2026,https://pixelpixel.jp/,SANKOU!（LPカテゴリ）,ブランド
RETOUCH nu WAVE,https://re-touch-lp.tokyo/wave-hair-wax,SANKOU!（LPカテゴリ）,ブランド
旬の駅 生産者募集,https://farmer.syunnoeki.com/,SANKOU!（LPカテゴリ）,BtoB
大和ハウス The Residence Designs,https://www.daiwahouse.co.jp/jutaku/visit/residence/,SANKOU!（LPカテゴリ）,不動産
Yoom,https://lp.yoom.fun/,SANKOU!（LPカテゴリ）,BtoB
STUDIO Business,https://studio.design/ja/business,SANKOU!（LPカテゴリ）,BtoB
SANU 2nd Home Weekday,https://sa-nu.com/weekday,SANKOU!（LPカテゴリ）,不動産
Chromateach（日昭電気制御）,https://nisshodenkiseigyo.com/chromateach/,SANKOU!（LPカテゴリ）,BtoB
BOTANIST フレグランス,https://botanistofficial.com/special/limited/,SANKOU!（LPカテゴリ）,ブランド
資生堂 肌グミ,https://www.shiseido.co.jp/hadagumi/,SANKOU!（LPカテゴリ）,ブランド
プライムマップ（タビヌキ）,https://lp.tabinuki.com/,SANKOU!（LPカテゴリ）,BtoB
ゴンチャ いちご杏仁,https://campaign.gongcha.co.jp/ichigoannin-2025/,SANKOU!（LPカテゴリ）,飲食
TAIYOKIKAKU NEW CREATOR'S VOICE 2026,https://www.taiyokikaku.com/newcreators2026/,Web Design Garden,採用
Mined&Mind Kanayama,https://minedandmind-kanayama.com/,Web Design Garden,ブランド
大松工業株式会社,https://daimatsu.cc/,Web Design Garden,BtoB
ひとりごこち Inc.,https://hitorigocochi.com/,Web Design Garden,コーポレート
道路工業株式会社,https://www.dorokogyo.co.jp/,Web Design Garden,BtoB
株式会社インサイト 採用サイト,https://www.ppi.jp/recruiting/,Web Design Garden,採用
べすとほうむEP,https://besthome-ep.com/,Web Design Garden,不動産
"halfwaytheir, Inc.",https://halfwaytheir.com/,Web Design Garden,コーポレート
MOS株式会社 採用サイト,https://recruit.mosc.co.jp/,Web Design Garden,採用
三洋化成工業株式会社,https://www.sanyo-chemical.co.jp/company/discovery,Web Design Garden,BtoB
株式会社クボタ Water Knowledge Park,https://water-knowledge-park.kubota.co.jp/,Web Design Garden,BtoB
うみべのいえプロジェクト,https://umibeno-ie.com/,Web Design Garden,不動産
世田谷観光協会,https://www.kanko-setagaya.jp/,Web Design Garden,ブランド
アミタ（おしえて！アミタさん）,https://www.amita-oshiete.jp/,Web Design Garden,BtoB
明星学苑 採用サイト,https://recruit.meisei.ac.jp/,Web Design Garden,採用
株式会社三光製作所 採用サイト,https://e-sankoh.jp/recruit/,Web Design Garden,採用
YO KAN KA,https://yokanka.com/,Web Design Garden,ブランド
ほたるグループ（岐阜福祉）,https://fukushi.gifu.jp/,Web Design Garden,医療
イロコト 採用サイト,https://irokoto.co.jp/recruit/,Web Design Garden,採用
CELFORD,https://celford.com/,Mag Collection,EC
BAYCREW'S,https://baycrews.jp/,Mag Collection,EC
土屋鞄製造所,https://tsuchiya-kaban.jp/,Mag Collection,EC
Onitsuka Tiger,https://www.onitsukatiger.com/,Mag Collection,ブランド
KEEN Footwear Japan,https://www.keenfootwear.jp/,Mag Collection,EC
THE NORTH FACE（ゴールドウイン）,https://www.goldwin.co.jp/,Mag Collection,ブランド
niko and...,https://www.dot-st.com/nikoand/,Mag Collection,EC
emmi,https://emmi.jp/,Mag Collection,EC
MIX.Tokyo マガジン,https://magazine.mix.tokyo/,Mag Collection,EC
23区（オンワード・クローゼット）,https://crosset.onward.co.jp/,Mag Collection,EC
nano・universe オンラインストア,https://store.nanouniverse.jp/,Mag Collection,EC
GRACE CONTINENTAL,https://gracecontinental.jp/,Mag Collection,EC
URBAN RESEARCH,https://www.urban-research.jp/,Mag Collection,EC
SHIPS,https://www.shipsltd.co.jp/,Mag Collection,EC
Garden Eight,https://garden-eight.com/,Awwwards｜Most Awarded Profiles - Japan,コーポレート
SHIFTBRAIN,https://www.shiftbrain.com/,Awwwards｜Most Awarded Profiles - Japan,コーポレート
baqemono.inc.,https://baqemono.jp/,Awwwards｜Most Awarded Profiles - Japan,コーポレート
Den,https://den.cool/,Awwwards｜Most Awarded Profiles - Japan,コーポレート
ingraft Inc.,https://ingraft.jp/,Awwwards｜Most Awarded Profiles - Japan,コーポレート
Super Crowds inc.,https://supercrowds.co/,Awwwards｜Most Awarded Profiles - Japan,コーポレート
reynato.tokyo,https://reynato.co.jp/,Awwwards｜Most Awarded Profiles - Japan,コーポレート
Laugh Mind,https://laugh-mind.co.jp/,Awwwards｜Most Awarded Profiles - Japan,コーポレート
Warp Japan,https://warpjapan.com/,Awwwards｜Most Awarded Profiles - Japan,コーポレート
tote,https://tote.design/,Awwwards｜Most Awarded Profiles - Japan,コーポレート
OVERA,https://overa.jp/,Awwwards｜Most Awarded Profiles - Japan,コーポレート
HAKUHODO I-STUDIO Inc.,https://www.i-studio.co.jp/,Awwwards｜Most Awarded Profiles - Japan,コーポレート
GROUND,https://ground-tokyo.jp/,Awwwards｜Most Awarded Profiles - Japan,コーポレート
Konel,https://konel.jp/,Awwwards｜Most Awarded Profiles - Japan,コーポレート
Cell Interactive,https://cellinteractive.jp/,Awwwards｜Most Awarded Profiles - Japan,コーポレート
FunTech Inc.,https://funtech.inc/,Awwwards｜Most Awarded Profiles - Japan,コーポレート
"Leapy, Inc.",https://leapy.jp/,Awwwards｜Most Awarded Profiles - Japan,コーポレート
YANE Tateyama,https://yane-tateyama.jp/,I/O 3000,コーポレート
Creative City Yamagata,https://ccymgt.jp/,I/O 3000,ブランド
ほとり座,https://hotori.jp/,I/O 3000,ブランド
Hamee株式会社,https://hamee.co.jp/,I/O 3000,BtoB
Oita Essentials,https://oita-essentials.com/,I/O 3000,ブランド
ただ、そこ,https://tadasoko.misakikume.com/,I/O 3000,ブランド
JAL 企業サイト,https://www.jal.com/ja-jp/,I/O 3000,コーポレート
社会福祉法人 ライフの学校,https://gakkou.life/,I/O 3000,医療
JA岩手県信連,https://www.jaiwate.or.jp/jabank/shinren,I/O 3000,コーポレート
沖縄ユーシーシーコーヒー株式会社,https://www.okinawa-ucc.co.jp/,I/O 3000,飲食
大和物流株式会社 採用サイト,https://www.daiwabutsuryu.co.jp/recruit/,I/O 3000,採用
健康管理ラボ by ヤクルト本社,https://www.yakult.co.jp/shirota/,I/O 3000,医療
Real SmartHR リアスマ,https://real.smarthr.co.jp/,I/O 3000,BtoB
ツバルスタジオ,https://tuvalu.jp/,1GUU,コーポレート
IMAYO（今与）,https://imayo.co.jp/,1GUU,コーポレート
Osaka Travel Tips（JR東海）,https://global.jr-central.co.jp/en/onlinebooking/contents/hello_osaka/,1GUU,ブランド
博報堂 採用サイト（HAKUHODO RECRUITMENT）,https://hakusuku.jp/recruit/,1GUU,採用
草加煎餅 大馬屋,https://onmaya.co.jp/,1GUU,飲食
株式会社ギークリー,https://corp.geekly.co.jp/,1GUU,BtoB
株式会社丹青社 採用サイト,https://www.tanseisha.co.jp/recruit/potential/,1GUU,採用
株式会社 土と風,https://tsuchitokaze.co.jp/,1GUU,コーポレート
弁天｜KIMINO KIMONO,https://kimono-benntenn.com/,1GUU,EC
spicato 10th anniversary,https://spicato.com/10th/,1GUU,ブランド
NSSG,https://nssg.jp/,デザインのこと,コーポレート
イチゼンブックス,https://ichizenbooks.jp/,デザインのこと,EC
北のはしベーカリー,https://kitanohashi.com/,デザインのこと,飲食
ピーチ & ピーチミルク フラペチーノ｜スターバックス コーヒー,https://www.starbucks.co.jp/cafe/peach2026/,デザインのこと,飲食
TAKAMI GROUP 採用サイト,https://recruit.takami-hd.com/,デザインのこと,採用
moln,https://moln.com/,デザインのこと,ブランド
映画『FUJIKO』,https://fujiko-movie.com/,デザインのこと,ブランド
Shed Inc.,https://www.shed.co.jp/,デザインのこと,コーポレート
GARDEN,https://garden-clothing.com/,デザインのこと,EC
tashi Illustration & Design Portfolio,https://tashi.design/,デザインのこと,ブランド
MeUMU,https://meumu.jp/,デザインのこと,ブランド
Photoire,https://photoire.attdesign.site/,デザインのこと,ブランド
poporpop,https://poporpop.com/,デザインのこと,ブランド
TAMAワンダー,https://tamawonder.tokyo/,デザインのこと,ブランド
奥野瑛太 オフィシャルサイト,https://eitaokuno.jp/,デザインのこと,ブランド
VIBY（バイビー）,https://viby-official.com/,デザインのこと,ブランド
ブライダルヘア&メイク Feel,https://www.bridal-feel.com/,デザインのこと,ブライダル
tanukie,https://tanukie.jp/,デザインのこと,ブランド
華氏マイナス320°｜NODA・MAP 第28回公演,https://www.nodamap.com/kashi/,デザインのこと,ブランド
FC.vinculo／ヴィンクーロ,http://fc-vinculo.info/,デザインのこと,ブランド
大阪書林御文庫講,https://obunko.org/,デザインのこと,ブランド
niko and … BASE,https://www.nikoand.jp/base/,デザインのこと,ブランド
GOSH,https://gosh.tokyo/,デザインのこと,ブランド
Nikon Z50II スペシャルコンテンツ 本気であそぼう。,https://nij.nikon.com/cms/sp/z50_2/,デザインのこと,ブランド
graf,https://www.graf-d3.com/,デザインのこと,ブランド
株式会社MMsun,https://mmsun.jp/,デザインのこと,コーポレート
よる学校,https://yorugakkou.com/,Web Design Garden（子供向け教育機関）,教育
こどもウェルネスジム UGOKKO（うごっこ）,https://ugokko.jp/,Web Design Garden（子供向け教育機関）,教育
Apple Base「子ども第三の居場所」,https://applebase.org/daisan,Web Design Garden（子供向け教育機関）,教育
GLOBAL TREE／グローバルツリー,https://global-tree.jp/,Web Design Garden（子供向け教育機関）,教育
あすかのサマバケ,https://samabake-asuka.com/,Web Design Garden（子供向け教育機関）,教育
SOU GROUP,https://sou-group.jp/,Web Design Garden（子供向け教育機関）,教育
まなサポDB,https://db.manasapo-kyokyo.com/,Web Design Garden（子供向け教育機関）,教育
＆あんふぁん（小学館グループ こどもりびんぐ）,https://enfant.media/,Web Design Garden（子供向け教育機関）,教育
KOINE（神戸六甲のアートスクール）,https://koine.jp/,Web Design Garden（子供向け教育機関）,教育
ソラストグループのこども事業,https://kodomo.solasto-hoiku.com/,Web Design Garden（子供向け教育機関）,教育
We are Buddies,https://wearebuddies.net/,Web Design Garden（子供向け教育機関）,教育
はたらく部,https://hatarakubu.jp/,Web Design Garden（子供向け教育機関）,教育
わかば保育園,https://wakabacare-hoikuen.com/,Web Design Garden（子供向け教育機関）,教育
P.P.CORPORATION,https://ppc-wonder.com/,Web Design Garden（子供向け教育機関）,教育
math connect｜東京書籍,https://mathconnect.tokyo-shoseki.co.jp/,Web Design Garden（子供向け教育機関）,教育
おひさまテラス（千葉県旭市の多世代交流施設）,https://ohisama-terrace.jp/,Web Design Garden（子供向け教育機関）,教育
ヘラルボニーアートパーク（阪急百貨店）,https://website.hankyu-dept.co.jp/honten/h/heralbony/,Web Design Garden（LP）,ブランド
MISSION VISION VALUE｜ポーターズ株式会社,https://www.porters.jp/mvv/,Web Design Garden（LP）,BtoB
violet（ビヲレ）,https://violetpatisserie2014.com/,Web Design Garden（LP）,飲食
ICHI HAIR SALON,https://ichi-hairsalon.com/,Web Design Garden（LP）,美容
cocone×カタユキコ コラボキャンペーン,https://cocone-katayukiko-collab.com/,Web Design Garden（LP）,ブランド
奈良のウェディング前撮り SHY,https://shy.souvenir-nara.com/,Web Design Garden（LP）,ブライダル
MEGAMIS（ライオン）,https://megamis.lion.co.jp/,Web Design Garden（LP）,ブランド
MOS SOUND SELECTION（モスバーガー）,https://www.mos.jp/oc/mossoundselection/,Web Design Garden（LP）,飲食
スタジオあかり,https://studioakari.jp/,Web Design Garden（LP）,ブランド
花譜 深愛特設サイト,https://kaf.kamitsubaki.jp/transcendent-love/,Web Design Garden（LP）,ブランド
ザ・パークハウス芦屋川西町,https://www.mecsumai.com/tph-ashiya-kawanishicho/,不動産デザインギャラリー,不動産
ジオ御所北寺町通,https://geo.8984.jp/kyoto/teramachi/,不動産デザインギャラリー,不動産
アルファステイツ一条,https://www.anabuki-style.com/ichijo/index.php,不動産デザインギャラリー,不動産
ピアース上野毛レジデンス,https://www.morimoto-real.co.jp/shinchiku/pa-kaminoge/index.html,不動産デザインギャラリー,不動産
コンフォルシア西府,http://regras.co.jp/nishifu/,不動産デザインギャラリー,不動産
プレシス本厚木セントル,https://www.presis.com/presis/app/webroot/kanagawa/honatsugi2/,不動産デザインギャラリー,不動産
リビオ下北沢,https://nskre.jp/shimokitazawa/,不動産デザインギャラリー,不動産
グレンドール新宿牛込柳町,https://tamahome-shinjuku.com/,不動産デザインギャラリー,不動産
パークホームズ東中野,https://www.31sumai.com/mfr/X1908/,不動産デザインギャラリー,不動産
デュオステージ川崎,https://www.nisshinfudosan.co.jp/kawasaki/,不動産デザインギャラリー,不動産
ブランズシティ湘南台,https://sumai.tokyu-land.co.jp/branz/bc-shonandai/,不動産デザインギャラリー,不動産
パレ・ド・ルピナス南千住Ⅱ,http://www.p-minamisenju.com/,不動産デザインギャラリー,不動産
グランドメゾン白金高輪パークフロント,https://www.sekisuihouse.co.jp/gm/tyo/shirokanetakanawa/,不動産デザインギャラリー,不動産
レーベン鶴瀬Ⅱプロジェクト,https://www.leben-style.jp/search/lbn-tsuruse2/,不動産デザインギャラリー,不動産
サンクレイドル谷塚ステーションウィズ,https://sc-yatsuka.jp/,不動産デザインギャラリー,不動産
プラウド水戸三の丸,https://www.proud-web.jp/mansion/e116060/,不動産デザインギャラリー,不動産
クリオ千代田御茶ノ水,https://www.meiwajisyo.co.jp/clio/872_Ochanomizu/,不動産デザインギャラリー,不動産
サンクレイドル聖蹟桜ヶ丘レジデンス,https://sc-seisekisakuragaoka.jp/,不動産デザインギャラリー,不動産
シティテラス湘南平塚,https://www.sumitomo-rd-mansion.jp/shuto/hiratsuka/,不動産デザインギャラリー,不動産
CANAL GATE CITY プロジェクト,https://www.sgr-sumai.jp/mansion/r-yawatajuku219/,不動産デザインギャラリー,不動産
土佐女子中学高等学校,https://www.tosajoshi-jh.ed.jp/,株式会社コーディア 制作実績,教育
獨協埼玉中学高等学校,https://www.dokkyo-saitama.ed.jp/,株式会社コーディア 制作実績,教育
聖セシリア女子中学校・高等学校,https://www.cecilia.ac.jp/,株式会社コーディア 制作実績,教育
逗子開成中学高等学校,https://www.zushi-kaisei.ac.jp/,株式会社コーディア 制作実績,教育
桐朋中学校・桐朋高等学校,https://www.toho.ed.jp/,株式会社コーディア 制作実績,教育
フェリシア高等学校,https://www.felicia.ed.jp/,株式会社コーディア 制作実績,教育
大妻中野中学校・高等学校,http://www.otsumanakano.ac.jp/,株式会社コーディア 制作実績,教育
ぐんま国際アカデミー,https://www.gka.ed.jp/,株式会社コーディア 制作実績,教育
東京女学館中学校・高等学校,https://tjk.jp/mh/,株式会社コーディア 制作実績,教育
神奈川学園中学・高等学校,https://www.kanagawa-kgs.ac.jp/,株式会社コーディア 制作実績,教育
成城中学高等学校,https://www.seijogakko.ed.jp/,株式会社コーディア 制作実績,教育
豊島岡女子学園中学・高等学校,https://www.toshimagaoka.ed.jp/,株式会社コーディア 制作実績,教育
桜蔭中学校・高等学校,https://www.oin.ed.jp/,株式会社コーディア 制作実績,教育
立教女学院中学校・高等学校,https://hs.rikkyojogakuin.ac.jp/,株式会社コーディア 制作実績,教育
吉祥女子中学・高等学校（サポーターズサイト）,https://www.kichijo-joshi.jp/supporters/,株式会社コーディア 制作実績,教育
高輪中学・高等学校,https://www.takanawa.ed.jp/,株式会社コーディア 制作実績,教育
スパルタ英会話,https://spartan-english.jp/lp/,ランディングページ集めました。（スクール・資格）,教育
町田調理師専門学校,https://www.enomoto.ac.jp/cyouri/lp/,ランディングページ集めました。（スクール・資格）,教育
トライ式医学部予備校,https://www.kobekyo.com/lp/medicine/,ランディングページ集めました。（スクール・資格）,教育
ECCジュニアオンライン 子ども英会話教室,https://eccjr-lp.com/online02/,ランディングページ集めました。（スクール・資格）,教育
東京インターナショナルスクール LTEコース,https://tokyois-kg-as.com/lp/lte/,ランディングページ集めました。（スクール・資格）,教育
OMEGA個別指導,https://omegakobetsu.com/trial/,ランディングページ集めました。（スクール・資格）,教育
KADOKAWAドワンゴ情報工科学院,https://kadokawadwango-it-academy.jp/lp/all/,ランディングページ集めました。（スクール・資格）,教育
ヨミサマ。（国語特化オンライン個別指導）,https://yomisama.overfocus.co.jp/campaign07/,ランディングページ集めました。（スクール・資格）,教育
栄光ゼミナール 春期講習,https://www.eikoh.co.jp/spring_s/,ランディングページ集めました。（スクール・資格）,教育
飛翔会（名門小学校受験教室）,https://kubotanouken-juken.com/,ランディングページ集めました。（スクール・資格）,教育
こども英会話イーオンキッズ（AEON KIDS）,https://www.aeonet.co.jp/kids/lp/2025/spring_cp/,ランディングページ集めました。（スクール・資格）,教育
FLAGSHIP（365日管理する個別指導塾）,https://www.fgsp.jp/lp01/,ランディングページ集めました。（スクール・資格）,教育
Qast,https://qast.jp/,partsdesign.net,BtoB
株式会社アレグロマジック,https://all.jp/,partsdesign.net,コーポレート
ovice（オヴィス）,https://www.ovice.com/ja,partsdesign.net,BtoB
株式会社マインズ,https://mines-group.co.jp/,partsdesign.net,コーポレート
theLetter,https://theletter.jp/,partsdesign.net,メディア
スゴスギ,https://sugosugi.jp/,partsdesign.net,ブランド
mafin（マフィン）,https://mafin.gift/,partsdesign.net,EC
ダイクレ興産株式会社,https://daikure-kousan.co.jp/,partsdesign.net,コーポレート
ノーベル製菓株式会社,https://www.nobel.co.jp/,partsdesign.net,ブランド
Diggle（ディグル）,https://diggle.jp/,partsdesign.net,BtoB
OCL AI,https://ocl-ai.jp/,partsdesign.net,BtoB
OKI（沖電気工業）,https://www.oki.com/global/ja/,partsdesign.net,コーポレート
Otolio（スマート書記）,https://www.smartshoki.com/,partsdesign.net,BtoB
セゾン投信,https://www.saison-am.co.jp/,partsdesign.net,BtoB
Avatar Maker（Vket）,https://avatarmaker.vket.com/,partsdesign.net p2,サービス
クラプロ,https://www.cra-pro.jp/,partsdesign.net p2,BtoB
しごとの窓口+,https://shigoto-madoguchi.com/,partsdesign.net p2,採用
株式会社ケーズホールディングス,https://www.ksdenki.co.jp/,partsdesign.net p2,コーポレート
learningBOX（ラーニングボックス）,https://learningbox.online/,partsdesign.net p2,教育
クレライフ,https://kurelife.jp/,partsdesign.net p2,ブランド
Liny（リニー）,https://line-sm.com/,partsdesign.net p2,BtoB
ソロトリマガジン,https://magazine.solotori.jp/,partsdesign.net p2,メディア
かどや製油,https://www.kadoya.com/,partsdesign.net p2,ブランド
YOOR（ユア）,https://yoor.jp/,partsdesign.net p2,サービス
Zキャリア AI面接官,https://ai-interview.zcareer.com/,partsdesign.net p2,採用
HERP Trust（ハープトラスト）,https://www.herptrust.cloud/,partsdesign.net p2,BtoB
レジュメイト,https://resume-mate.jp/,partsdesign.net p2,採用
mcframe X,https://mcx.mcframe.com/,partsdesign.net p2,BtoB
ビザスク,https://visasq.co.jp/,partsdesign.net p2,BtoB
山田幼稚園,https://www.yamada-youchien.ed.jp/,デザインのこと｜幼稚園・保育園,教育
きになる、こども園,https://kininaru-kodomoen.com/,デザインのこと｜幼稚園・保育園,教育
御濠端幼稚園,https://ohoribata.com/,デザインのこと｜幼稚園・保育園,教育
上之郷こども園,https://kaminogou-kodomoen.jp/,デザインのこと｜幼稚園・保育園,教育
たかみ幼稚園,http://takami-kids.com/,デザインのこと｜幼稚園・保育園,教育
山手こひつじ保育園,http://www.kohitsuji-hoikuen.com/,デザインのこと｜幼稚園・保育園,教育
ひより保育園,https://hiyorihoikuen.com/,デザインのこと｜幼稚園・保育園,教育
ウェルビューいずみ こども園,http://www.izumi.akita.jp/child,デザインのこと｜幼稚園・保育園,教育
小浜こども園,http://obama-kodomoen.jp/,デザインのこと｜幼稚園・保育園,教育
教学寺幼稚園,http://kyougakuji-kids.com/,デザインのこと｜幼稚園・保育園,教育
高木学園附属幼稚園,https://takagi-kids.ed.jp/,デザインのこと｜幼稚園・保育園,教育
カヌレ堂,https://canele.jp/,Japan Web Design Gallery,飲食
本巣ヱ,https://motosue.co.jp/,Japan Web Design Gallery,飲食
弁才天,https://ec.benzaiten-daifuku.jp/,Japan Web Design Gallery,EC
おひさま脳神経外科・歯科,https://ohisama-ikasika.com/,Japan Web Design Gallery,医療
医療法人琢生会 阪神バースクリニック,https://hbcl.jp/,Japan Web Design Gallery,医療
ちひろ菓子店,https://chihirosweets.myshopify.com/,Japan Web Design Gallery,EC
ポーたま,https://porktamago.com/,Japan Web Design Gallery,飲食
佐々木紙工株式会社,https://sasaki-shiko.co.jp/,Japan Web Design Gallery,BtoB
江ノ島電鉄株式会社,https://www.enoden.co.jp/,Japan Web Design Gallery,コーポレート
プランテクノ,https://plan-techno.jp/,Japan Web Design Gallery,BtoB
なぐら動物病院,https://www.nagura-ah.com/,Japan Web Design Gallery,医療
新潟カツ丼 タレカツ,https://www.tarekatsu.jp/,Japan Web Design Gallery,飲食
BLUEDGE,https://www.bluedge.co.jp/,Japan Web Design Gallery,コーポレート
麻布野菜菓子,https://azabuyasaigashi.com/,Japan Web Design Gallery,EC
株式会社はらぺこ,https://www.hara-peko.co.jp/,Japan Web Design Gallery p2,飲食
ANDO HOTEL,https://andohotelnara.com/,Japan Web Design Gallery p2,観光
WEEKEND HOUSE,https://weekendhouse.jp/,Japan Web Design Gallery p2,不動産
ICHIKŌ ICHIE,https://ichikoichie.jp/,Japan Web Design Gallery p2,飲食
KOYO BASE,https://koyobase.com/,Japan Web Design Gallery p2,飲食
喫茶 竹の熊,https://takenokuma.jp/,Japan Web Design Gallery p2,飲食
JAPAN RAMEN FOOD HALL,https://japanramenfoodhall.com/,Japan Web Design Gallery p2,飲食
Kアリーナ横浜,https://k-arena.com/,Japan Web Design Gallery p2,ブランド
株式会社世田谷サービス公社,https://www.setagaya.co.jp/,Japan Web Design Gallery p2,コーポレート
五島つばき蒸溜所,https://gotogin.jp/,Japan Web Design Gallery p2,EC
伊良コーラ,https://iyoshicola.com/,Japan Web Design Gallery p2,EC
TARO TOKYO ONIGIRI,https://www.tarotokyo.jp/,Japan Web Design Gallery p2,飲食
篠栗珈琲焙煎所,https://www.ssgrroastery.com/,Japan Web Design Gallery p2,飲食
Doughnuts and Coffee DUMBO,https://www.dumbodc.com/,Japan Web Design Gallery p2,飲食
5歳児健診ポータル,https://gosaiji-kenshin.com/,MUUUUU.ORG 教育サービス,医療
金澤工務店,https://kanazawa-c.co.jp/,MUUUUU.ORG 日本語サイト,不動産
Rollbahn 25th Anniversary,https://rollbahn.jp/25th/,MUUUUU.ORG 日本語サイト,ブランド
株式会社カオナビ 採用サイト,https://recruit.kaonavi.jp/,MUUUUU.ORG 日本語サイト,採用
株式会社黒鳥社,https://blkswn.tokyo/,MUUUUU.ORG 日本語サイト,メディア
博報堂,https://www.hakuhodo.co.jp/,MUUUUU.ORG 日本語サイト,コーポレート
DAN BRISE（Barber）,https://www.danbrise-barber.com/,MUUUUU.ORG 日本語サイト,店舗
URBAN HOME,https://urbanhome-tt.com/,MUUUUU.ORG 日本語サイト,不動産
もみじ幼稚園（本郷学園）,https://www.hongo.ed.jp/momiji-kg/,株式会社コーディア 制作実績,教育
シンガポール日本人学校,https://www.sjs.edu.sg/,株式会社コーディア 制作実績,教育
三幸学園 キッズ大陸,https://www.kidstairiku.jp/,株式会社コーディア 制作実績,教育
認定こども園 相模女子大学幼稚部,https://www.sagami-wu.ac.jp/youchibu/,株式会社コーディア 制作実績,教育
SAPIX English,https://sapix-english.com/,株式会社コーディア 制作実績,教育
十文字女子大附属幼稚園,https://youchien.jumonji-u.ac.jp/,株式会社コーディア 制作実績,教育
ミニマックス,https://www.minimax-int.com/,株式会社コーディア 制作実績,教育
BL-Kids（ベネッセビースタジオ）,https://blkids.benesse-bestudio.co.jp/,株式会社コーディア 制作実績,教育
立教女学院小学校,https://es.rikkyojogakuin.ac.jp/,株式会社コーディア 制作実績,教育
キリン,https://www.kirin.co.jp,Bannnner.com（バナー掲載ブランド／URLは社名から補完）,ブランド
Square,https://squareup.com/jp,Bannnner.com（バナー掲載ブランド／URLは社名から補完）,BtoB
中日ドラゴンズ,https://www.chunichi-dragons.jp,Bannnner.com（バナー掲載ブランド／URLは社名から補完）,ブランド
スマイルゼミ,https://smile-zemi.jp,Bannnner.com（バナー掲載ブランド／URLは社名から補完）,教育
NTTドコモ,https://www.nttdocomo.co.jp,Bannnner.com（バナー掲載ブランド／URLは社名から補完）,コーポレート
ソニー,https://www.sony.jp,Bannnner.com（バナー掲載ブランド／URLは社名から補完）,ブランド
アドビ,https://www.adobe.com/jp,Bannnner.com（バナー掲載ブランド／URLは社名から補完）,BtoB
宝くじ,https://www.takarakuji.or.jp,Bannnner.com（バナー掲載ブランド／URLは社名から補完）,ブランド
リーバイス,https://www.levi.com/JP,Bannnner.com（バナー掲載ブランド／URLは社名から補完）,EC
講談社,https://www.kodansha.co.jp,Bannnner.com（バナー掲載ブランド／URLは社名から補完）,メディア
MdN,https://www.mdn.co.jp,Bannnner.com（バナー掲載ブランド／URLは社名から補完）,メディア
シック（Schick）,https://www.schick.jp,Bannnner.com（バナー掲載ブランド／URLは社名から補完）,ブランド
SPUR（ミラベラ）,https://www.spur.jp,Bannnner.com（バナー掲載ブランド／URLは社名から補完）,メディア
しまむら,https://www.shimamura.com,Bannnner.com（バナー掲載ブランド／URLは社名から補完）,EC
ユニバーサル・スタジオ・ジャパン,https://www.usj.co.jp,Bannnner.com（バナー掲載ブランド／URLは社名から補完）,観光
シャープ,https://www.sharp.co.jp,Bannnner.com（バナー掲載ブランド／URLは社名から補完）,コーポレート
ライフリー（ユニ・チャーム）,https://www.unicharm.co.jp,Bannnner.com（バナー掲載ブランド／URLは社名から補完）,ブランド
Uber Eats,https://www.ubereats.com/jp,Bannnner.com（バナー掲載ブランド／URLは社名から補完）,サービス
成蹊大学,https://www.seikei.ac.jp,Bannnner.com（バナー掲載ブランド／URLは社名から補完）,教育
trifa,https://trifa.jp,Bannnner.com（バナー掲載ブランド／URLは社名から補完）,サービス
揖斐川町・地域医療振興協会,https://ibigawa-jadecom.jp/,現代デザイン,医療
二拠点・移住ライフ大学,https://dual-life-iju.com/,現代デザイン,不動産
株式会社エースリー,https://a-thily.co.jp/,現代デザイン,コーポレート
CloudMeets,https://ses.cloudmeets.jp/,現代デザイン,BtoB
アドカラーズ合同会社,https://add-colors.jp/,現代デザイン,コーポレート
プリフル,https://prifull.jp/,現代デザイン,EC
学校法人三星学園,https://www.sansei-gakuen.com/,現代デザイン,教育
わんこ食堂,https://www.wanco-syokudou.com/,現代デザイン,EC
オトワ レストラン,https://otowa-artisan.co.jp/,現代デザイン,飲食
Amazing Day,https://amazing-day.jp/,現代デザイン,ブランド
pâtisserie MARINA,https://patisserie-marina.com/,現代デザイン,飲食
株式会社シンザン,https://shinzan-kumamoto.co.jp/,現代デザイン,コーポレート
幻冬舎,https://www.gentosha.co.jp/,現代デザイン,コーポレート
HAL建築設計,https://hal-co.jp/,現代デザイン,不動産
高浜市やきものの里 かわら美術館・図書館,https://www.takahama-kawara-museum.com/,現代デザイン,文化施設
株式会社翔陽,https://syoyo-al.co.jp/,現代デザイン,BtoB
株式会社Bot Express,https://www.bot-express.com/,現代デザイン,BtoB
コープ サステナブルアクションサイト,https://coop-sustainableaction.jccu.coop/,現代デザイン,ブランド
株式会社 協進エル,https://kyoshin-elle.com/,現代デザイン,BtoB
株式会社セラベア,https://www.cerabea.co.jp/,現代デザイン,コーポレート
マンゴーの森,https://shop.mango-kameya.com/,現代デザイン,EC
株式会社ナカザワ,https://kk-nakazawa.net/,現代デザイン,コーポレート
株式会社バウハウス丸栄,https://www.bauhaus-m.co.jp/,現代デザイン(2p),不動産
鳥貴族 新卒採用サイト,https://www.recruit.torikizoku.co.jp/fresh/,現代デザイン(2p),採用
嵯峨嵐山文華館,https://www.samac.jp/,現代デザイン(2p),文化施設
ひみつ基地ミュージアム,https://132base.jp/,現代デザイン(2p),文化施設
株式会社エヌ・シー・エヌ 採用サイト,https://recruit.ncn-se.co.jp/,現代デザイン(2p),採用
十八楼 離れ 宿いとう,https://yadoito.18rou.com/,現代デザイン(2p),宿泊
さんぷる工房,https://samplekobo.com/,現代デザイン(2p),EC
スプラトゥーン レイダース,https://www.nintendo.com/jp/games/switch2/aadla/,GOOD WEB DESIGN,ブランド
東京舞台芸術祭,https://tokyofestival.jp/,GOOD WEB DESIGN,イベント
株式会社WOSH design,https://wosh.jp/,GOOD WEB DESIGN,コーポレート
MIKIMOTO The Layers of Light,https://mypearls.mikimoto.com/thelayersoflight,GOOD WEB DESIGN,ブランド
KUSUMUSUBI,https://kusumusubi.jp/,GOOD WEB DESIGN,ブランド
西開地 平 オフィシャルWEBサイト,https://lea-lea.site/,GOOD WEB DESIGN,ブランド
BERG ONISHI INC.,https://berg-onishi.co.jp/,GOOD WEB DESIGN,コーポレート
K.INNOVATION inc.,https://k-innovation-inc.com/,GOOD WEB DESIGN,コーポレート
ハイブリッドホーム,https://www.hybridhome.co.jp/,GOOD WEB DESIGN,不動産
Cuelume,https://cuelume-site.pages.dev/,GOOD WEB DESIGN,BtoB
QANDO,https://qando.co.jp/,GOOD WEB DESIGN,コーポレート
林獣医科病院,https://hayashivet.com/,umeboshi,医療
週末シトロン,https://shumatsu-citron.com/,umeboshi,飲食
日光ストロベリーパーク,https://nikkoichigo.com/,umeboshi,レジャー
AOYA CAMPAGNE,https://aoya-c.com/,umeboshi,飲食
美作農園,https://mimaen.co.jp/,umeboshi,EC
ペトコトフーズ,https://foods.petokoto.com/,umeboshi,EC
さいたま・こども矯正歯科,https://www.tabo-shika.com/kodomo/,umeboshi,医療
さいとう製菓,https://saitoseika.co.jp/,umeboshi,飲食
恐竜発掘プリン,https://kyoryu-pudding.com/,umeboshi,EC
東京レモンチェ,https://www.giandino.jp/pages/brand-lemonche,umeboshi,EC
お菓子の三河屋,https://www.okashi-mikawaya.jp/,umeboshi,飲食
かなで〜る,https://kanaderu.co.jp/,umeboshi,福祉
北海道地チーズ博 2024,https://jicheese.com/,umeboshi,イベント
長崎南山手プリン,https://nagasaki-pudding.com/,umeboshi,EC
pielafeur,https://pie-lafeur.com/,umeboshi,飲食
che bontà,https://chebonta-kobe.jp/,umeboshi,飲食
静岡南幼稚園,https://shizumina.com/,umeboshi,教育
トヨタ クルマこどもサイト,https://global.toyota/jp/kids/,umeboshi,ブランド
はせ犬と猫の病院,https://hasewannyan.jp/,umeboshi,医療
熱海ミルチーズ,https://www.atami-milchees.com/,umeboshi,EC
ひなた保育園,https://www.hinata-hoikuen.com/,umeboshi,教育
ユーカリが丘動物病院,https://www.yu-karigaoka-ah.com/,umeboshi,医療
江の島サムエル・コッキング苑,https://enoshima-seacandle.com/,umeboshi,レジャー
京 八坂プリン,https://kyo-yasaka-pudding.co.jp/,umeboshi,EC
かたぎり塾,https://katagirijuku.jp/,umeboshi,教育
二俣川こどもクリニック,https://futamatagawa-kodomo.com/,umeboshi,医療
大名よねくら小児科クリニック,https://daimyo-ped.jp/,umeboshi,医療
HASEKO 2050 Room Tour,https://www.haseko.co.jp/roomtour2050/,BRIK GALLERY,不動産
FUNTECH IN THE AI ERA,https://ai.funtech.inc/,BRIK GALLERY,BtoB
ぶよう整形外科,https://buyo.jp/,BRIK GALLERY,医療
もりおか眼科,https://morioka-ganka.com/,BRIK GALLERY,医療
コクヨ Any way,https://www.kokuyo.com/furniture/brand/anyway/,BRIK GALLERY,ブランド
ユーグレナ SPURT,https://www.euglena.jp/spurt/,BRIK GALLERY,ブランド
東京富士交通 未経験採用サイト,https://fkk-g.co.jp/recruit/beginner/,BRIK GALLERY,採用
COACHTECH,https://coachtech.site/,BRIK GALLERY,教育
UCC BLACK無糖 特設サイト,https://www.ucc.co.jp/coffeecreation/black/,BRIK GALLERY,ブランド
レンタロウ,https://rentaro-kyoto.com/biz,BRIK GALLERY,BtoB
ベタープレイス,https://betterplace.co.jp/,BRIK GALLERY,BtoB
部活にinゼリー（森永製菓）,https://www.morinaga.co.jp/in/know/bukatsu/,BRIK GALLERY,ブランド
大阪府タクシードライバー採用,https://www.osakataxi.or.jp/recruit/character/,BRIK GALLERY,採用
信州で暮らす（移住フェア）,https://fair.furusatokaiki.net/shinsyu-iju-fair2026/,BRIK GALLERY,自治体
オタフク お好みソース,https://www.otafuku.co.jp/product/sp/okonomisauce/renewal/,BRIK GALLERY,ブランド
東京ばな奈カレー,https://www.tokyobanana.jp/products/banana_curry.html,BRIK GALLERY,EC
フラッグシップ,https://flagship.inc/,BRIK GALLERY,コーポレート
株式会社TriOrb 採用サイト,https://recruit.triorb.co.jp/,BRIK GALLERY,採用
八芳園洋菓子店,https://happo-en-patisserie.com/,BRIK GALLERY,飲食
SAKURA DEEPTECH SHIBUYA,https://www.sakuradeeptechshibuya.com/,MUUUUU.ORG キッズ,BtoB
ビートルランド・米原,https://www.beetleland-maibara.com/,MUUUUU.ORG キッズ,レジャー
キニナル（枚方）,https://hirakata-elcl.jp/,MUUUUU.ORG キッズ,教育
天水福祉事業会,https://tensui.or.jp/,MUUUUU.ORG キッズ,福祉
INCLUSIVE CAMP,https://inclusivecamp.com/,MUUUUU.ORG キッズ,教育
株式会社UNBALANCE,https://www.unbalance.co.jp/,MUUUUU.ORG キッズ,コーポレート
uniam（ユニアム）,https://uniam.jp/,MUUUUU.ORG キッズ,ブランド
社会福祉法人 愛和会,https://swc-aiwakai.jp/,MUUUUU.ORG キッズ,福祉
ISURU,https://www.isuru-baby.com/,MUUUUU.ORG キッズ,EC
HugMug,https://hugmug.jp/,MUUUUU.ORG キッズ,メディア
野中製作所（遊具メーカー）,https://www.nonaka-world.co.jp/,MUUUUU.ORG キッズ,BtoB
JPホールディングス 採用サイト,https://jphdgroup-recruit.jp/,MUUUUU.ORG キッズ,採用
サンデシカ,https://www.sandesica.co.jp/,MUUUUU.ORG キッズ,EC
セイバン,https://www.seiban.co.jp/,MUUUUU.ORG キッズ,ブランド
スタジオオレンジ,http://www.s-orange.jp/,MUUUUU.ORG キッズ,ブランド
株式会社LITALICO,http://litalico.co.jp/,MUUUUU.ORG キッズ,福祉
浦和つくし幼稚園 採用サイト,http://urawa-tsukushi.com/recruit/,MUUUUU.ORG キッズ,採用
ZETA DIVISION コラボゲーミングPC,https://www.pc-koubou.jp/pc/game_zeta_division.php,Web Design Clip,EC
株式会社オミカレ,https://omicale.co.jp/,Web Design Clip,コーポレート
