id,site,url,category,image,picked,note
buddies_s01,We are Buddies,https://wearebuddies.net/,表現,buddies_s01.jpg,,
buddies_s03,We are Buddies,https://wearebuddies.net/,表現,buddies_s03.jpg,,
buddies_s04,We are Buddies,https://wearebuddies.net/,表現,buddies_s04.jpg,,
buddies_s05,We are Buddies,https://wearebuddies.net/,表現,buddies_s05.jpg,,
buddies_s07,We are Buddies,https://wearebuddies.net/,表現,buddies_s07.jpg,,
buddies_s08,We are Buddies,https://wearebuddies.net/,表現,buddies_s08.jpg,,
buddies_s10,We are Buddies,https://wearebuddies.net/,表現,buddies_s10.jpg,,
buddies_s11,We are Buddies,https://wearebuddies.net/,表現,buddies_s11.jpg,,
buddies_s12,We are Buddies,https://wearebuddies.net/,表現,buddies_s12.jpg,,
buddies_s13,We are Buddies,https://wearebuddies.net/,表現,buddies_s13.jpg,,
buddies_s14,We are Buddies,https://wearebuddies.net/,表現,buddies_s14.jpg,,
buddies_s15,We are Buddies,https://wearebuddies.net/,表現,buddies_s15.jpg,,
gakugei_s01,学藝の森CoE,https://gakugeinomori-coe.com/,キッズ,gakugei_s01.jpg,,
gakugei_s02,学藝の森CoE,https://gakugeinomori-coe.com/,キッズ,gakugei_s02.jpg,,
gakugei_s03,学藝の森CoE,https://gakugeinomori-coe.com/,キッズ,gakugei_s03.jpg,,
gakugei_s04,学藝の森CoE,https://gakugeinomori-coe.com/,キッズ,gakugei_s04.jpg,,
gakugei_s05,学藝の森CoE,https://gakugeinomori-coe.com/,キッズ,gakugei_s05.jpg,,
gakugei_s07,学藝の森CoE,https://gakugeinomori-coe.com/,キッズ,gakugei_s07.jpg,,
gakugei_s08,学藝の森CoE,https://gakugeinomori-coe.com/,キッズ,gakugei_s08.jpg,,
gakugei_s09,学藝の森CoE,https://gakugeinomori-coe.com/,キッズ,gakugei_s09.jpg,,
gakugei_s10,学藝の森CoE,https://gakugeinomori-coe.com/,キッズ,gakugei_s10.jpg,,
gakugei_s11,学藝の森CoE,https://gakugeinomori-coe.com/,キッズ,gakugei_s11.jpg,,
gakugei_s13,学藝の森CoE,https://gakugeinomori-coe.com/,キッズ,gakugei_s13.jpg,,
gakugei_s14,学藝の森CoE,https://gakugeinomori-coe.com/,キッズ,gakugei_s14.jpg,,
hanamaru_s01,花まる学習会,https://www.hanamarugroup.jp/hanamaru/,競合,hanamaru_s01.jpg,,
hanamaru_s02,花まる学習会,https://www.hanamarugroup.jp/hanamaru/,競合,hanamaru_s02.jpg,,
hanamaru_s03,花まる学習会,https://www.hanamarugroup.jp/hanamaru/,競合,hanamaru_s03.jpg,,
hanamaru_s04,花まる学習会,https://www.hanamarugroup.jp/hanamaru/,競合,hanamaru_s04.jpg,,
hanamaru_s06,花まる学習会,https://www.hanamarugroup.jp/hanamaru/,競合,hanamaru_s06.jpg,,
hanamaru_s07,花まる学習会,https://www.hanamarugroup.jp/hanamaru/,競合,hanamaru_s07.jpg,,
hanamaru_s08,花まる学習会,https://www.hanamarugroup.jp/hanamaru/,競合,hanamaru_s08.jpg,,
hanamaru_s10,花まる学習会,https://www.hanamarugroup.jp/hanamaru/,競合,hanamaru_s10.jpg,,
hanamaru_s11,花まる学習会,https://www.hanamarugroup.jp/hanamaru/,競合,hanamaru_s11.jpg,,
hanamaru_s12,花まる学習会,https://www.hanamarugroup.jp/hanamaru/,競合,hanamaru_s12.jpg,,
hanamaru_s13,花まる学習会,https://www.hanamarugroup.jp/hanamaru/,競合,hanamaru_s13.jpg,,
hanamaru_s14,花まる学習会,https://www.hanamarugroup.jp/hanamaru/,競合,hanamaru_s14.jpg,,
hanamaru_s15,花まる学習会,https://www.hanamarugroup.jp/hanamaru/,競合,hanamaru_s15.jpg,,
ikeda_s01,いけだ皮膚科,https://ikeda-hifuka.com/,表現,ikeda_s01.jpg,,
ikeda_s02,いけだ皮膚科,https://ikeda-hifuka.com/,表現,ikeda_s02.jpg,,
ikeda_s03,いけだ皮膚科,https://ikeda-hifuka.com/,表現,ikeda_s03.jpg,,
ikeda_s04,いけだ皮膚科,https://ikeda-hifuka.com/,表現,ikeda_s04.jpg,,
ikeda_s05,いけだ皮膚科,https://ikeda-hifuka.com/,表現,ikeda_s05.jpg,,
ikeda_s06,いけだ皮膚科,https://ikeda-hifuka.com/,表現,ikeda_s06.jpg,,
ikeda_s08,いけだ皮膚科,https://ikeda-hifuka.com/,表現,ikeda_s08.jpg,,
ikeda_s10,いけだ皮膚科,https://ikeda-hifuka.com/,表現,ikeda_s10.jpg,,
ikeda_s12,いけだ皮膚科,https://ikeda-hifuka.com/,表現,ikeda_s12.jpg,,
ikeda_s13,いけだ皮膚科,https://ikeda-hifuka.com/,表現,ikeda_s13.jpg,,
kase_s01,嘉瀬こどもの森,https://seigaku.jp/kase/,キッズ,kase_s01.jpg,,
kobe-wu_s01,神戸女子大学,https://www.kobe-wu.ac.jp/,学校,kobe-wu_s01.jpg,,
kobe-wu_s02,神戸女子大学,https://www.kobe-wu.ac.jp/,学校,kobe-wu_s02.jpg,,
kobe-wu_s04,神戸女子大学,https://www.kobe-wu.ac.jp/,学校,kobe-wu_s04.jpg,,
kobe-wu_s05,神戸女子大学,https://www.kobe-wu.ac.jp/,学校,kobe-wu_s05.jpg,,
kobe-wu_s06,神戸女子大学,https://www.kobe-wu.ac.jp/,学校,kobe-wu_s06.jpg,,
kobe-wu_s07,神戸女子大学,https://www.kobe-wu.ac.jp/,学校,kobe-wu_s07.jpg,,
kobe-wu_s08,神戸女子大学,https://www.kobe-wu.ac.jp/,学校,kobe-wu_s08.jpg,,
kobe-wu_s09,神戸女子大学,https://www.kobe-wu.ac.jp/,学校,kobe-wu_s09.jpg,,
kobe-wu_s11,神戸女子大学,https://www.kobe-wu.ac.jp/,学校,kobe-wu_s11.jpg,,
kobe-wu_s12,神戸女子大学,https://www.kobe-wu.ac.jp/,学校,kobe-wu_s12.jpg,,
kobe-wu_s13,神戸女子大学,https://www.kobe-wu.ac.jp/,学校,kobe-wu_s13.jpg,,
kobe-wu_s14,神戸女子大学,https://www.kobe-wu.ac.jp/,学校,kobe-wu_s14.jpg,,
kobe-wu_s15,神戸女子大学,https://www.kobe-wu.ac.jp/,学校,kobe-wu_s15.jpg,,
koran_s01,香蘭女学校,https://www.koran.ed.jp/,学校,koran_s01.jpg,,
koran_s02,香蘭女学校,https://www.koran.ed.jp/,学校,koran_s02.jpg,,
koran_s04,香蘭女学校,https://www.koran.ed.jp/,学校,koran_s04.jpg,,
koran_s05,香蘭女学校,https://www.koran.ed.jp/,学校,koran_s05.jpg,,
koran_s06,香蘭女学校,https://www.koran.ed.jp/,学校,koran_s06.jpg,,
koran_s07,香蘭女学校,https://www.koran.ed.jp/,学校,koran_s07.jpg,,
koran_s08,香蘭女学校,https://www.koran.ed.jp/,学校,koran_s08.jpg,,
koran_s09,香蘭女学校,https://www.koran.ed.jp/,学校,koran_s09.jpg,,
koran_s10,香蘭女学校,https://www.koran.ed.jp/,学校,koran_s10.jpg,,
koran_s11,香蘭女学校,https://www.koran.ed.jp/,学校,koran_s11.jpg,,
koran_s12,香蘭女学校,https://www.koran.ed.jp/,学校,koran_s12.jpg,,
koran_s13,香蘭女学校,https://www.koran.ed.jp/,学校,koran_s13.jpg,,
koran_s15,香蘭女学校,https://www.koran.ed.jp/,学校,koran_s15.jpg,,
linie_s01,リニエ シューレ,https://schule.linie-group.jp/,キッズ,linie_s01.jpg,,
linie_s02,リニエ シューレ,https://schule.linie-group.jp/,キッズ,linie_s02.jpg,,
linie_s03,リニエ シューレ,https://schule.linie-group.jp/,キッズ,linie_s03.jpg,,
linie_s04,リニエ シューレ,https://schule.linie-group.jp/,キッズ,linie_s04.jpg,,
linie_s05,リニエ シューレ,https://schule.linie-group.jp/,キッズ,linie_s05.jpg,,
linie_s06,リニエ シューレ,https://schule.linie-group.jp/,キッズ,linie_s06.jpg,,
linie_s07,リニエ シューレ,https://schule.linie-group.jp/,キッズ,linie_s07.jpg,,
linie_s08,リニエ シューレ,https://schule.linie-group.jp/,キッズ,linie_s08.jpg,,
linie_s10,リニエ シューレ,https://schule.linie-group.jp/,キッズ,linie_s10.jpg,,
linie_s11,リニエ シューレ,https://schule.linie-group.jp/,キッズ,linie_s11.jpg,,
linie_s12,リニエ シューレ,https://schule.linie-group.jp/,キッズ,linie_s12.jpg,,
linie_s13,リニエ シューレ,https://schule.linie-group.jp/,キッズ,linie_s13.jpg,,
linie_s14,リニエ シューレ,https://schule.linie-group.jp/,キッズ,linie_s14.jpg,,
linie_s15,リニエ シューレ,https://schule.linie-group.jp/,キッズ,linie_s15.jpg,,
lumiarch_s01,Lumiarch NTT東,https://lumiarch.ntt-east.co.jp/,表現,lumiarch_s01.jpg,,
lumiarch_s02,Lumiarch NTT東,https://lumiarch.ntt-east.co.jp/,表現,lumiarch_s02.jpg,,
lumiarch_s05,Lumiarch NTT東,https://lumiarch.ntt-east.co.jp/,表現,lumiarch_s05.jpg,,
lumiarch_s06,Lumiarch NTT東,https://lumiarch.ntt-east.co.jp/,表現,lumiarch_s06.jpg,,
lumiarch_s07,Lumiarch NTT東,https://lumiarch.ntt-east.co.jp/,表現,lumiarch_s07.jpg,,
lumiarch_s08,Lumiarch NTT東,https://lumiarch.ntt-east.co.jp/,表現,lumiarch_s08.jpg,,
lumiarch_s09,Lumiarch NTT東,https://lumiarch.ntt-east.co.jp/,表現,lumiarch_s09.jpg,,
lumiarch_s10,Lumiarch NTT東,https://lumiarch.ntt-east.co.jp/,表現,lumiarch_s10.jpg,,
lumiarch_s11,Lumiarch NTT東,https://lumiarch.ntt-east.co.jp/,表現,lumiarch_s11.jpg,,
lumiarch_s12,Lumiarch NTT東,https://lumiarch.ntt-east.co.jp/,表現,lumiarch_s12.jpg,,
lumiarch_s13,Lumiarch NTT東,https://lumiarch.ntt-east.co.jp/,表現,lumiarch_s13.jpg,,
lumiarch_s14,Lumiarch NTT東,https://lumiarch.ntt-east.co.jp/,表現,lumiarch_s14.jpg,,
meikei_s02,茗溪学園,https://meikei.ac.jp/,学校,meikei_s02.jpg,,
meikei_s04,茗溪学園,https://meikei.ac.jp/,学校,meikei_s04.jpg,,
meikei_s05,茗溪学園,https://meikei.ac.jp/,学校,meikei_s05.jpg,,
meikei_s06,茗溪学園,https://meikei.ac.jp/,学校,meikei_s06.jpg,,
meikei_s07,茗溪学園,https://meikei.ac.jp/,学校,meikei_s07.jpg,,
meikei_s08,茗溪学園,https://meikei.ac.jp/,学校,meikei_s08.jpg,,
meikei_s09,茗溪学園,https://meikei.ac.jp/,学校,meikei_s09.jpg,,
meikei_s10,茗溪学園,https://meikei.ac.jp/,学校,meikei_s10.jpg,,
meikei_s11,茗溪学園,https://meikei.ac.jp/,学校,meikei_s11.jpg,,
meikei_s12,茗溪学園,https://meikei.ac.jp/,学校,meikei_s12.jpg,,
meikei_s13,茗溪学園,https://meikei.ac.jp/,学校,meikei_s13.jpg,,
meikei_s14,茗溪学園,https://meikei.ac.jp/,学校,meikei_s14.jpg,,
meikei_s15,茗溪学園,https://meikei.ac.jp/,学校,meikei_s15.jpg,,
meikei_s16,茗溪学園,https://meikei.ac.jp/,学校,meikei_s16.jpg,,
meisei-es_s01,明星小学校,https://www.meisei.ac.jp/es/,学校,meisei-es_s01.jpg,,
meisei-es_s02,明星小学校,https://www.meisei.ac.jp/es/,学校,meisei-es_s02.jpg,,
meisei-es_s03,明星小学校,https://www.meisei.ac.jp/es/,学校,meisei-es_s03.jpg,,
meisei-es_s04,明星小学校,https://www.meisei.ac.jp/es/,学校,meisei-es_s04.jpg,,
meisei-es_s05,明星小学校,https://www.meisei.ac.jp/es/,学校,meisei-es_s05.jpg,,
meisei-es_s06,明星小学校,https://www.meisei.ac.jp/es/,学校,meisei-es_s06.jpg,,
meisei-es_s07,明星小学校,https://www.meisei.ac.jp/es/,学校,meisei-es_s07.jpg,,
meisei-es_s08,明星小学校,https://www.meisei.ac.jp/es/,学校,meisei-es_s08.jpg,,
meisei-es_s09,明星小学校,https://www.meisei.ac.jp/es/,学校,meisei-es_s09.jpg,,
meisei-es_s10,明星小学校,https://www.meisei.ac.jp/es/,学校,meisei-es_s10.jpg,,
meisei-es_s11,明星小学校,https://www.meisei.ac.jp/es/,学校,meisei-es_s11.jpg,,
meisei-es_s12,明星小学校,https://www.meisei.ac.jp/es/,学校,meisei-es_s12.jpg,,
meisei-es_s13,明星小学校,https://www.meisei.ac.jp/es/,学校,meisei-es_s13.jpg,,
meisei-es_s14,明星小学校,https://www.meisei.ac.jp/es/,学校,meisei-es_s14.jpg,,
meisei-es_s15,明星小学校,https://www.meisei.ac.jp/es/,学校,meisei-es_s15.jpg,,
meisei-es_s16,明星小学校,https://www.meisei.ac.jp/es/,学校,meisei-es_s16.jpg,,
meisei-kg_s01,明星幼稚園,https://www.meisei.ac.jp/kg/,学校,meisei-kg_s01.jpg,,
meisei-kg_s02,明星幼稚園,https://www.meisei.ac.jp/kg/,学校,meisei-kg_s02.jpg,,
meisei-kg_s03,明星幼稚園,https://www.meisei.ac.jp/kg/,学校,meisei-kg_s03.jpg,,
meisei-kg_s04,明星幼稚園,https://www.meisei.ac.jp/kg/,学校,meisei-kg_s04.jpg,,
meisei-kg_s05,明星幼稚園,https://www.meisei.ac.jp/kg/,学校,meisei-kg_s05.jpg,,
meisei-kg_s06,明星幼稚園,https://www.meisei.ac.jp/kg/,学校,meisei-kg_s06.jpg,,
meisei-kg_s07,明星幼稚園,https://www.meisei.ac.jp/kg/,学校,meisei-kg_s07.jpg,,
meisei-kg_s08,明星幼稚園,https://www.meisei.ac.jp/kg/,学校,meisei-kg_s08.jpg,,
meisei-kg_s09,明星幼稚園,https://www.meisei.ac.jp/kg/,学校,meisei-kg_s09.jpg,,
meisei-kg_s10,明星幼稚園,https://www.meisei.ac.jp/kg/,学校,meisei-kg_s10.jpg,,
meisei-kg_s11,明星幼稚園,https://www.meisei.ac.jp/kg/,学校,meisei-kg_s11.jpg,,
meisei-kg_s12,明星幼稚園,https://www.meisei.ac.jp/kg/,学校,meisei-kg_s12.jpg,,
meisei-kg_s13,明星幼稚園,https://www.meisei.ac.jp/kg/,学校,meisei-kg_s13.jpg,,
meisei-kg_s14,明星幼稚園,https://www.meisei.ac.jp/kg/,学校,meisei-kg_s14.jpg,,
meisei-kg_s15,明星幼稚園,https://www.meisei.ac.jp/kg/,学校,meisei-kg_s15.jpg,,
meisei-kg_s16,明星幼稚園,https://www.meisei.ac.jp/kg/,学校,meisei-kg_s16.jpg,,
musashino_s01,武蔵野大学中高,https://www.musashino-u.ed.jp/,学校,musashino_s01.jpg,,
musashino_s02,武蔵野大学中高,https://www.musashino-u.ed.jp/,学校,musashino_s02.jpg,,
musashino_s03,武蔵野大学中高,https://www.musashino-u.ed.jp/,学校,musashino_s03.jpg,,
musashino_s04,武蔵野大学中高,https://www.musashino-u.ed.jp/,学校,musashino_s04.jpg,,
musashino_s05,武蔵野大学中高,https://www.musashino-u.ed.jp/,学校,musashino_s05.jpg,,
musashino_s07,武蔵野大学中高,https://www.musashino-u.ed.jp/,学校,musashino_s07.jpg,,
musashino_s08,武蔵野大学中高,https://www.musashino-u.ed.jp/,学校,musashino_s08.jpg,,
musashino_s09,武蔵野大学中高,https://www.musashino-u.ed.jp/,学校,musashino_s09.jpg,,
musashino_s10,武蔵野大学中高,https://www.musashino-u.ed.jp/,学校,musashino_s10.jpg,,
musashino_s11,武蔵野大学中高,https://www.musashino-u.ed.jp/,学校,musashino_s11.jpg,,
musashino_s12,武蔵野大学中高,https://www.musashino-u.ed.jp/,学校,musashino_s12.jpg,,
musashino_s13,武蔵野大学中高,https://www.musashino-u.ed.jp/,学校,musashino_s13.jpg,,
musashino_s14,武蔵野大学中高,https://www.musashino-u.ed.jp/,学校,musashino_s14.jpg,,
musashino_s15,武蔵野大学中高,https://www.musashino-u.ed.jp/,学校,musashino_s15.jpg,,
musashino_s16,武蔵野大学中高,https://www.musashino-u.ed.jp/,学校,musashino_s16.jpg,,
nakamura_s01,中村国際ホテル専門学校,https://hotel.nakamura-s.ac.jp/,学校,nakamura_s01.jpg,,
nakamura_s02,中村国際ホテル専門学校,https://hotel.nakamura-s.ac.jp/,学校,nakamura_s02.jpg,,
nakamura_s03,中村国際ホテル専門学校,https://hotel.nakamura-s.ac.jp/,学校,nakamura_s03.jpg,,
nakamura_s05,中村国際ホテル専門学校,https://hotel.nakamura-s.ac.jp/,学校,nakamura_s05.jpg,,
nakamura_s06,中村国際ホテル専門学校,https://hotel.nakamura-s.ac.jp/,学校,nakamura_s06.jpg,,
nakamura_s07,中村国際ホテル専門学校,https://hotel.nakamura-s.ac.jp/,学校,nakamura_s07.jpg,,
nakamura_s08,中村国際ホテル専門学校,https://hotel.nakamura-s.ac.jp/,学校,nakamura_s08.jpg,,
nakamura_s09,中村国際ホテル専門学校,https://hotel.nakamura-s.ac.jp/,学校,nakamura_s09.jpg,,
nakamura_s10,中村国際ホテル専門学校,https://hotel.nakamura-s.ac.jp/,学校,nakamura_s10.jpg,,
nakamura_s11,中村国際ホテル専門学校,https://hotel.nakamura-s.ac.jp/,学校,nakamura_s11.jpg,,
nakamura_s13,中村国際ホテル専門学校,https://hotel.nakamura-s.ac.jp/,学校,nakamura_s13.jpg,,
nakamura_s14,中村国際ホテル専門学校,https://hotel.nakamura-s.ac.jp/,学校,nakamura_s14.jpg,,
nakamura_s15,中村国際ホテル専門学校,https://hotel.nakamura-s.ac.jp/,学校,nakamura_s15.jpg,,
odrive_s01,O-DRIVE 追手門学院,https://www.otemon-jh.ed.jp/o-drive/,学校,odrive_s01.jpg,,
odrive_s02,O-DRIVE 追手門学院,https://www.otemon-jh.ed.jp/o-drive/,学校,odrive_s02.jpg,,
odrive_s03,O-DRIVE 追手門学院,https://www.otemon-jh.ed.jp/o-drive/,学校,odrive_s03.jpg,,
odrive_s04,O-DRIVE 追手門学院,https://www.otemon-jh.ed.jp/o-drive/,学校,odrive_s04.jpg,,
odrive_s05,O-DRIVE 追手門学院,https://www.otemon-jh.ed.jp/o-drive/,学校,odrive_s05.jpg,,
odrive_s06,O-DRIVE 追手門学院,https://www.otemon-jh.ed.jp/o-drive/,学校,odrive_s06.jpg,,
odrive_s07,O-DRIVE 追手門学院,https://www.otemon-jh.ed.jp/o-drive/,学校,odrive_s07.jpg,,
odrive_s08,O-DRIVE 追手門学院,https://www.otemon-jh.ed.jp/o-drive/,学校,odrive_s08.jpg,,
odrive_s09,O-DRIVE 追手門学院,https://www.otemon-jh.ed.jp/o-drive/,学校,odrive_s09.jpg,,
odrive_s10,O-DRIVE 追手門学院,https://www.otemon-jh.ed.jp/o-drive/,学校,odrive_s10.jpg,,
odrive_s11,O-DRIVE 追手門学院,https://www.otemon-jh.ed.jp/o-drive/,学校,odrive_s11.jpg,,
odrive_s12,O-DRIVE 追手門学院,https://www.otemon-jh.ed.jp/o-drive/,学校,odrive_s12.jpg,,
odrive_s13,O-DRIVE 追手門学院,https://www.otemon-jh.ed.jp/o-drive/,学校,odrive_s13.jpg,,
ogawa_s02,小川ぶどう園,https://ogawa-vineyard.studio.site/,表現,ogawa_s02.jpg,,
ogawa_s04,小川ぶどう園,https://ogawa-vineyard.studio.site/,表現,ogawa_s04.jpg,,
ogawa_s05,小川ぶどう園,https://ogawa-vineyard.studio.site/,表現,ogawa_s05.jpg,,
ogawa_s10,小川ぶどう園,https://ogawa-vineyard.studio.site/,表現,ogawa_s10.jpg,,
ogawa_s12,小川ぶどう園,https://ogawa-vineyard.studio.site/,表現,ogawa_s12.jpg,,
ogawa_s13,小川ぶどう園,https://ogawa-vineyard.studio.site/,表現,ogawa_s13.jpg,,
ogawa_s14,小川ぶどう園,https://ogawa-vineyard.studio.site/,表現,ogawa_s14.jpg,,
r-reha_s02,アールリハビリ,https://r-reha.jp/,表現,r-reha_s02.jpg,,
r-reha_s04,アールリハビリ,https://r-reha.jp/,表現,r-reha_s04.jpg,,
r-reha_s05,アールリハビリ,https://r-reha.jp/,表現,r-reha_s05.jpg,,
r-reha_s07,アールリハビリ,https://r-reha.jp/,表現,r-reha_s07.jpg,,
r-reha_s08,アールリハビリ,https://r-reha.jp/,表現,r-reha_s08.jpg,,
r-reha_s09,アールリハビリ,https://r-reha.jp/,表現,r-reha_s09.jpg,,
r-reha_s10,アールリハビリ,https://r-reha.jp/,表現,r-reha_s10.jpg,,
r-reha_s11,アールリハビリ,https://r-reha.jp/,表現,r-reha_s11.jpg,,
r-reha_s12,アールリハビリ,https://r-reha.jp/,表現,r-reha_s12.jpg,,
sanrio_s01,サンリオEnt 採用,https://www.sanrio-entertainment.co.jp/recruit/,表現,sanrio_s01.jpg,,
sanrio_s02,サンリオEnt 採用,https://www.sanrio-entertainment.co.jp/recruit/,表現,sanrio_s02.jpg,,
sanrio_s03,サンリオEnt 採用,https://www.sanrio-entertainment.co.jp/recruit/,表現,sanrio_s03.jpg,,
sanrio_s04,サンリオEnt 採用,https://www.sanrio-entertainment.co.jp/recruit/,表現,sanrio_s04.jpg,,
sanrio_s05,サンリオEnt 採用,https://www.sanrio-entertainment.co.jp/recruit/,表現,sanrio_s05.jpg,,
sanrio_s06,サンリオEnt 採用,https://www.sanrio-entertainment.co.jp/recruit/,表現,sanrio_s06.jpg,,
sanrio_s07,サンリオEnt 採用,https://www.sanrio-entertainment.co.jp/recruit/,表現,sanrio_s07.jpg,,
sanrio_s08,サンリオEnt 採用,https://www.sanrio-entertainment.co.jp/recruit/,表現,sanrio_s08.jpg,,
sho_atama_s01,atama＋,https://www.atama.plus/,競合,sho_atama_s01.jpg,,
sho_atama_s02,atama＋,https://www.atama.plus/,競合,sho_atama_s02.jpg,,
sho_atama_s03,atama＋,https://www.atama.plus/,競合,sho_atama_s03.jpg,,
sho_atama_s04,atama＋,https://www.atama.plus/,競合,sho_atama_s04.jpg,,
sho_atama_s05,atama＋,https://www.atama.plus/,競合,sho_atama_s05.jpg,,
sho_atama_s06,atama＋,https://www.atama.plus/,競合,sho_atama_s06.jpg,,
sho_atama_s07,atama＋,https://www.atama.plus/,競合,sho_atama_s07.jpg,,
sho_atama_s08,atama＋,https://www.atama.plus/,競合,sho_atama_s08.jpg,,
sho_atama_s09,atama＋,https://www.atama.plus/,競合,sho_atama_s09.jpg,,
sho_atama_s10,atama＋,https://www.atama.plus/,競合,sho_atama_s10.jpg,,
sho_atama_s11,atama＋,https://www.atama.plus/,競合,sho_atama_s11.jpg,,
sho_atama_s12,atama＋,https://www.atama.plus/,競合,sho_atama_s12.jpg,,
sho_atama_s13,atama＋,https://www.atama.plus/,競合,sho_atama_s13.jpg,,
sho_atama_s14,atama＋,https://www.atama.plus/,競合,sho_atama_s14.jpg,,
sho_atama_s15,atama＋,https://www.atama.plus/,競合,sho_atama_s15.jpg,,
sho_atama_s16,atama＋,https://www.atama.plus/,競合,sho_atama_s16.jpg,,
sho_eccjr_s01,ECCジュニア,https://www.eccjr.co.jp/,英語,sho_eccjr_s01.jpg,,
sho_eccjr_s02,ECCジュニア,https://www.eccjr.co.jp/,英語,sho_eccjr_s02.jpg,,
sho_eccjr_s03,ECCジュニア,https://www.eccjr.co.jp/,英語,sho_eccjr_s03.jpg,,
sho_eccjr_s04,ECCジュニア,https://www.eccjr.co.jp/,英語,sho_eccjr_s04.jpg,,
sho_eccjr_s05,ECCジュニア,https://www.eccjr.co.jp/,英語,sho_eccjr_s05.jpg,,
sho_eccjr_s06,ECCジュニア,https://www.eccjr.co.jp/,英語,sho_eccjr_s06.jpg,,
sho_eccjr_s07,ECCジュニア,https://www.eccjr.co.jp/,英語,sho_eccjr_s07.jpg,,
sho_eccjr_s08,ECCジュニア,https://www.eccjr.co.jp/,英語,sho_eccjr_s08.jpg,,
sho_eccjr_s09,ECCジュニア,https://www.eccjr.co.jp/,英語,sho_eccjr_s09.jpg,,
sho_eccjr_s10,ECCジュニア,https://www.eccjr.co.jp/,英語,sho_eccjr_s10.jpg,,
sho_eccjr_s11,ECCジュニア,https://www.eccjr.co.jp/,英語,sho_eccjr_s11.jpg,,
sho_eccjr_s12,ECCジュニア,https://www.eccjr.co.jp/,英語,sho_eccjr_s12.jpg,,
sho_eccjr_s13,ECCジュニア,https://www.eccjr.co.jp/,英語,sho_eccjr_s13.jpg,,
sho_eccjr_s14,ECCジュニア,https://www.eccjr.co.jp/,英語,sho_eccjr_s14.jpg,,
sho_eccjr_s15,ECCジュニア,https://www.eccjr.co.jp/,英語,sho_eccjr_s15.jpg,,
sho_eccjr_s16,ECCジュニア,https://www.eccjr.co.jp/,英語,sho_eccjr_s16.jpg,,
sho_eikenacademy_s01,英検アカデミー,https://www.eiken-academy.com/,英語,sho_eikenacademy_s01.jpg,,
sho_eikenacademy_s02,英検アカデミー,https://www.eiken-academy.com/,英語,sho_eikenacademy_s02.jpg,,
sho_eikenacademy_s03,英検アカデミー,https://www.eiken-academy.com/,英語,sho_eikenacademy_s03.jpg,,
sho_eikenacademy_s04,英検アカデミー,https://www.eiken-academy.com/,英語,sho_eikenacademy_s04.jpg,,
sho_eikenacademy_s05,英検アカデミー,https://www.eiken-academy.com/,英語,sho_eikenacademy_s05.jpg,,
sho_eikenacademy_s06,英検アカデミー,https://www.eiken-academy.com/,英語,sho_eikenacademy_s06.jpg,,
sho_eikenacademy_s07,英検アカデミー,https://www.eiken-academy.com/,英語,sho_eikenacademy_s07.jpg,,
sho_eikenacademy_s08,英検アカデミー,https://www.eiken-academy.com/,英語,sho_eikenacademy_s08.jpg,,
sho_eikenacademy_s09,英検アカデミー,https://www.eiken-academy.com/,英語,sho_eikenacademy_s09.jpg,,
sho_eikenacademy_s10,英検アカデミー,https://www.eiken-academy.com/,英語,sho_eikenacademy_s10.jpg,,
sho_eikenacademy_s11,英検アカデミー,https://www.eiken-academy.com/,英語,sho_eikenacademy_s11.jpg,,
sho_eikenacademy_s12,英検アカデミー,https://www.eiken-academy.com/,英語,sho_eikenacademy_s12.jpg,,
sho_eikenacademy_s13,英検アカデミー,https://www.eiken-academy.com/,英語,sho_eikenacademy_s13.jpg,,
sho_eikenacademy_s14,英検アカデミー,https://www.eiken-academy.com/,英語,sho_eikenacademy_s14.jpg,,
sho_eikenacademy_s15,英検アカデミー,https://www.eiken-academy.com/,英語,sho_eikenacademy_s15.jpg,,
sho_eikenacademy_s16,英検アカデミー,https://www.eiken-academy.com/,英語,sho_eikenacademy_s16.jpg,,
sho_eikoh_s01,栄光ゼミナール,https://www.eikoh-seminar.com/,競合,sho_eikoh_s01.jpg,,
sho_eikoh_s02,栄光ゼミナール,https://www.eikoh-seminar.com/,競合,sho_eikoh_s02.jpg,,
sho_eikoh_s03,栄光ゼミナール,https://www.eikoh-seminar.com/,競合,sho_eikoh_s03.jpg,,
sho_eikoh_s04,栄光ゼミナール,https://www.eikoh-seminar.com/,競合,sho_eikoh_s04.jpg,,
sho_eikoh_s06,栄光ゼミナール,https://www.eikoh-seminar.com/,競合,sho_eikoh_s06.jpg,,
sho_eikoh_s07,栄光ゼミナール,https://www.eikoh-seminar.com/,競合,sho_eikoh_s07.jpg,,
sho_eikoh_s08,栄光ゼミナール,https://www.eikoh-seminar.com/,競合,sho_eikoh_s08.jpg,,
sho_eikoh_s09,栄光ゼミナール,https://www.eikoh-seminar.com/,競合,sho_eikoh_s09.jpg,,
sho_eikoh_s10,栄光ゼミナール,https://www.eikoh-seminar.com/,競合,sho_eikoh_s10.jpg,,
sho_eikoh_s11,栄光ゼミナール,https://www.eikoh-seminar.com/,競合,sho_eikoh_s11.jpg,,
sho_eikoh_s12,栄光ゼミナール,https://www.eikoh-seminar.com/,競合,sho_eikoh_s12.jpg,,
sho_eikoh_s13,栄光ゼミナール,https://www.eikoh-seminar.com/,競合,sho_eikoh_s13.jpg,,
sho_eikoh_s14,栄光ゼミナール,https://www.eikoh-seminar.com/,競合,sho_eikoh_s14.jpg,,
sho_eikoh_s15,栄光ゼミナール,https://www.eikoh-seminar.com/,競合,sho_eikoh_s15.jpg,,
sho_eikoh_s16,栄光ゼミナール,https://www.eikoh-seminar.com/,競合,sho_eikoh_s16.jpg,,
sho_gakken_s03,学研教室,https://www.889100.com/,競合,sho_gakken_s03.jpg,,
sho_gakken_s04,学研教室,https://www.889100.com/,競合,sho_gakken_s04.jpg,,
sho_gakken_s05,学研教室,https://www.889100.com/,競合,sho_gakken_s05.jpg,,
sho_gakken_s06,学研教室,https://www.889100.com/,競合,sho_gakken_s06.jpg,,
sho_gakken_s07,学研教室,https://www.889100.com/,競合,sho_gakken_s07.jpg,,
sho_gakken_s08,学研教室,https://www.889100.com/,競合,sho_gakken_s08.jpg,,
sho_gakken_s09,学研教室,https://www.889100.com/,競合,sho_gakken_s09.jpg,,
sho_gakken_s10,学研教室,https://www.889100.com/,競合,sho_gakken_s10.jpg,,
sho_gakken_s11,学研教室,https://www.889100.com/,競合,sho_gakken_s11.jpg,,
sho_gakken_s12,学研教室,https://www.889100.com/,競合,sho_gakken_s12.jpg,,
sho_gakken_s13,学研教室,https://www.889100.com/,競合,sho_gakken_s13.jpg,,
sho_globalcrown_s01,GLOBAL CROWN,https://www.global-crown.com/,英語,sho_globalcrown_s01.jpg,,
sho_globalcrown_s02,GLOBAL CROWN,https://www.global-crown.com/,英語,sho_globalcrown_s02.jpg,,
sho_globalcrown_s03,GLOBAL CROWN,https://www.global-crown.com/,英語,sho_globalcrown_s03.jpg,,
sho_globalcrown_s04,GLOBAL CROWN,https://www.global-crown.com/,英語,sho_globalcrown_s04.jpg,,
sho_globalcrown_s05,GLOBAL CROWN,https://www.global-crown.com/,英語,sho_globalcrown_s05.jpg,,
sho_globalcrown_s06,GLOBAL CROWN,https://www.global-crown.com/,英語,sho_globalcrown_s06.jpg,,
sho_globalcrown_s07,GLOBAL CROWN,https://www.global-crown.com/,英語,sho_globalcrown_s07.jpg,,
sho_globalcrown_s08,GLOBAL CROWN,https://www.global-crown.com/,英語,sho_globalcrown_s08.jpg,,
sho_globalcrown_s09,GLOBAL CROWN,https://www.global-crown.com/,英語,sho_globalcrown_s09.jpg,,
sho_globalcrown_s10,GLOBAL CROWN,https://www.global-crown.com/,英語,sho_globalcrown_s10.jpg,,
sho_globalcrown_s11,GLOBAL CROWN,https://www.global-crown.com/,英語,sho_globalcrown_s11.jpg,,
sho_globalcrown_s12,GLOBAL CROWN,https://www.global-crown.com/,英語,sho_globalcrown_s12.jpg,,
sho_globalcrown_s13,GLOBAL CROWN,https://www.global-crown.com/,英語,sho_globalcrown_s13.jpg,,
sho_globalcrown_s14,GLOBAL CROWN,https://www.global-crown.com/,英語,sho_globalcrown_s14.jpg,,
sho_globalcrown_s15,GLOBAL CROWN,https://www.global-crown.com/,英語,sho_globalcrown_s15.jpg,,
sho_globalcrown_s16,GLOBAL CROWN,https://www.global-crown.com/,英語,sho_globalcrown_s16.jpg,,
sho_hanamaru_s01,花まる学習会,https://www.hanamarugroup.jp/hanamaru/,競合,sho_hanamaru_s01.jpg,,
sho_hanamaru_s02,花まる学習会,https://www.hanamarugroup.jp/hanamaru/,競合,sho_hanamaru_s02.jpg,,
sho_hanamaru_s03,花まる学習会,https://www.hanamarugroup.jp/hanamaru/,競合,sho_hanamaru_s03.jpg,,
sho_hanamaru_s04,花まる学習会,https://www.hanamarugroup.jp/hanamaru/,競合,sho_hanamaru_s04.jpg,,
sho_hanamaru_s06,花まる学習会,https://www.hanamarugroup.jp/hanamaru/,競合,sho_hanamaru_s06.jpg,,
sho_hanamaru_s07,花まる学習会,https://www.hanamarugroup.jp/hanamaru/,競合,sho_hanamaru_s07.jpg,,
sho_hanamaru_s08,花まる学習会,https://www.hanamarugroup.jp/hanamaru/,競合,sho_hanamaru_s08.jpg,,
sho_hanamaru_s10,花まる学習会,https://www.hanamarugroup.jp/hanamaru/,競合,sho_hanamaru_s10.jpg,,
sho_hanamaru_s11,花まる学習会,https://www.hanamarugroup.jp/hanamaru/,競合,sho_hanamaru_s11.jpg,,
sho_hanamaru_s12,花まる学習会,https://www.hanamarugroup.jp/hanamaru/,競合,sho_hanamaru_s12.jpg,,
sho_hanamaru_s13,花まる学習会,https://www.hanamarugroup.jp/hanamaru/,競合,sho_hanamaru_s13.jpg,,
sho_hanamaru_s14,花まる学習会,https://www.hanamarugroup.jp/hanamaru/,競合,sho_hanamaru_s14.jpg,,
sho_hanamaru_s15,花まる学習会,https://www.hanamarugroup.jp/hanamaru/,競合,sho_hanamaru_s15.jpg,,
sho_hatchlink_s01,ハッチリンクジュニア,https://www.hatchlinkjr.com/,英語,sho_hatchlink_s01.jpg,,
sho_kidsduo_s01,Kids Duo,https://www.kidsduo.com/,英語,sho_kidsduo_s01.jpg,,
sho_kidsduo_s02,Kids Duo,https://www.kidsduo.com/,英語,sho_kidsduo_s02.jpg,,
sho_kidsduo_s03,Kids Duo,https://www.kidsduo.com/,英語,sho_kidsduo_s03.jpg,,
sho_kidsduo_s04,Kids Duo,https://www.kidsduo.com/,英語,sho_kidsduo_s04.jpg,,
sho_kidsduo_s05,Kids Duo,https://www.kidsduo.com/,英語,sho_kidsduo_s05.jpg,,
sho_kidsduo_s06,Kids Duo,https://www.kidsduo.com/,英語,sho_kidsduo_s06.jpg,,
sho_kidsduo_s07,Kids Duo,https://www.kidsduo.com/,英語,sho_kidsduo_s07.jpg,,
sho_kidsduo_s08,Kids Duo,https://www.kidsduo.com/,英語,sho_kidsduo_s08.jpg,,
sho_kidsduo_s09,Kids Duo,https://www.kidsduo.com/,英語,sho_kidsduo_s09.jpg,,
sho_kidsduo_s10,Kids Duo,https://www.kidsduo.com/,英語,sho_kidsduo_s10.jpg,,
sho_kidsduo_s11,Kids Duo,https://www.kidsduo.com/,英語,sho_kidsduo_s11.jpg,,
sho_kidsduo_s12,Kids Duo,https://www.kidsduo.com/,英語,sho_kidsduo_s12.jpg,,
sho_kidsduo_s13,Kids Duo,https://www.kidsduo.com/,英語,sho_kidsduo_s13.jpg,,
sho_kidsduo_s14,Kids Duo,https://www.kidsduo.com/,英語,sho_kidsduo_s14.jpg,,
sho_kidsduo_s15,Kids Duo,https://www.kidsduo.com/,英語,sho_kidsduo_s15.jpg,,
sho_kidsduo_s16,Kids Duo,https://www.kidsduo.com/,英語,sho_kidsduo_s16.jpg,,
sho_kimini_s01,Kimini英会話,https://kimini.online/,英語,sho_kimini_s01.jpg,,
sho_kimini_s02,Kimini英会話,https://kimini.online/,英語,sho_kimini_s02.jpg,,
sho_kimini_s03,Kimini英会話,https://kimini.online/,英語,sho_kimini_s03.jpg,,
sho_kimini_s04,Kimini英会話,https://kimini.online/,英語,sho_kimini_s04.jpg,,
sho_kimini_s05,Kimini英会話,https://kimini.online/,英語,sho_kimini_s05.jpg,,
sho_kimini_s06,Kimini英会話,https://kimini.online/,英語,sho_kimini_s06.jpg,,
sho_kimini_s07,Kimini英会話,https://kimini.online/,英語,sho_kimini_s07.jpg,,
sho_kimini_s08,Kimini英会話,https://kimini.online/,英語,sho_kimini_s08.jpg,,
sho_kimini_s09,Kimini英会話,https://kimini.online/,英語,sho_kimini_s09.jpg,,
sho_kimini_s10,Kimini英会話,https://kimini.online/,英語,sho_kimini_s10.jpg,,
sho_kimini_s11,Kimini英会話,https://kimini.online/,英語,sho_kimini_s11.jpg,,
sho_kimini_s12,Kimini英会話,https://kimini.online/,英語,sho_kimini_s12.jpg,,
sho_kimini_s13,Kimini英会話,https://kimini.online/,英語,sho_kimini_s13.jpg,,
sho_kimini_s14,Kimini英会話,https://kimini.online/,英語,sho_kimini_s14.jpg,,
sho_kimini_s15,Kimini英会話,https://kimini.online/,英語,sho_kimini_s15.jpg,,
sho_kimini_s16,Kimini英会話,https://kimini.online/,英語,sho_kimini_s16.jpg,,
sho_kumon_s01,公文式,https://www.kumon.ne.jp/,競合,sho_kumon_s01.jpg,,
sho_kumon_s02,公文式,https://www.kumon.ne.jp/,競合,sho_kumon_s02.jpg,,
sho_kumon_s03,公文式,https://www.kumon.ne.jp/,競合,sho_kumon_s03.jpg,,
sho_kumon_s04,公文式,https://www.kumon.ne.jp/,競合,sho_kumon_s04.jpg,,
sho_kumon_s05,公文式,https://www.kumon.ne.jp/,競合,sho_kumon_s05.jpg,,
sho_kumon_s06,公文式,https://www.kumon.ne.jp/,競合,sho_kumon_s06.jpg,,
sho_kumon_s07,公文式,https://www.kumon.ne.jp/,競合,sho_kumon_s07.jpg,,
sho_kumon_s08,公文式,https://www.kumon.ne.jp/,競合,sho_kumon_s08.jpg,,
sho_kumon_s09,公文式,https://www.kumon.ne.jp/,競合,sho_kumon_s09.jpg,,
sho_kumon_s10,公文式,https://www.kumon.ne.jp/,競合,sho_kumon_s10.jpg,,
sho_kumon_s12,公文式,https://www.kumon.ne.jp/,競合,sho_kumon_s12.jpg,,
sho_kumon_s13,公文式,https://www.kumon.ne.jp/,競合,sho_kumon_s13.jpg,,
sho_kumon_s14,公文式,https://www.kumon.ne.jp/,競合,sho_kumon_s14.jpg,,
sho_kumon_s15,公文式,https://www.kumon.ne.jp/,競合,sho_kumon_s15.jpg,,
sho_kumon_s16,公文式,https://www.kumon.ne.jp/,競合,sho_kumon_s16.jpg,,
sho_meiko_s01,明光義塾,https://www.meikogijuku.jp/,競合,sho_meiko_s01.jpg,,
sho_meiko_s02,明光義塾,https://www.meikogijuku.jp/,競合,sho_meiko_s02.jpg,,
sho_meiko_s03,明光義塾,https://www.meikogijuku.jp/,競合,sho_meiko_s03.jpg,,
sho_meiko_s04,明光義塾,https://www.meikogijuku.jp/,競合,sho_meiko_s04.jpg,,
sho_meiko_s05,明光義塾,https://www.meikogijuku.jp/,競合,sho_meiko_s05.jpg,,
sho_meiko_s06,明光義塾,https://www.meikogijuku.jp/,競合,sho_meiko_s06.jpg,,
sho_meiko_s07,明光義塾,https://www.meikogijuku.jp/,競合,sho_meiko_s07.jpg,,
sho_meiko_s08,明光義塾,https://www.meikogijuku.jp/,競合,sho_meiko_s08.jpg,,
sho_meiko_s09,明光義塾,https://www.meikogijuku.jp/,競合,sho_meiko_s09.jpg,,
sho_meiko_s10,明光義塾,https://www.meikogijuku.jp/,競合,sho_meiko_s10.jpg,,
sho_meiko_s11,明光義塾,https://www.meikogijuku.jp/,競合,sho_meiko_s11.jpg,,
sho_meiko_s12,明光義塾,https://www.meikogijuku.jp/,競合,sho_meiko_s12.jpg,,
sho_meiko_s13,明光義塾,https://www.meikogijuku.jp/,競合,sho_meiko_s13.jpg,,
sho_meiko_s14,明光義塾,https://www.meikogijuku.jp/,競合,sho_meiko_s14.jpg,,
sho_meiko_s15,明光義塾,https://www.meikogijuku.jp/,競合,sho_meiko_s15.jpg,,
sho_meiko_s16,明光義塾,https://www.meikogijuku.jp/,競合,sho_meiko_s16.jpg,,
sho_nichinoken_s01,日能研,https://www.nichinoken.co.jp/,競合,sho_nichinoken_s01.jpg,,
sho_nichinoken_s02,日能研,https://www.nichinoken.co.jp/,競合,sho_nichinoken_s02.jpg,,
sho_nichinoken_s03,日能研,https://www.nichinoken.co.jp/,競合,sho_nichinoken_s03.jpg,,
sho_nichinoken_s04,日能研,https://www.nichinoken.co.jp/,競合,sho_nichinoken_s04.jpg,,
sho_nichinoken_s05,日能研,https://www.nichinoken.co.jp/,競合,sho_nichinoken_s05.jpg,,
sho_nichinoken_s06,日能研,https://www.nichinoken.co.jp/,競合,sho_nichinoken_s06.jpg,,
sho_nichinoken_s07,日能研,https://www.nichinoken.co.jp/,競合,sho_nichinoken_s07.jpg,,
sho_nichinoken_s08,日能研,https://www.nichinoken.co.jp/,競合,sho_nichinoken_s08.jpg,,
sho_nichinoken_s09,日能研,https://www.nichinoken.co.jp/,競合,sho_nichinoken_s09.jpg,,
sho_nichinoken_s10,日能研,https://www.nichinoken.co.jp/,競合,sho_nichinoken_s10.jpg,,
sho_novakid_s01,Novakid,https://novakid.jp/,英語,sho_novakid_s01.jpg,,
sho_novakid_s02,Novakid,https://novakid.jp/,英語,sho_novakid_s02.jpg,,
sho_novakid_s03,Novakid,https://novakid.jp/,英語,sho_novakid_s03.jpg,,
sho_novakid_s04,Novakid,https://novakid.jp/,英語,sho_novakid_s04.jpg,,
sho_novakid_s05,Novakid,https://novakid.jp/,英語,sho_novakid_s05.jpg,,
sho_novakid_s06,Novakid,https://novakid.jp/,英語,sho_novakid_s06.jpg,,
sho_novakid_s07,Novakid,https://novakid.jp/,英語,sho_novakid_s07.jpg,,
sho_novakid_s08,Novakid,https://novakid.jp/,英語,sho_novakid_s08.jpg,,
sho_novakid_s09,Novakid,https://novakid.jp/,英語,sho_novakid_s09.jpg,,
sho_novakid_s10,Novakid,https://novakid.jp/,英語,sho_novakid_s10.jpg,,
sho_novakid_s11,Novakid,https://novakid.jp/,英語,sho_novakid_s11.jpg,,
sho_novakid_s12,Novakid,https://novakid.jp/,英語,sho_novakid_s12.jpg,,
sho_novakid_s13,Novakid,https://novakid.jp/,英語,sho_novakid_s13.jpg,,
sho_novakid_s14,Novakid,https://novakid.jp/,英語,sho_novakid_s14.jpg,,
sho_novakid_s16,Novakid,https://novakid.jp/,英語,sho_novakid_s16.jpg,,
sho_peppy_s01,ペッピーキッズクラブ,https://www.peppy-kids.com/,英語,sho_peppy_s01.jpg,,
sho_peppy_s02,ペッピーキッズクラブ,https://www.peppy-kids.com/,英語,sho_peppy_s02.jpg,,
sho_peppy_s03,ペッピーキッズクラブ,https://www.peppy-kids.com/,英語,sho_peppy_s03.jpg,,
sho_peppy_s04,ペッピーキッズクラブ,https://www.peppy-kids.com/,英語,sho_peppy_s04.jpg,,
sho_peppy_s05,ペッピーキッズクラブ,https://www.peppy-kids.com/,英語,sho_peppy_s05.jpg,,
sho_peppy_s06,ペッピーキッズクラブ,https://www.peppy-kids.com/,英語,sho_peppy_s06.jpg,,
sho_peppy_s07,ペッピーキッズクラブ,https://www.peppy-kids.com/,英語,sho_peppy_s07.jpg,,
sho_peppy_s08,ペッピーキッズクラブ,https://www.peppy-kids.com/,英語,sho_peppy_s08.jpg,,
sho_peppy_s09,ペッピーキッズクラブ,https://www.peppy-kids.com/,英語,sho_peppy_s09.jpg,,
sho_peppy_s10,ペッピーキッズクラブ,https://www.peppy-kids.com/,英語,sho_peppy_s10.jpg,,
sho_peppy_s11,ペッピーキッズクラブ,https://www.peppy-kids.com/,英語,sho_peppy_s11.jpg,,
sho_peppy_s12,ペッピーキッズクラブ,https://www.peppy-kids.com/,英語,sho_peppy_s12.jpg,,
sho_peppy_s13,ペッピーキッズクラブ,https://www.peppy-kids.com/,英語,sho_peppy_s13.jpg,,
sho_peppy_s14,ペッピーキッズクラブ,https://www.peppy-kids.com/,英語,sho_peppy_s14.jpg,,
sho_peppy_s15,ペッピーキッズクラブ,https://www.peppy-kids.com/,英語,sho_peppy_s15.jpg,,
sho_ripple_s01,リップルキッズパーク,https://ripple-kidspark.com/,英語,sho_ripple_s01.jpg,,
sho_ripple_s02,リップルキッズパーク,https://ripple-kidspark.com/,英語,sho_ripple_s02.jpg,,
sho_ripple_s03,リップルキッズパーク,https://ripple-kidspark.com/,英語,sho_ripple_s03.jpg,,
sho_ripple_s04,リップルキッズパーク,https://ripple-kidspark.com/,英語,sho_ripple_s04.jpg,,
sho_ripple_s05,リップルキッズパーク,https://ripple-kidspark.com/,英語,sho_ripple_s05.jpg,,
sho_ripple_s06,リップルキッズパーク,https://ripple-kidspark.com/,英語,sho_ripple_s06.jpg,,
sho_ripple_s07,リップルキッズパーク,https://ripple-kidspark.com/,英語,sho_ripple_s07.jpg,,
sho_ripple_s08,リップルキッズパーク,https://ripple-kidspark.com/,英語,sho_ripple_s08.jpg,,
sho_ripple_s09,リップルキッズパーク,https://ripple-kidspark.com/,英語,sho_ripple_s09.jpg,,
sho_ripple_s10,リップルキッズパーク,https://ripple-kidspark.com/,英語,sho_ripple_s10.jpg,,
sho_ripple_s11,リップルキッズパーク,https://ripple-kidspark.com/,英語,sho_ripple_s11.jpg,,
sho_risu_s01,RISU算数,https://www.risu-japan.com/,競合,sho_risu_s01.jpg,,
sho_risu_s02,RISU算数,https://www.risu-japan.com/,競合,sho_risu_s02.jpg,,
sho_risu_s03,RISU算数,https://www.risu-japan.com/,競合,sho_risu_s03.jpg,,
sho_risu_s04,RISU算数,https://www.risu-japan.com/,競合,sho_risu_s04.jpg,,
sho_risu_s05,RISU算数,https://www.risu-japan.com/,競合,sho_risu_s05.jpg,,
sho_risu_s06,RISU算数,https://www.risu-japan.com/,競合,sho_risu_s06.jpg,,
sho_risu_s07,RISU算数,https://www.risu-japan.com/,競合,sho_risu_s07.jpg,,
sho_risu_s08,RISU算数,https://www.risu-japan.com/,競合,sho_risu_s08.jpg,,
sho_risu_s09,RISU算数,https://www.risu-japan.com/,競合,sho_risu_s09.jpg,,
sho_risu_s10,RISU算数,https://www.risu-japan.com/,競合,sho_risu_s10.jpg,,
sho_risu_s11,RISU算数,https://www.risu-japan.com/,競合,sho_risu_s11.jpg,,
sho_risu_s12,RISU算数,https://www.risu-japan.com/,競合,sho_risu_s12.jpg,,
sho_risu_s13,RISU算数,https://www.risu-japan.com/,競合,sho_risu_s13.jpg,,
sho_risu_s14,RISU算数,https://www.risu-japan.com/,競合,sho_risu_s14.jpg,,
sho_risu_s15,RISU算数,https://www.risu-japan.com/,競合,sho_risu_s15.jpg,,
sho_risu_s16,RISU算数,https://www.risu-japan.com/,競合,sho_risu_s16.jpg,,
sho_sapuri_s01,スタディサプリ小学,https://studysapuri.jp/course/elementary/,競合,sho_sapuri_s01.jpg,,
sho_sapuri_s02,スタディサプリ小学,https://studysapuri.jp/course/elementary/,競合,sho_sapuri_s02.jpg,,
sho_sapuri_s04,スタディサプリ小学,https://studysapuri.jp/course/elementary/,競合,sho_sapuri_s04.jpg,,
sho_sapuri_s05,スタディサプリ小学,https://studysapuri.jp/course/elementary/,競合,sho_sapuri_s05.jpg,,
sho_seiha_s01,セイハ英語学院,https://www.seiha.com/,英語,sho_seiha_s01.jpg,,
sho_seiha_s02,セイハ英語学院,https://www.seiha.com/,英語,sho_seiha_s02.jpg,,
sho_seiha_s03,セイハ英語学院,https://www.seiha.com/,英語,sho_seiha_s03.jpg,,
sho_seiha_s04,セイハ英語学院,https://www.seiha.com/,英語,sho_seiha_s04.jpg,,
sho_seiha_s05,セイハ英語学院,https://www.seiha.com/,英語,sho_seiha_s05.jpg,,
sho_seiha_s06,セイハ英語学院,https://www.seiha.com/,英語,sho_seiha_s06.jpg,,
sho_seiha_s07,セイハ英語学院,https://www.seiha.com/,英語,sho_seiha_s07.jpg,,
sho_seiha_s08,セイハ英語学院,https://www.seiha.com/,英語,sho_seiha_s08.jpg,,
sho_seiha_s09,セイハ英語学院,https://www.seiha.com/,英語,sho_seiha_s09.jpg,,
sho_seiha_s10,セイハ英語学院,https://www.seiha.com/,英語,sho_seiha_s10.jpg,,
sho_seiha_s11,セイハ英語学院,https://www.seiha.com/,英語,sho_seiha_s11.jpg,,
sho_seiha_s12,セイハ英語学院,https://www.seiha.com/,英語,sho_seiha_s12.jpg,,
sho_seiha_s13,セイハ英語学院,https://www.seiha.com/,英語,sho_seiha_s13.jpg,,
sho_seiha_s14,セイハ英語学院,https://www.seiha.com/,英語,sho_seiha_s14.jpg,,
sho_seiha_s15,セイハ英語学院,https://www.seiha.com/,英語,sho_seiha_s15.jpg,,
sho_shane_s01,シェーン英会話 こども,https://www.shane.co.jp/kids/,英語,sho_shane_s01.jpg,,
sho_shane_s03,シェーン英会話 こども,https://www.shane.co.jp/kids/,英語,sho_shane_s03.jpg,,
sho_shane_s04,シェーン英会話 こども,https://www.shane.co.jp/kids/,英語,sho_shane_s04.jpg,,
sho_shane_s05,シェーン英会話 こども,https://www.shane.co.jp/kids/,英語,sho_shane_s05.jpg,,
sho_shane_s06,シェーン英会話 こども,https://www.shane.co.jp/kids/,英語,sho_shane_s06.jpg,,
sho_shane_s07,シェーン英会話 こども,https://www.shane.co.jp/kids/,英語,sho_shane_s07.jpg,,
sho_shane_s08,シェーン英会話 こども,https://www.shane.co.jp/kids/,英語,sho_shane_s08.jpg,,
sho_shane_s10,シェーン英会話 こども,https://www.shane.co.jp/kids/,英語,sho_shane_s10.jpg,,
sho_smilezemi_s01,スマイルゼミ小学生,https://smile-zemi.jp/shogaku/,競合,sho_smilezemi_s01.jpg,,
sho_smilezemi_s02,スマイルゼミ小学生,https://smile-zemi.jp/shogaku/,競合,sho_smilezemi_s02.jpg,,
sho_smilezemi_s03,スマイルゼミ小学生,https://smile-zemi.jp/shogaku/,競合,sho_smilezemi_s03.jpg,,
sho_smilezemi_s04,スマイルゼミ小学生,https://smile-zemi.jp/shogaku/,競合,sho_smilezemi_s04.jpg,,
sho_smilezemi_s05,スマイルゼミ小学生,https://smile-zemi.jp/shogaku/,競合,sho_smilezemi_s05.jpg,,
sho_smilezemi_s06,スマイルゼミ小学生,https://smile-zemi.jp/shogaku/,競合,sho_smilezemi_s06.jpg,,
sho_smilezemi_s07,スマイルゼミ小学生,https://smile-zemi.jp/shogaku/,競合,sho_smilezemi_s07.jpg,,
sho_smilezemi_s08,スマイルゼミ小学生,https://smile-zemi.jp/shogaku/,競合,sho_smilezemi_s08.jpg,,
sho_smilezemi_s09,スマイルゼミ小学生,https://smile-zemi.jp/shogaku/,競合,sho_smilezemi_s09.jpg,,
sho_smilezemi_s10,スマイルゼミ小学生,https://smile-zemi.jp/shogaku/,競合,sho_smilezemi_s10.jpg,,
sho_smilezemi_s11,スマイルゼミ小学生,https://smile-zemi.jp/shogaku/,競合,sho_smilezemi_s11.jpg,,
sho_smilezemi_s12,スマイルゼミ小学生,https://smile-zemi.jp/shogaku/,競合,sho_smilezemi_s12.jpg,,
sho_smilezemi_s13,スマイルゼミ小学生,https://smile-zemi.jp/shogaku/,競合,sho_smilezemi_s13.jpg,,
sho_smilezemi_s14,スマイルゼミ小学生,https://smile-zemi.jp/shogaku/,競合,sho_smilezemi_s14.jpg,,
sho_smilezemi_s15,スマイルゼミ小学生,https://smile-zemi.jp/shogaku/,競合,sho_smilezemi_s15.jpg,,
sho_smilezemi_s16,スマイルゼミ小学生,https://smile-zemi.jp/shogaku/,競合,sho_smilezemi_s16.jpg,,
sho_winbe_s01,WinBe,https://www.winbe.jp/,英語,sho_winbe_s01.jpg,,
sho_winbe_s02,WinBe,https://www.winbe.jp/,英語,sho_winbe_s02.jpg,,
sho_winbe_s03,WinBe,https://www.winbe.jp/,英語,sho_winbe_s03.jpg,,
sho_winbe_s04,WinBe,https://www.winbe.jp/,英語,sho_winbe_s04.jpg,,
sho_winbe_s05,WinBe,https://www.winbe.jp/,英語,sho_winbe_s05.jpg,,
sho_winbe_s06,WinBe,https://www.winbe.jp/,英語,sho_winbe_s06.jpg,,
sho_winbe_s07,WinBe,https://www.winbe.jp/,英語,sho_winbe_s07.jpg,,
sho_winbe_s08,WinBe,https://www.winbe.jp/,英語,sho_winbe_s08.jpg,,
sho_winbe_s09,WinBe,https://www.winbe.jp/,英語,sho_winbe_s09.jpg,,
sho_winbe_s10,WinBe,https://www.winbe.jp/,英語,sho_winbe_s10.jpg,,
sho_winbe_s11,WinBe,https://www.winbe.jp/,英語,sho_winbe_s11.jpg,,
sho_winbe_s12,WinBe,https://www.winbe.jp/,英語,sho_winbe_s12.jpg,,
sho_winbe_s13,WinBe,https://www.winbe.jp/,英語,sho_winbe_s13.jpg,,
sho_winbe_s14,WinBe,https://www.winbe.jp/,英語,sho_winbe_s14.jpg,,
sho_winbe_s15,WinBe,https://www.winbe.jp/,英語,sho_winbe_s15.jpg,,
sho_winbe_s16,WinBe,https://www.winbe.jp/,英語,sho_winbe_s16.jpg,,
sho_zkai_s01,Z会小学生,https://www.zkai.co.jp/el/,競合,sho_zkai_s01.jpg,,
sho_zkai_s02,Z会小学生,https://www.zkai.co.jp/el/,競合,sho_zkai_s02.jpg,,
sho_zkai_s03,Z会小学生,https://www.zkai.co.jp/el/,競合,sho_zkai_s03.jpg,,
sho_zkai_s04,Z会小学生,https://www.zkai.co.jp/el/,競合,sho_zkai_s04.jpg,,
sho_zkai_s05,Z会小学生,https://www.zkai.co.jp/el/,競合,sho_zkai_s05.jpg,,
sho_zkai_s06,Z会小学生,https://www.zkai.co.jp/el/,競合,sho_zkai_s06.jpg,,
sho_zkai_s07,Z会小学生,https://www.zkai.co.jp/el/,競合,sho_zkai_s07.jpg,,
sho_zkai_s08,Z会小学生,https://www.zkai.co.jp/el/,競合,sho_zkai_s08.jpg,,
sho_zkai_s09,Z会小学生,https://www.zkai.co.jp/el/,競合,sho_zkai_s09.jpg,,
sho_zkai_s10,Z会小学生,https://www.zkai.co.jp/el/,競合,sho_zkai_s10.jpg,,
sho_zkai_s11,Z会小学生,https://www.zkai.co.jp/el/,競合,sho_zkai_s11.jpg,,
sho_zkai_s12,Z会小学生,https://www.zkai.co.jp/el/,競合,sho_zkai_s12.jpg,,
sho_zkai_s13,Z会小学生,https://www.zkai.co.jp/el/,競合,sho_zkai_s13.jpg,,
sho_zkai_s14,Z会小学生,https://www.zkai.co.jp/el/,競合,sho_zkai_s14.jpg,,
sho_zkai_s15,Z会小学生,https://www.zkai.co.jp/el/,競合,sho_zkai_s15.jpg,,
sho_zkai_s16,Z会小学生,https://www.zkai.co.jp/el/,競合,sho_zkai_s16.jpg,,
shoei_s02,頌栄短期大学,https://www.glory-shoei.ac.jp/,学校,shoei_s02.jpg,,
shoei_s03,頌栄短期大学,https://www.glory-shoei.ac.jp/,学校,shoei_s03.jpg,,
shoei_s04,頌栄短期大学,https://www.glory-shoei.ac.jp/,学校,shoei_s04.jpg,,
shoei_s05,頌栄短期大学,https://www.glory-shoei.ac.jp/,学校,shoei_s05.jpg,,
shoei_s06,頌栄短期大学,https://www.glory-shoei.ac.jp/,学校,shoei_s06.jpg,,
shoei_s07,頌栄短期大学,https://www.glory-shoei.ac.jp/,学校,shoei_s07.jpg,,
shoei_s08,頌栄短期大学,https://www.glory-shoei.ac.jp/,学校,shoei_s08.jpg,,
shoei_s09,頌栄短期大学,https://www.glory-shoei.ac.jp/,学校,shoei_s09.jpg,,
shoei_s11,頌栄短期大学,https://www.glory-shoei.ac.jp/,学校,shoei_s11.jpg,,
shoei_s12,頌栄短期大学,https://www.glory-shoei.ac.jp/,学校,shoei_s12.jpg,,
shoei_s13,頌栄短期大学,https://www.glory-shoei.ac.jp/,学校,shoei_s13.jpg,,
shoei_s14,頌栄短期大学,https://www.glory-shoei.ac.jp/,学校,shoei_s14.jpg,,
steamstudio_s01,STEAM STUDIO,https://steam-studio.net/,キッズ,steamstudio_s01.jpg,,
steamstudio_s03,STEAM STUDIO,https://steam-studio.net/,キッズ,steamstudio_s03.jpg,,
steamstudio_s05,STEAM STUDIO,https://steam-studio.net/,キッズ,steamstudio_s05.jpg,,
steamstudio_s06,STEAM STUDIO,https://steam-studio.net/,キッズ,steamstudio_s06.jpg,,
steamstudio_s07,STEAM STUDIO,https://steam-studio.net/,キッズ,steamstudio_s07.jpg,,
steamstudio_s08,STEAM STUDIO,https://steam-studio.net/,キッズ,steamstudio_s08.jpg,,
steamstudio_s09,STEAM STUDIO,https://steam-studio.net/,キッズ,steamstudio_s09.jpg,,
steamstudio_s10,STEAM STUDIO,https://steam-studio.net/,キッズ,steamstudio_s10.jpg,,
steamstudio_s14,STEAM STUDIO,https://steam-studio.net/,キッズ,steamstudio_s14.jpg,,
tanq_s01,探究学舎,https://tanqgakusha.jp/,キッズ,tanq_s01.jpg,,
tanq_s02,探究学舎,https://tanqgakusha.jp/,キッズ,tanq_s02.jpg,,
tanq_s03,探究学舎,https://tanqgakusha.jp/,キッズ,tanq_s03.jpg,,
tanq_s05,探究学舎,https://tanqgakusha.jp/,キッズ,tanq_s05.jpg,,
tanq_s07,探究学舎,https://tanqgakusha.jp/,キッズ,tanq_s07.jpg,,
tanq_s08,探究学舎,https://tanqgakusha.jp/,キッズ,tanq_s08.jpg,,
tanq_s10,探究学舎,https://tanqgakusha.jp/,キッズ,tanq_s10.jpg,,
tanq_s11,探究学舎,https://tanqgakusha.jp/,キッズ,tanq_s11.jpg,,
tanq_s12,探究学舎,https://tanqgakusha.jp/,キッズ,tanq_s12.jpg,,
unico_s01,unico,https://unico-jp.net/,キッズ,unico_s01.jpg,,
unico_s02,unico,https://unico-jp.net/,キッズ,unico_s02.jpg,,
unico_s03,unico,https://unico-jp.net/,キッズ,unico_s03.jpg,,
unico_s04,unico,https://unico-jp.net/,キッズ,unico_s04.jpg,,
unico_s05,unico,https://unico-jp.net/,キッズ,unico_s05.jpg,,
unico_s06,unico,https://unico-jp.net/,キッズ,unico_s06.jpg,,
unico_s07,unico,https://unico-jp.net/,キッズ,unico_s07.jpg,,
unico_s08,unico,https://unico-jp.net/,キッズ,unico_s08.jpg,,
unico_s10,unico,https://unico-jp.net/,キッズ,unico_s10.jpg,,
unico_s11,unico,https://unico-jp.net/,キッズ,unico_s11.jpg,,
unico_s12,unico,https://unico-jp.net/,キッズ,unico_s12.jpg,,
unico_s13,unico,https://unico-jp.net/,キッズ,unico_s13.jpg,,
unico_s14,unico,https://unico-jp.net/,キッズ,unico_s14.jpg,,
unico_s16,unico,https://unico-jp.net/,キッズ,unico_s16.jpg,,
yamanomi_s01,やまのみ保育園,https://yamanomi-hoiku.com/,キッズ,yamanomi_s01.jpg,,
yamanomi_s02,やまのみ保育園,https://yamanomi-hoiku.com/,キッズ,yamanomi_s02.jpg,,
yamanomi_s03,やまのみ保育園,https://yamanomi-hoiku.com/,キッズ,yamanomi_s03.jpg,,
yamanomi_s04,やまのみ保育園,https://yamanomi-hoiku.com/,キッズ,yamanomi_s04.jpg,,
yamanomi_s05,やまのみ保育園,https://yamanomi-hoiku.com/,キッズ,yamanomi_s05.jpg,,
yamanomi_s06,やまのみ保育園,https://yamanomi-hoiku.com/,キッズ,yamanomi_s06.jpg,,
yamanomi_s07,やまのみ保育園,https://yamanomi-hoiku.com/,キッズ,yamanomi_s07.jpg,,
yamanomi_s08,やまのみ保育園,https://yamanomi-hoiku.com/,キッズ,yamanomi_s08.jpg,,
yamanomi_s09,やまのみ保育園,https://yamanomi-hoiku.com/,キッズ,yamanomi_s09.jpg,,
yamanomi_s10,やまのみ保育園,https://yamanomi-hoiku.com/,キッズ,yamanomi_s10.jpg,,
yamanomi_s11,やまのみ保育園,https://yamanomi-hoiku.com/,キッズ,yamanomi_s11.jpg,,
yugao_s01,巴里夕顔,https://paris-yugao.jp/,表現,yugao_s01.jpg,,
yugao_s06,巴里夕顔,https://paris-yugao.jp/,表現,yugao_s06.jpg,,
yugao_s07,巴里夕顔,https://paris-yugao.jp/,表現,yugao_s07.jpg,,
yugao_s08,巴里夕顔,https://paris-yugao.jp/,表現,yugao_s08.jpg,,
yugao_s10,巴里夕顔,https://paris-yugao.jp/,表現,yugao_s10.jpg,,
yugao_s13,巴里夕顔,https://paris-yugao.jp/,表現,yugao_s13.jpg,,
yugao_s14,巴里夕顔,https://paris-yugao.jp/,表現,yugao_s14.jpg,,
yugao_s15,巴里夕顔,https://paris-yugao.jp/,表現,yugao_s15.jpg,,
