id,type,name,priority,summary,when,avoid,slots,exampleIds
hero/hero-photo-negative-space,hero,全面写真・余白抜き見出し型,1,画面高85–100vhを写真1枚で埋め、見出しは中央に置かず被写体の空いている側（左1/3、または左下）へ白抜きで流し込む。前提条件は写真選定で、「被写体が片側に寄り、反対側が抜けている」カットを選ぶ。抜けが足りない写真は、テキスト側の端が黒35%→被写体側で0になる横方向の線形グラデを重ねて可読性を作る（半透明のベタパネルは敷かない。写真が濁って一気に安くなる）。日本語見出しは縦組みが効く：右上起点で字送り、行間1.6em前後、字間0.1em。縦組みの脇に欧文タグラインや手書きスクリプトを直交方向に添えて視線をL字に折ると、写真の中に「文字の島」ができる。文字ブロックの外周は最低7vwの余白を確保し、被写体に一切かぶせない。ヘッダーは背景透過でロゴ左・ナビ右、CTAだけ1つ色ベタの矩形で浮かせて透過ヘッダーの中に硬い点をつくる。画面右端には縦組みのSCROLLか固定CTAタブを貼る。下端は次セクションの地色へ直角に切るか、波・大円弧で1回だけ切る（切るなら1回だけ。2回以上やると装飾に見える）。,主役になる写真が1枚あり、その1枚で世界観が伝わる / 情緒・空気感で引き込みたい / ブランド名や施設名の認知が先にある / 見出しが短く2行で収まる,見出しが3行以上／説明が必要 / 写真に抜けがなく被写体が中央にいる / 価格・実績・数字を最初に見せたい / 写真の解像度や色が弱い,背景写真1枚（片側が抜けた構図） / 見出し（縦組み可・2行まで） / 欧文/手書きのタグライン / ロゴ / ナビ / CTAボタン1つ / 縦組みSCROLL・固定タブ,buddies_s01 sho_seiha_s01 sho_peppy_s01 koran_s01
hero/hero-photo-card-cutin,hero,全面写真・白カード食い込み型,1,背景は全面写真（人物の顔が画面右2/3に来る構図）。その上に不透明の白い矩形カードを画面左端から食い込ませる。カードは幅35–42%、上下は画面高の中央60%に収め、角丸は0にして版面の硬さを出す。左マージンは0——カードが画面外から差し込まれているように見せるのが肝で、四辺に余白のある「浮いたカード」にすると凡庸になる。カード内は上から、色ベタの小ラベル＋日付/カテゴリ → 3行までの大見出し（clamp 20–30px、行間1.5、末尾は…で切ってよい） → 細い罫1本 → 肩書＋氏名 → #タグ列（10–11px）。画面下端には黒帯（高さ40–56px）を全幅で通し、キーワードを右→左へ無限マーキーで流す。帯の左端にはラベルを固定して帯の意味を示す。カードの下に前後矢印と「2 - 4」形式のインデックスを置けばそのままスライダー化でき、記事や人物を差し替えて回せる。右端に縦組みSCROLL。,記事・人物・事例を入口で見せて回したい / コンテンツが継続的に増える / 写真の質にばらつきがあり、文字側で品質を担保したい / キーワードで守備範囲の広さを見せたい,見せたい写真が1枚だけで邪魔したくない / コピーが一言だけ（カードがスカスカになる） / トーンが静か・上品（黒帯マーキーが強すぎる）,背景写真（差し替え前提） / カテゴリラベル / 日付 / 見出し3行 / 肩書＋氏名 / タグ列 / 下端マーキーの語群 / 前後矢印＋インデックス,odrive_s01
hero/hero-object-collage,hero,地に貼るコラージュ型,1,背景は写真ではなく地（白／淡色ベタ／クラフト紙などのテクスチャ）。写真は面を埋めるものではなく「貼られたオブジェクト」として置き、1枚ずつ違う形にマスクする（角丸長方形・円・楕円・アーチ・シール状の角丸カード）。リズムは2択。(a)散らし＝絶対配置で7〜12点、最大:最小=3:1、回転は±3度まで、画面中央に大きな余白の谷を作りそこへ見出しと手描き風の線画を置く。(b)整列＝角丸写真3枚を横一列（各幅26–30%、間隔2–3%）に並べ、-3/+2/-1度だけ振って手で置いた感じを出す。どちらも地とセクションの境界は直線で切らず、大きな円弧か有機的な波で1回だけ切って次の色へ渡す（linie型は下から白い大円弧で深緑を抜く）。余白には縦組みの小さな日本語、手描き線、円形バッジ（対象年齢・TARGET等、直径120–160px）を配して間を埋める。写真の縁は影を落とさず、地との差は形だけでつける。画面右端の縦組み固定タブ（資料請求・体験）と相性が良い。,素材が「良い瞬間の写真の集まり」 / 親しみ・手づくり感・こどもや地域の温度を出したい / ブランドカラーが2色以上ある / 1枚で強い写真がない,端正さ・信頼感が主題（士業・医療の一部） / 写真の背景がバラバラで色が濁る / 素材が3枚未満 / 文字情報が多く読ませたい,地（ベタ色／テクスチャ） / 写真3〜12枚（形違いのマスク） / 見出し / リード / 手描き線画・ロゴ / 円形バッジ（対象・数値） / 縦組み固定タブ / 境界の円弧／波,gakugei_s01 kase_s01 linie_s01
hero/hero-photo-mosaic,hero,写真タイル敷き詰め型,2,ヒーローを1枚の写真でなくタイルで埋める（隙間0か2px）。(a)均一＝同寸の小タイルを8〜10列×4〜5行、群れの量感を出す。(b)不均一＝大1枚＋中2枚＋小2〜3枚をグリッド分割で組み、1枚の絵に見せる。どちらも中央の帯（画面高の35%前後）だけ黒40–55%で落とし、そこへ見出しとリード3行を白抜きで置く。落とすのは矩形でなく上下がぼけた線形／楕円グラデにして、暗幕の外にタイルの端が見えるようにする（矩形で落とすと後付けの黒板に見える）。左上にキャンペーンの円形バッジ（直径120–160px、-8度程度で斜めに）、下中央に角丸ピルのCTA（幅280–360px）を重ねる。タイルの一部を動画にする、あるいは一定間隔で1枚ずつ差し替えると面が生きる。ヘッダーはこの型に限り白ベタで固定し、ざわついたタイル面と分離する。,人数・事例数・拠点数など「量」そのものが価値 / 良い写真が多数あるが単体で強いものがない / 賑わい・参加感を出したい,高級感・静けさを出したい / 素材が3枚以下 / 被写体の表情を1つ見せたい,写真タイル8〜40枚 / 見出し / リード3行 / 円形バッジ / CTAピル / 固定ヘッダー,tanq_s01 sho_atama_s01
hero/hero-type-watermark-mask,hero,巨大タイポ地紋・型抜き写真型,2,主役は背景に敷いた巨大な文字。ロゴタイプかブランド名の欧文を画面幅の100〜130%まで拡大し、地色との差を10–15%に落として（アウトライン線画、または不透明度15–25%のグラデ塗り）版面いっぱいに敷く。文字は画面外に切れてよく、むしろ両端を切ったほうが大きさが伝わる。その上に写真を「型」で抜いて重ねる。型はアーチ（上辺だけ半円）を基本に円・楕円も可。写真1枚を中央に大きく（幅55–65%、上辺アーチ・下辺直線）置けば静かで上品になり、5〜8枚を小さく散らせば賑やかになる。最前面に切り抜き被写体（人物・キャラクター）を1点だけ立てると、文字→写真→切り抜きの3層で奥行きが出る。地色はごく淡い1色（クリーム・淡ピンク）に限定し、写真の色数を制御する。ヘッダーは地に溶かし、CTAだけ円形ボタンで最前面に浮かせる。,ブランド名・施設名そのものを記憶させたい / 写真の点数が少ない / 上質さ・静けさ、または世界観の濃さを出したい / 採用・ブランドサイトの入口,訴求コピーが長い / 価格・実績を先に出す必要がある / ブランド名が長く字が組めない / 地色に対して写真が色数過多,巨大タイポ（ブランド名／英字1語） / 地色 / 型抜き写真1〜8枚 / 切り抜き被写体1点 / 見出し（短句） / 円形CTA,yugao_s01 sanrio_s01
hero/hero-split-utility-panel,hero,縦2分割・常設パネル型,2,画面を縦に割り、片側60–65%は全高の写真（またはスライダー）、もう片側35–40%は地色ベタのパネルにして、ロゴ・正式名称・住所/電話・CTA2つ・主要リンク一覧を上から積む。要点はパネルを「もう1つのグローバルナビ」として働かせること。リンクは9〜10行まで、中央揃え・行間2.2emで等間隔に流す。パネルの色は写真から拾った濃い1色（金・紺・深緑）、文字は白か生成り。CTAは2つだけにして白抜き＋濃ベタのように明度で対比させる。写真側は上下左右に地の余白を4–6%残して額装するか、完全に断ち落とすかを決め、中途半端にしない。写真の中央下にスライダーのドット、その下にSCROLL。ヘッダーはパネルの外に置かず中へ吸収し、ハンバーガーだけ右上に残す。nakamura型のように、パネルを写真の上に重なる白いカード列（アコーディオン式メニュー）として置く変形も同じ骨格。,入口が多い（学校・施設・複数事業） / 住所や電話を最初に出す必要がある / 回遊させたい／下層が深い / 写真は雰囲気づけで足りる,1つの行動だけさせたい単発LP / 写真1枚で情緒的に引きたい / リンクが4本以下でパネルがスカスカになる,全高写真／スライダー / パネル地色 / ロゴ＋正式名称 / 住所・電話 / CTA2つ / リンク一覧9〜10行 / スライダードット＋SCROLL,musashino_s01 nakamura_s01
hero/hero-type-only,hero,タイポ1点・写真なし型,3,ヒーローに写真を入れず文字だけで画をつくる。(a)極大＝画面幅いっぱい（左右余白4%）に1語だけを詰め、字面が切れる寸前まで大きくする（clamp 12–18vw、字間-0.02em）。背景には細い縦罫グリッド（8〜12本、1px、彩度の低い青やグレー）を全面に走らせ、文字はそれを踏み越えるベタ色で重ねる。ナビは細字で右上に小さく寄せ、CTAだけ文字と同色のピルにして画面内の色を2色に固定する。(b)静＝上下左右に大きく余白を取り、中央にロゴタイプ1点＋その上下に1行ずつ（タグライン／読み仮名）だけを置き、他は一切入れない。上の余白は画面高の35%以上。どちらも次セクションの1行目がファーストビュー下端にわずかに覗くようにしてスクロールを促す。,ブランド名や一語のコンセプトで殴りたい / 写真素材が弱い、または用意できない / コーポレート／採用の入口 / タイポグラフィで語れるロゴがある,何屋か分からないと離脱する新規向けLP / CVを直接取りにいくLP / 名前に説明力がない / 情報を積む必要がある,巨大文字1語／ロゴタイプ / タグライン1行 / 読み仮名・補足1行 / 背景グリッド線 / ナビ / CTAピル,unico_s01 steamstudio_s01
features/features-3col-icon-cards,features,3カラム・カード整列（番号バッジ／アイコン）,1,コンテナ max1100〜1200px、3等幅カラム、gap 24〜32px。カードは角丸16〜20px、内側パディング28〜32px。カード内の順序は「番号バッジ or 線アイコン(40〜56px)」→見出し2行以内(18〜20px/太)→本文2〜3行(14〜15px/行間1.8)→（任意）実績値1行 or 詳細リンク1行、で全カード固定。番号バッジは直径40〜48pxの円をカード上辺に半分かぶせて外へ出す（その分カード上パディングを+24px確保）。差別化は次の3つから【1つだけ】選ぶ:(a)カードごとに背景をパステルで塗り分ける（見出し色は共通のまま／色は3色まで）、(b)カード上辺にラベル帯を帽子のように乗せて上へはみ出させる、(c)詳細リンク行だけ白い角丸の箱に切り出してカード下端に固定し、行末に丸アイコンボタンを揃える。イラストや写真を使う場合はテキストを上半分に固め、絵はカード下端に沈めて左右いっぱいまでブリードさせる（絵の高さは揃えず、カード下辺で切る）。セクション見出しは中央寄せ、リード文との間24px、カード群との間56〜72px。カード群の直下に単独のピル型CTAを1つだけ中央置きしてブロックを閉じる。,特徴が3つで並列（優劣・順序に意味がない） / 各項目を1〜2行で言い切れる / 写真素材が弱く、アイコンやイラストで成立する,項目が4つ以上あり、かつ各項目の文量が多い / 1項目ごとに写真の説得力が必要 / 番号の順序（工程・段階）に意味がある,セクション見出し / リード文 / 番号またはアイコン×3 / カード見出し×3 / カード本文×3 / 実績値または詳細リンク×3 / CTAラベル,sho_gakken_s05 hanamaru_s06 sho_kimini_s09 sho_zkai_s05 meisei-es_s06 sho_kimini_s08
features/features-slab-number-photo,features,ベタ面＋巨大連番＋写真ずらし重ね（1項目1ブロック）,1,1項目=1ブロックを縦に反復し、左右を交互反転する。各ブロックは3レイヤー構造。(1)最背面=巨大連番：240〜360px、ブランド色の淡いトーンまたは白抜き、数字の一部をブロック外/画面外へ逃がす。数字のベースライン脇に VALUE / POINT などの小ラベルを11〜12px・letter-spacing 0.2emで添える。(2)中景=ブランド色のベタ角丸ブロック：高さ380〜460px、画面の片端まで裁ち落とし、逆側の角だけ32〜40pxの角丸。(3)前景=写真：角丸16〜24px＋白フチ8〜12px（または影）で、ベタ面から40〜80pxはみ出させて重ねる。見出しはベタ面の【外・上】に置いて面から飛び出させ、面と見出しを重ねない。本文は写真の下または反対側に420〜520px幅で置く。ブロック間の余白は96〜120px、地の背景は白のままにして色は面まわりだけに閉じ込める。写真上にラベルを載せるときはタブ型・吹き出し型・旗型にして写真の上辺か左上角に差し込み、写真の内側には文字を置かない。派生:人物の切り抜き写真の下端に円アイコン列（直径64〜72px・4連）や月桂冠バッジを半分かぶせ、要素を写真1枚の中に収める。,特徴が3〜4で、1つずつの主張が重い / 写真が強く、1枚で伝わる / ブランド色をページの主役として見せたい,写真が弱い／素材感が出る / 項目が5つ以上（同じ演出が反復して飽きる） / 1項目の本文が長く、面の中に収まらない,連番 / 小ラベル（VALUE/POINT/強み） / 見出し / 本文 / 写真 / タブ型ラベルまたはバッジ,sho_seiha_s08 sho_seiha_s07 sho_eikenacademy_s04 sho_eikenacademy_s05 sho_smilezemi_s11 sho_meiko_s04
features/features-alt-row-cards,features,横長カード縦積み・写真とテキストを1枚ごと左右反転,1,"背景に淡い色面（ブランド色5〜8%）を敷き、その上に白の角丸カード（角丸20〜24px、パディング24〜32px、影は薄く 0 2px 12px rgba(0,0,0,.06)）を24〜32px間隔で縦に積む。カード内は横2分割で、写真40〜45% / テキスト55〜60%、写真は角丸12〜16px。1枚ごとに写真とテキストの左右を入れ替える。テキスト側は「POINT n などの小ラベル→リード一言(13〜14px)→見出し2行(20〜24px・強調したい語だけブランド色)→CTAボタン」の順を全カードで固定し、ボタンの水平位置を全カードで揃える（カード高さは揃わなくてよいが、ボタンのx位置だけは揃える）。装飾はカードの輪郭に対するもの1種だけに限定する（四隅から飛び出すかぎ括弧線、角の色線など）。カード内部に飾りを足さない。カード群の直下で背景色を切り替え、次セクションの見出しを中央に置いて区切る。",特徴が4〜6で数が多い / 各項目に固有の写真がある / 各項目から個別の詳細ページへ送客したい,項目が3つ以下（縦に間延びする） / 写真が用意できない / 1項目の本文が5行以上必要,小ラベル／番号 / リード一言 / 見出し / 本文 / 写真 / CTAラベル,sho_peppy_s06 sho_peppy_s05 sho_smilezemi_s12 sho_atama_s05
features/features-staggered-2col,features,ずらし2カラム（段違い・番号バッジ食い込み）,2,2カラムグリッド（gap 40〜64px）だが右カラム全体を60〜100px下へずらして段違いにし、縦方向のリズムを作る。各項目は「写真→見出し2行→本文3〜4行」の縦積み。写真は角丸16px、ただし片側の角だけ40〜56pxと大きく落として同型の反復を崩す。番号は直径56〜72pxの細線の円バッジで、写真の左上角に40〜50%食い込ませる。バッジの塗りは地の背景と同色にして、写真を丸く欠いたように見せる。見出しは写真の下20〜24px、本文14〜15px/行間1.9、カラム幅は300〜380pxに抑えて1行22〜26字にする。派生:見出しを縦書きにして写真の外側（カラムの脇）に立て、写真は白フチ＋角丸で1〜2度だけ傾けたスナップ風にすると硬さが抜ける。傾けるのは写真だけで、テキストは必ず水平を保つ。,項目が4〜6 / 写真の縦横比や被写体の質が揃わない / 整列しすぎて事務的に見えるのを避けたい,項目間を比較して読ませたい（段違いは比較に向かない） / 項目ごとに重要度の差がある / 項目が奇数で最後の1枚が余る,番号 / 見出し / 本文 / 写真,shoei_s06 shoei_s07 linie_s06
features/features-anchor-visual-list,features,ビジュアル1点を軸に連番リストを対向配置,2,左右2分割（ビジュアル40〜45% / リスト55〜60%、gap 56〜80px）。片側にビジュアルを【1点だけ】置く（正円クリップの人物写真／動画サムネ／アプリUIなど。円にする場合は直径360〜440pxで、細い罫や星などのあしらいを円の外周に半分かける）。対向側に3〜6項目を縦に積み、各項目は「連番(36〜48px・細字や明朝で、見出し左に24〜32pxの余白を空けて置く)→リード1行(13〜14px)→大きめの見出し(英字大文字なら28〜34px・字間広め)→箇条書き2〜3行(先頭に小さな丸)」。項目ごとの区切り線は引かず、リスト全体の左端に縦罫を1本通して束ねる（縦罫と番号の間16px）。項目数が増えてもビジュアルは1点のままにして視線のアンカーにする。ビジュアルをスライダーにする場合は、対向テキストの下に「◀ ▶ ＋ 1/5 カウンタ」を右寄せで置き、枠は固定して中身だけ差し替える。アイコン付き一行リストにするなら行高48〜56px、アイコン28〜32pxを左端で揃え、テキストは必ず1行で切る。,特徴が抽象的で、項目ごとの写真を用意できない / 3つの柱・理念など概念を並べる / 縦に長くせずPCの1画面に収めたい,各項目に固有の強い写真がある（そちらを見せた方が強い） / 項目が7つ以上 / スマホ流入が主体のLP（左右分割の利点が消える）,セクション見出し / ビジュアル1点 / 連番×n / 各リード / 各見出し / 各箇条書き / スライダーカウンタ（任意）,musashino_s08 sho_novakid_s03 sho_novakid_s10 sho_risu_s13
features/features-proof-diagram,features,図・表で証明する（文章にしない）,2,1セクション=1つの図解。左に見出し＋解説文（幅380〜460px、左端に2〜3pxの縦罫を立てて字下げ20px）、右に図版（幅480〜560px）の2分割にするか、図版を中央720〜860pxで単独に置く。図版は用途で3型。(a)表型:週間スケジュールなどの格子。既存の状態は黒/グレーの枠、自社が足す分だけブランド色の枠＋淡い塗りにして塗り分け、破線枠と上下方向の矢印で「前倒し」「延長」など差分だけを注記する。表の下に11pxの注記行を右寄せで置く。(b)対比型:同型の図版2枚を横並びにし、それぞれの直下に吹き出し型キャプションを付けてBefore/Afterとして読ませる。2枚の間は40〜56px、中央に「＋」や「→」の記号だけを置く。(c)概念型:中心に結論（2行の見出し）を置き、その周囲に六角形や円を花状に等間隔配置、各図形内は「見出し1語＋説明1行」だけに絞る。共通ルール:図版の色数は2色＋グレーまで、線は1〜1.5px、図版内の最小文字は13px（本文より小さくしない）。図の意味を本文で説明し直さないこと（説明が要る図は作り直す）。,「時間が増える」「工程が減る」など数量・前後関係が主張の核 / 競合や従来と条件を比較させたい / 文章にすると長くなる仕組みの説明,図版を作る素材・工数がない / 主張が感情的な価値（安心・楽しさ） / 図が複雑で説明文が必要になる,見出し / 解説文 / 図版（表／対比／概念） / 図版内ラベル群 / 注記,sho_atama_s08 sho_zkai_s06 musashino_s13 sho_risu_s03
features/features-photo-tile-mosaic,features,写真タイルの段違い敷き詰め（幅の広さを量で見せる）,3,1つの主張（例「選択肢は◯◯業界すべて」）の下に、6〜10枚の写真タイルを2列で段違いに敷き詰める。タイルは150〜200px角前後、角丸8〜12px、列ごとに40〜60pxの縦オフセットを付けて上下をずらす。各タイルの左下に小さなタグラベル（白地・角丸4px・11〜12px・先頭に小さなドット）を写真の下辺に半分かぶせて置く。背景には薄い連番（120〜200px、opacity 0.08〜0.12）と縦書きのセクション見出しを重ね、タイル群はその上に乗せる。主張のコピーはタイル群の上に置き、キーワードだけ蛍光色のマーカー帯で塗る。1枚あたりの情報はタグ1語に限り、全部読ませない前提で「多い」ことだけを伝える。写真の下にコピーのラベルを半分はみ出させて重ね、その下に白い角丸ピルのボタンを置く形で1枚を主役にする縮小版としても使える。,対応範囲・選択肢の多さそのものが売り / 業種・職種・コースの一覧を魅力として見せたい / 写真が数多くある,写真が3枚以下 / 各項目を比較検討させたい（一覧表の方が親切） / 写真の画質・トーンがばらばら,セクション見出し（縦書き可） / 連番 / 主張コピー / 写真タイル×6〜10 / 各タグラベル / CTAピル（任意）,nakamura_s03 nakamura_s06
value/value-arc-split,value,弧で削いだハーフ分割（写真×テキスト）,1,"セクションを左右2枚に割る。写真側は画面の外端まで裁ち落とし、幅52〜58%。テキスト側は残り幅で、内側の余白は最低80px。決定的なのは写真の""内側の辺""を矩形のまま残さないこと——半径が写真高さの0.8〜1.2倍の大きな円弧（または半円アーチ）でクリップし、円の中心は画面外に置く。テキスト側は上から 見出し→本文→リンクピル の縦積みで左寄せ。見出しの背後にだけ淡いグラデ帯（写真側の色を薄めた色→透明）を1行分敷き、帯は見出しの左端より24px外へ出して本文と段差をつける。本文は max 34em・行間1.9。最下部に枠線だけのピルを2〜3個横並び（gap 12px、各ピルの右端に細い矢印）。上下パディング120px。背景は隣接セクションと同色になるなら紙テクスチャで差をつける。この型を2〜4本続けるときは写真とテキストの左右を毎回反転させ、弧の向きも反転させる。暗色地で使う場合は本文中の一語だけ差し色にして視線の着地点を作る。",価値を2〜4本、それぞれ写真つきで説明したい / 直線的なグリッドの硬さを和らげたい / 各項目から下層ページへ導線を出したい,写真がバストアップで顔が弧に切られる / 本文が3行未満で片側の余白が持たない / 写真を矩形のまま置くしかない（それは凡庸な2カラムになる）,見出し / 本文 / 写真1 / リンクピル（0〜3）,koran_s04 koran_s05 koran_s06 koran_s07 koran_s08 musashino_s12
value/value-panel-on-photo,value,全面写真にテキストパネルを重ねる,1,"写真をセクション全面に裁ち落とす（高さ520〜640px）。その上にテキストパネルを1枚だけ重ねる。置く位置は必ず写真の""被写体がいない側""——壁・空・床など空いた面にちょうど収まる位置で、被写体を隠さない。パネルは写真の外形から必ずはみ出させる（左右どちらかを画面外へ食い込ませる／上下どちらかを写真の外へ出す）。形は2択：(a) 白の角丸カード、幅38〜42%・内側パディング40px・影は薄く大きく・角丸8〜16pxで硬めに (b) 濃色の巨大な正円、直径はセクション高の1.1倍（＝上下が切れる）、テキストは円の中心40%幅に収める。パネル内は 小ラベル（英字）→見出し→本文3〜5行→テキストリンク or 小さな塗りボタン、の縦積み。写真側は対角の2隅だけを大きく角丸にして、パネルの形（直線 or 円）と対比を作る。写真の色が強い場合でもベールは掛けない——パネルの不透明な面で読ませる。",写真1枚が強く、それを主役に置いたまま説明も入れたい / 現場・人物の空気で信頼を作りたい / セクションを1つの絵として見せたい,被写体が画面中央にいてパネルの逃げ場がない / 本文が8行を超える（読ませるなら分割型やテキスト柱型へ） / 写真の解像度が低い（全面に伸ばすと粗が出る）,小ラベル / 見出し / 本文 / 写真1（全面） / ボタン/リンク,unico_s06 ogawa_s05
value/value-card-cutout,value,色ベタ地の白カード＋切り抜き人物のはみ出し,1,セクション全面を彩度の高いブランド色のベタで塗る（上下2色に割ってもよい）。中央に白い角丸カード（幅76〜82%・角丸24〜40px・上下パディング64px）をやや上へオフセットして浮かせる。カード内は中央揃えで リード1行（小さめ・字間広め）→「＝」などの記号1つ→3行に折った大コピー→ピルボタン、の順。要はカード内は静かに整える。動きは外側で作る：背景を抜いた切り抜き人物を2〜3体、カードの左右の縁と下辺にまたがるように配置し、カードの矩形を壊して前後関係を作る。切り抜きは足元・頭を絶対に切らずカードの外側へ出し切る。さらに余白へ小さな手描き記号（星・音符・花・波線）を4〜8個、人物と重ならない位置に散らす。見出しを枠線の吹き出しボックスに入れる、セクション下端を波形にして次の面へ切り替える、といった処理を足すとベタ色が締まる。,明るさ・親しみやすさを訴求したい / 切り抜ける人物写真がある / 言い切りを1つだけ大きく見せたい,切り抜き素材が用意できない（矩形写真では成立しない） / 落ち着き・格式のトーン / カードに入れたい情報が多く中央揃えが崩れる,リード1行 / 大コピー（3行） / ボタン / 切り抜き人物2〜3 / 手描き記号,hanamaru_s07 sho_hanamaru_s07 yamanomi_s05
value/value-statement-column,value,宣言文の1本柱＋余白への差し込み,1,濃い単色ベタ（えんじ・深紅・濃紺）または無地の紙地を敷き、中央に細いテキスト柱を1本だけ立てる。柱の幅は30〜38%（max 30em）で、それ以外にレイアウト要素を置かない。本文は句点ごとに改行した3〜5行を1ブロックとし、ブロック間を96px空け、区切りに柱幅いっぱいの点線／細罫を入れる。文字は本文サイズのまま大きくせず、行間2.0で読ませる。左右に残った広い余白へ、背景を抜いた小さめの切り抜き写真（柱の高さの1/4以下）を上下ジグザグに2〜4枚、影なしで地に浮かせる。切り抜きが無ければ角丸写真を画面の左右端から半分だけ差し込む（本文の1カラムは絶対に崩さない）。最後だけ書き文字級数の1行（本文の3〜4倍）を中央に置いて締め、その左右に線画モチーフを1つずつ添える。,理念・コンセプトを長めの文章で読ませたい / 写真が弱い／少ない / 色そのもので世界観を作りたい,本文が2〜3行しかない（ただの中央寄せテキストになる） / 切り抜きも端差し込み写真も用意できない / 短い言い切り1本だけを見せたい（巨大文字型へ）,小ラベル（CONCEPT等） / 本文ブロック×3〜4 / 切り抜き写真2〜4 / 締めの1行,meisei-es_s02 meisei-es_s03 meisei-kg_s03 r-reha_s04
value/value-vertical-heading-3col,value,縦組み見出し×重ね写真×テキスト面の3列,1,3列で組む。左20%＝縦組みの大見出し（1行、字間広め、最大12文字）と、その右に縦組みの小さな英字ラベルを添える。中央45%＝写真で、角丸カードを2〜3枚、右下へ8〜16pxずつずらして重ね、一番上の1枚だけ1〜2度傾ける（重ねた下のカードは白フチか薄影で存在を見せる）。右35%＝薄グレー／淡色のベタ面に乗せた本文ブロックで、左端を中央の写真カードの上に60〜100px重ねて列の境界を溶かす。本文の下にピル型リンク（右端に丸い矢印バッジ）。背景の右上（または左上）に、セクション高の1.5倍ある巨大な円弧の面をごく淡い色で敷き、輪郭線を1本だけ見せる。余白には線画イラストを2〜3個、要素の外側に置いて枠外へはみ出させる。派生として中央の写真を横長の楕円1枚にクリップし右のテキスト列を省く形も同型（そのぶん線画を増やして枠外へ出す）。,縦書きが似合う日本語の言葉が主役 / 写真が複数枚あり1枚に絞れない / 上質さ・丁寧さを出したい,縦組み見出しが12文字超（高さが破綻する） / 英語主体のコピー / 線画などのあしらい素材が一切ない,縦組み見出し / 縦英字ラベル / 写真1〜3（重ねカード or 楕円1枚） / 本文 / リンク / 線画イラスト2〜3,linie_s05 meisei-kg_s07
value/value-giant-type-overlap,value,巨大文字を他要素に重ねてレイヤーを作る,2,"セクションの主役を""文字そのもの""にする型。見出しを画面幅の70〜100%まで拡大し（100〜160px、英字なら左右を断ち切って画面外へ出す）、必ず他の要素と重ねて前後関係を作る。重ね方は3択：(a) 大きな明朝の見出しの上に本文を通常サイズで重ね、見出し側の不透明度を落として本文の下に潜らせる (b) 極太英字を写真の上端に食い込ませ、写真の天地は文字の下1/3が乗る位置から始める (c) 筆記体／明朝の巨大文字を背景色＋5〜8%の淡色でゴーストとして敷き、写真ブロックがその上に乗って文字の一部を隠す。さらに細い縦罫グリッドを4〜8本、文字と写真を貫通させて通すと、重なりが事故でなく意図に見える。読ませる実文はこの塊の下に通常の1カラム（max 40em）で置き、重なりの領域には情報を持たせない。余白には吹き出しの線画や顔文字、手描きモチーフを2〜4個散らして無地の1枚に動きを出す。",セクションの入口で世界観を一撃で掴ませたい / 言葉が短く強い / 使える写真が1〜2枚しかない,読ませたい情報が重なりの下に来る / 本文が長い（読ませる面には使わない） / ブランドの書体が細く巨大化に耐えない,巨大見出し（和文 or 英字） / 本文 / 写真1（任意） / 線画モチーフ,gakugei_s03 unico_s02 buddies_s03 hanamaru_s04
value/value-ring-diagram,value,リング図＋傾け写真の散らし,2,抽象語の羅列を構造として見せる型。中央にドーナツ状の円環（外径260〜320px、線幅40〜56px、淡いブランド色のベタ）を置き、内側中央に核となる一言を2行まで（引用符や鉤括弧で囲うと締まる）。円周上の12時・4時・8時の位置に丸バッジを等間隔で載せ、要素名を2行で入れる。バッジは円環の線の上に半分だけ乗せて輪から少しはみ出させ、上に小さなカテゴリラベルを添える。左右の余白には角丸写真（幅160〜220px）を各2枚、±4〜8度のばらばらな角度で傾け、隣同士を少し重ねて散らす——円という規則形と写真の不規則さの対比が骨子。写真は円の高さの範囲に収め、中央への視線を邪魔しない。背景はごく淡いブランド色のベタ。派生として、細い輪郭だけの円を3つ横並びにして端を重ね、各円に1テーマ（見出しは円の上辺に載せる）を入れる形も同型。,価値を3要素の構造として提示したい / 抽象語を並べるだけになりがちな内容に骨格を与えたい / 理念セクションの直後に置いて要約したい,要素が4つ以上（円周に乗り切らない） / 各要素に長い説明文が必要 / 写真が1枚もない（円だけでは間が持たない）,核となる一言 / 要素名×3 / カテゴリラベル×3 / 写真4枚（左右2枚ずつ）,meisei-kg_s05 meisei-es_s05 musashino_s07
curriculum/curriculum-alt-rows,curriculum,交互ロウ（1コース=1行・写真を画面端へ裁ち落とし）,1,1コース=1ロウで縦に積み、偶数ロウで左右を反転させる。ロウ内の比率は写真55:テキスト45（写真をわずかに大きく）、カラム間ギャップ64〜80px、ロウ間96〜120px。最重要の処理は写真の境界：写真はコンテナ幅を超えて外側（画面端側）まで伸ばし、画面端に接する2角は角丸ゼロ、内側の2角だけ24〜32pxの角丸を残す。これをやらないと「ただの2カラム」に落ちる。テキスト側は、見出しの左に2〜3px幅・文字高と同じ長さの縦バーを立て、本文・リンクの左端をバーの内側に揃えて字下げの基準にする。見出しの上に英字ラベル（11〜12px・letter-spacing .2em・大文字）、下に和文サブ。リンクは塗りボタンではなく「ヘアライン（1px・不透明度20%）で区切った行リスト＋各行右端に丸矢印28px」。リンクが1本だけなら小見出し＋丸矢印のテキストリンクにする。背景を濃色ベタ（濃紺など）にする変種では本文を白抜きし、写真の角丸を32〜40pxに上げて四方に余白を残し、写真が背景へ沈まないようにする。リズムを足すときはロウ同士を縦に80〜120pxずらし、片側は「テキスト上・写真下」、もう片側は「写真上・テキスト下」と上下順を互い違いにする。装飾は筆記体ロゴを右上に画面外へ切れるほど大きく置く／上端に線画イラストを1点、のどちらか一方だけ。,コース/学科が2〜5件で、それぞれに説明文とリンクが要るとき / 1件あたりの情報量が多く、一覧タイルに収まらないとき / 高級・落ち着いた印象を出したいとき（濃色ベタ変種）,コースが6件以上あるとき（縦に長くなりすぎる。タイルグリッドへ） / 写真素材がなく色面で代替するしかないとき / 2件しかないとき（反転が効かず単なる2カラムに見える）,セクション英字ラベル / セクション見出し / コース名 / コース説明文 / 詳細リンク（1〜4本） / コース写真,shoei_s08 buddies_s04 meikei_s07 meikei_s08 steamstudio_s09 meikei_s09 shoei_s09
curriculum/curriculum-tile-grid,curriculum,一覧タイル（説明せず、色で識別させる等幅グリッド）,1,目的は説明ではなく「全体像の把握と選択」。1タイルに載せる情報は 写真／コース名／対象年齢（または一言）の3つまでで、本文は絶対に置かない。列数は情報量で決める：名前だけなら4列、一言が付くなら3列。タイルは等幅、gap 20〜32px。写真のアスペクト比は全タイルで固定（4:3 か 1:1）し、素材の縦横が違っても必ずクロップして揃える。境界の作り方は二択で、必ずどちらか一方に統一する——(A)枠線も影も使わず余白だけで区切る（写真の下に小さな説明→ブランド色のコース名→対象年齢の順で左揃え）、(B)白の角丸カードにして写真下に白いラベル帯を敷く。識別は文字ではなく色で行い、次のいずれかを採る：①ラベル帯をコース色のベタにする ②写真と原色ブロックを横に連結した横長タイルにし（写真45%／色面55%）コース名を白抜き、色そのものを対象年齢の識別子にする ③カード右下角に8〜14pxの直角三角形をブランド色で差し込み「紙のめくれ」を作る。見出しはセンター置きで、上に丸アイコンバッジ、下に英字サブ、または見出しの左右に短い斜線／横罫を添える。CTAはグリッド全体で1つだけ下にセンター配置し、タイルごとにボタンを置かない（押しどころが割れる）。カードに情報を足したくなったら、写真をやめて円形アイコンバッジ＋グラデーション地にし、チェック記号付きの短い項目リストを3〜4行入れ、下端の View more を全タイルで同じ高さに揃える変種にする。,コース・教室・診療科などが4〜8件あり、まず全体像を見せたいとき / 各コースに詳細ページがあり、ここは入口として機能させたいとき / 対象年齢や種別で色分けして選ばせたいとき,1件ずつ丁寧に説得する必要があるとき（交互ロウへ） / 選ぶ軸が2階層あるとき（二階層セレクタへ） / 件数が3件以下のとき（グリッドとして間が持たない）,セクション見出し / 英字サブ見出し / タイル写真 / コース名 / 対象年齢/一言 / （任意）項目リスト / 全体CTA 1つ,steamstudio_s05 hanamaru_s08 sho_hanamaru_s08 ikeda_s03 sho_peppy_s07 sho_kidsduo_s03 sho_eccjr_s04
curriculum/curriculum-nested-selector,curriculum,二階層セレクタ（選ぶ軸のパネル × 中に入れ子の選択肢）,1,「軸で絞ってから選ぶ」を1セクションで完結させる型。上位＝選ぶ軸（学び方／学年／目的／学科）を親パネル1枚ずつに割り当て、親パネルは軸色の淡いティント（明度94〜96%・低彩度）＋角丸16〜20px、内側パディング20〜24px。親パネルの頭に軸ラベル帯を敷く：小アイコン＋短い見出しを中央寄せ、帯だけ軸色を一段濃くして親の色と紐付ける。パネル内には白の子カードを縦積み（gap 12〜16px、子カードの角丸12px、影は使わず白と親ティントのコントラストだけで浮かせる）。子カードの中は左端に学年/対象のタグピル（軸色ベタ＋白抜き・11px）→ 中央にコース名（太字14〜16px）＋1行補足（11〜12px・グレー）→ 右端に丸矢印24px、という固定の3ゾーン構成にする。親は2〜3列、列の高さは揃えず子の数だけ伸ばす（無理に揃えると空白が嘘をつく）。ただし子カードの数は列間で極力揃える——不揃いだと選択肢の重みが違って見える。写真を使う変種では親パネルを白＋細枠にし、頭に写真（16:9）→ その下に枠線ピルのリンクを等間隔で縦積み（高さ36px・gap 10px・角丸999px）にする。パネル群の下には「どれを選べばいいか分からない方へ」の横長バナーを別枠で1本置き、決められない層を必ず拾う。,コースの選び方に2つの軸がある（学年 × 学び方 など）とき / 選択肢が6件以上あり、フラットに並べると選べないとき / 診断・相談導線へ落としたいとき,軸が1つしかないとき（タイルグリッドで足りる） / 各コースを情緒的に見せたいとき（枠が多く事務的に見える） / 子カードが親あたり1件しかないとき,セクション見出し / リード文 / 軸ラベル（アイコン＋名前）×2〜3 / 子カード：対象タグ/コース名/1行補足/リンク / （任意）親パネル頭の写真 / 迷った人向けバナー,sho_zkai_s04 nakamura_s09 sho_eikoh_s02
curriculum/curriculum-equation,curriculum,演算子で連結する組み合わせ図（＋／× と、結果を言う下段）,2,「AとBを組み合わせるとこうなる」を、2枠を数式に見立てて1枚の図として読ませる型。2枠を横並びにし、間のgutter（80〜120px）の垂直中央に演算子グリフ（＋ または ×）を40〜56px・ブランド色で置く。枠と演算子は接触させない——余白があるから式に見える。枠は太め（2〜3px）の角丸ボーダー（角丸16〜20px）、塗りは白か極薄ティント。左右で枠色を変え（左＝主役色、右＝対比色）、ボーダー色と枠内の見出し色を必ず揃えて所属を明示する。枠の中身は上から、1行目＝小さい動詞句（「身につく！」「活用する！」）、2行目＝大きい名詞句（コース名）、その下に写真またはUIキャプチャ（角丸12px）、下端にタグチップ列（薄いティント背景・角丸6px・11px・折り返し可）という固定順。最重要は「＝の答え」を必ず下に置くこと：(A)全幅の帯（濃色ベタ＋白抜き1行のベネフィット＋右端にCTAボタン）、または(B)両枠の下端から降りる括弧線（┗━┻━┛の罫）で合計値（所要時間・回数）を示す。これが無いと単なる2カラムに落ちる。式の上には1行の前置き文をセンターで置き、この図が何の答えを出しているのかを言う。装飾は右上の丸バッジ／左上の点線カーブ1本程度に留める。,2つのサービスをセットで売る／掛け合わせが売りのとき / 所要時間や回数の合計を示したいとき / 「なぜこの構成なのか」を理屈で納得させたいとき,要素が3つ以上あるとき（式が読めなくなる。3つ以上はタイルグリッドへ） / 2つが対等でなく主従関係のとき / 比較（AかBか）を見せたいとき——足し算に見えてしまう,前置き1行 / 左枠：動詞句/コース名/写真/タグ列 / 演算子（＋ or ×） / 右枠：動詞句/コース名/写真/タグ列 / 結果バー（ベネフィット1行＋CTA）または括弧線の合計値,sho_novakid_s04 sho_globalcrown_s05
curriculum/curriculum-arc-clip,curriculum,円クリップ＋余白主役（アーチ写真・円環文字・図形の画面外逃がし）,2,1件＝画面いっぱいの1帯として、余白と円の形で世界観を作る型。帯の上下を低コントラストのヘアライン（1px・不透明度15%程度）で区切り、帯の中を左右で分ける（写真側50%／テキスト側50%、境界にも縦のヘアライン1本）。写真側は写真を正円または上部だけアーチ形にクリップし、その外周に沿って英字を円環状に回す（さらに一段外側にもう1周・小さい字で回すと密度が出る）。円の直径は帯の高さの70〜80%とし、円の一部を帯の外へ食み出させて切る——収めきらないことが効いている。テキスト側は上から、英字ラベル（10〜11px・letter-spacing .25em）→ 明朝の大見出し（32〜40px）→ 中黒や点線の短い区切り（幅40px程度）→ 2行のリード → 本文（行間1.9〜2.1、幅は帯の1/3以下に絞る）→ 円形のゴーストボタン（直径72px前後・塗りは極薄ティント・文字は小さく中央）。帯ごとに左右を入れ替える。図形版：写真を片側だけ大きな角丸（80〜120px）にして画面端まで裁ち落とし、反対側に濃色の巨大な円を画面外へ半分逃がす。テキストは縦組みで小さく端に寄せ、面積の8割以上を余白のまま残す。色は地色＋箔色（金/紺）の2色までに絞り、装飾は小さな星型飾りを1〜2点に留める。,高級・和モダン・落ち着いた情緒で見せたいとき（飲食・こだわり商材・上位ブランド） / 1件ごとにたっぷり尺を取れるとき / 写真1点の質が高く、それ自体を主役にできるとき,情報量が多く、比較や選択をさせたいとき / にぎやかさ・親しみやすさが求められるとき（子ども向けなど） / 写真がスナップ品質で、円に切ると被写体が破綻するとき,英字ラベル / 明朝の大見出し / リード2行 / 本文 / 円形ボタン / 写真（円/アーチクリップ） / 円環に回す英字 / （図形版）大きな単色の円,yugao_s10 yugao_s08 ogawa_s13 ogawa_s10
curriculum/curriculum-material-carousel,curriculum,実物カルーセル（中央拡大・左右見切りで教材そのものを見せる）,2,見せる対象が教材紙面・アプリ画面・タブレット実機など「実物」のときだけ使う型。カード装飾を足さず、実物をそのまま並べるのが原則（枠を付けると実物感が消える）。中央1枚を100%、左右を80〜85%に縮小して奥行きを作り、両端は意図的に画面外で切る。左右の縮小カードには白（背景色）のグラデーションフェードを外側から重ね、中央へ視線を集める。左右端に丸ボタン（直径40〜48px・ブランド色ベタ・白の矢印）をカードに重ねて配置し、上か下にドットインジケータ（現在位置は塗り、他は薄いグレー）。中央カードの角にはリボン状または角丸のバッジ（「Point 1」など）を重ね、そのカードで何を見るべきかを1行で言う——実物だけでは何がすごいか伝わらないので、この1行が本体。教科・種別が変わるごとにブロックを分け、ブロック頭の帯見出し（角丸ラベル or リボン状タブ）の色を教科色に変えて識別させる。ブロックの下には「◯◯を詳しく見る」のピル型リンクを1本、センターに置く。カード間のgapは16〜24px、実物の紙面比率は変えずそのまま（トリミングしない）。,教材・ワークシート・アプリ画面など実物が売りのとき / 枚数が多く（5枚以上）、縦に並べると冗長なとき / 「中身がちゃんとある」ことを物量で示したいとき,人物写真や風景写真を並べるとき（見切れると意味が壊れる） / 3枚以下のとき（横スクロールにする必要がない） / 各項目に長い説明文が要るとき（カルーセル内では読まれない）,ブロック帯見出し（教科名） / リード1行 / 実物カード（3〜7枚） / Pointバッジ（1行） / 左右の丸矢印 / ドットインジケータ / ブロック下のリンク,sho_kumon_s06 sho_kumon_s05 sho_kumon_s04 sho_risu_s12
curriculum/curriculum-flat-logotype,curriculum,ベタ地×ロゴタイプ列（枠も罫も置かず、字面の差で見せる）,3,背景を高彩度のベタ1色（蛍光グリーンなど）で全面に敷き、カード枠・罫線・影・写真を一切置かない。各項目の頭に来るのは説明文ではなく、その事業/コースのロゴタイプそのもの（手描き風・組み文字・和欧混植）を大きく（高さ48〜72px）配置し、書体と字面の差だけで3つの違いを見せる。ロゴの真上に半透明白のピルラベル（「Project 01」など・10〜11px・padding 4px 12px）を小さく載せて番号付けする。ロゴの下は、『二重括弧』で囲んだ小見出し（13〜14px・太字）→ 3〜4行の小さめ本文（11〜12px・行間1.8）→ 列の右下に矢印だけのリンク（テキストなし・16px）。矢印は全列で同じ高さに揃える（本文の行数が違っても揃える）。3列・列間40〜56px、セクションの上下は背景色の余白を80〜120px大きく取る。ロゴの縦位置は数値で揃えず、字面の重心で光学的に揃える（ロゴごとに字の高さが違うため、ボックス揃えだとガタつく）。説明文を一切置かず、ロゴだけを等間隔に3つ並べてピルラベルで番号付けする最小版も成立する——その場合は下に続くセクションで説明する前提にする。,各コース/事業に独自のロゴやネーミングがあるとき / ブランドカラーが強く、色面で世界観を作れるとき / 写真素材が弱い／揃っていないとき,ロゴタイプが用意できないとき（ただの色地に文字になる） / 項目が4つ以上のとき（字面の差が読み取れなくなる） / 落ち着き・信頼感を出したいとき（彩度が高すぎる）,ピル番号ラベル / ロゴタイプ画像/組み文字 / 『二重括弧』小見出し / 本文3〜4行 / 矢印リンク / ベタ地の色,gakugei_s07 gakugei_s05
faq/faq-accordion-bar,faq,淡色バー積層アコーディオン（基本形）,1,コンテンツ幅720〜880pxの中央1カラム。1件＝高さ56〜64pxの角丸バー（radius 8〜12px）で、背景はブランド色を白地に10〜15%だけ効かせた淡いティント。左端24pxに「Q.」テキストか直径24〜28pxの円形Qアイコン（ブランド色ベタ＋白抜きQ）、その右16pxあけて質問文（15〜16px/700、濃色）。右端16〜20pxに＋／−記号（線幅2px、ブランド色）。閉じている時と開いている時でバーの背景色は変えず、＋→−の差し替えだけで状態を示すのが肝。バー同士は罫線を使わず8〜12pxのgapで離し、色面の切れ目だけで区切る。開いた回答はバーの直下に接続して置き、背景は白または極薄グレー、左paddingは質問文の頭（アイコン幅ぶん字下げ）に揃え、上下20〜24px・本文14〜15px・行間1.9。セクション見出しは中央に置き、テキスト下端に太さ8px前後の蛍光ペン風下線（黄など補色）を重ねて硬さを抜く。初期状態は先頭1件だけ開いておき「これは開くものだ」と伝える。件数が多い時は末尾に「もっと見る ▸」を右寄せの小さなテキストリンクで添える。,質問5〜8件、回答が2〜4行に収まる / 業種・トーンを問わない既定の選択肢 / LP下部でCTA直前に不安を潰したい,質問が15件以上ある（カテゴリ束ね型へ） / 回答本文そのものを必ず読ませたい（常時開示型へ）,セクション見出し / 質問1..n / 回答1..n / もっと見るリンク（任意）,sho_atama_s15 sho_kimini_s13
faq/faq-open-qa-list,faq,常時開示Q&A（帯＋ぶら下げ字下げ）,2,開閉機構を持たず、全問を開いたまま読ませる型。1件は「Q帯」と「A本文」の2段構成。Q帯はコンテンツ幅いっぱいに淡いベージュ／淡色の背景面を敷き（上下12〜14px・左右24px、角丸0〜4px）、左に「Q1」「Q2」の連番ラベル（ブランド色・700・小さめ）、その右に質問文（15px/700）。A本文は帯の外に出して背景なし、左にアクセント色の小さな「A」ラベルを置き、本文はAラベルの右端で左揃えを揃えて折り返す（ぶら下げインデント）。Q帯とA本文の間は12px、件と件の間は32〜40pxとしっかり空け、罫線は一切使わない。セクション全体の背景に淡いイラスト／記号パターン（不透明度5〜8%、大きめの図案を散らす）を敷き、上下のセクションと色面だけで切る。見出しは中央、真上に小さなアイコンを載せる。,回答自体が説得材料（料金・返金・対象年齢・安全性など） / スクロールだけで不安解消を完結させたい / 質問4〜6件で回答が長め,質問が10件以上（縦に伸びすぎる→バー型へ） / 回答が1行しかない（帯が無駄に重い）,セクション見出し / 背景パターン / Q連番ラベル / 質問1..n / 回答1..n,sho_globalcrown_s13
faq/faq-pill-2col,faq,ピル型2列カード（罫線なし・影だけ）,2,"質問だけを角丸フル（border-radius 999px）の白いピル型カードにして2列グリッドで並べる。セクション背景は白〜ごく薄いグレーのグラデ。カードは高さ56〜64px、左padding 28〜32px、右端に細線1.5pxの＋アイコン（グレー）。罫線は完全に使わず、box-shadow 0 2px 12px rgba(0,0,0,.06) 程度の淡い影だけで面から浮かせる。列gap 20〜24px、行gap 16px。質問文は15px/500、濃紺寄りのダークグレー。gridはalign-items:startにして、開いたカードだけがピル→角丸16pxの矩形へ変形し下方向に伸び、隣の列は動かさない。回答は質問の下に14px/1.8で入れ、左右paddingは28pxのまま揃える。質問は25文字前後で長さを揃えることが前提の型（1行に収まらないとピルの形が崩れる）。見出しは小さく上に置くか、直前のセクション見出しに吸収させて省略しても成立する軽い佇まい。",質問が8〜16件と多く、1件あたりの回答が2〜3行と短い / 医療・介護・士業・BtoBなど清潔で硬めのトーン / 縦の消費を抑えてCTAを早く出したい,質問文が長く2行になる（ピルが破綻する） / 回答が長文で読ませたい / 質問が5件以下（2列にすると寂しい）,セクション見出し（任意） / 質問1..n（各25字前後） / 回答1..n（短文）,r-reha_s10 r-reha_s11
faq/faq-category-accordion,faq,カテゴリ束ねアコーディオン（濃色バー→白パネル反転）,3,質問を「料金・教室」「講師」「実績」などのカテゴリに束ね、第一階層にはカテゴリ名だけを出す。カテゴリ行はコンテンツ幅いっぱいの濃色バー（ブランドの最も濃い色ベタ、白文字700、中央揃え、高さ44〜52px、角丸6px）を10〜12pxのgapで積む。右端に＋／−。開いたカテゴリだけが「バー＋白パネル」の一体ブロックに反転する：濃色バーは上端に残したまま、その下に白い本文パネルが接続し、パネル側にも同じ濃色の細枠（2px）を回して1つの塊に見せる。パネル内は上下20px・左右24px、「Q. 質問見出し（ブランド色・700・15px）」＋回答本文（14px/1.9、黒、リンクは下線付きアクセント色）を1組として、組と組の間を20px空け、罫線は引かない。セクション全体の背景を淡いブランド色ティントにして白パネルを浮かせる。同時に開くのは1カテゴリのみ（排他）、初期は先頭を開いておき中身の粒度を見せる。,質問が15件以上あり、料金・講師・実績など性質の違う塊に分かれる / 情報量の多いサービス紹介LPやサイト下部の総合FAQ / 全部並べると縦に長すぎる,質問が10件未満（カテゴリ分けが空々しい） / カテゴリ名だけでは中身が想像できない（ユーザーが開かない）,セクション見出し / カテゴリ名1..n / 各カテゴリ内の質問／回答の組,sho_eikenacademy_s14
news/news-sticky-side-feed,news,左固定見出し × 粒度が落ちる記事フィード,1,"セクションを縦の細罫で 左33% : 右67% に割る。左カラムは position:sticky（top は 80〜120px）で固定し、上から「大きな和文見出し（48〜64px・主色）」「3〜4行のリード（13px / line-height 1.9）」「主色の線画イラスト（線幅2px前後・塗りなし・カラム幅の80%）」を上詰めで積む。イラストは右カラムが長いぶんの縦の空きを埋める役なので高さ可変でよい。右カラムが本体で、肝は""粒度を途中で一段落とす""こと：上位2件だけ 16:9画像＋タイトル2行＋タグピル＋日付 の大カードを2列で並べ、3件目以降は「サムネ（幅120〜160px・4:3）左／テキスト右」の横一列の行に落として、行間を1pxの細罫（主色8%）で区切る。大カード群と行リストの境目がこのセクション唯一のリズムなので、そこだけ余白を48px（行間の倍）取って落差を見せる。タグは低彩度のピル（角丸999・背景はアクセント15%・11px）で最大4つ、日付は最小サイズのグレーで各アイテムの最下段に固定。新着は画像の左上へリボンを画像の外へわずかにはみ出させて掛ける。列の末尾に幅広のピル型「もっと見る」を右寄せで1つだけ。カード・行とも影は使わず、境界は罫線と余白だけで作る。",記事が6件以上ある / 全件にサムネイルがある / 読ませる／回遊させたいオウンドメディア型 / セクションの縦が600px以上取れる,記事が3件以下（stickyが効かず左が間延びする） / 画像が用意できない記事が混ざる / 告知を1画面で完結させたいだけの場合,見出し / リード文 / 装飾イラスト / 主役記事1 / 主役記事2 / 記事行（3〜6件） / カテゴリタグ / 日付 / 一覧ボタン,lumiarch_s05 lumiarch_s06 lumiarch_s08 lumiarch_s07 kobe-wu_s05
news/news-sticky-side-hairline-list,news,造形を左に全部寄せ、右は罫線だけのリスト,1,同じ左右非対称2分割（左25〜30% / 右70〜75%）だが、右の記事側から装飾を完全に外し、造形を左ブロックに全部寄せる型。左ブロックは次の3択のどれか1つに絞る：(a) NEWS等の英字を縦組み（writing-mode: vertical-rl）で80〜120px・極細ウェイトで置き、脇に小さくカナのルビを添える (b) 小英字ラベル＋大きな和文見出し＋円形矢印の一覧ボタンを縦に積む (c) 見出しの下にカテゴリ絞り込みを縦1列のボタン列（角丸8px・幅140〜180px・選択中だけ濃色ベタ＋白文字、他は白地＋1px枠）で並べる。右は1行1記事で、日付（等幅数字13px・グレー）→カテゴリの淡色ピル→タイトル の3カラムをグリッドで固定（例 90px 120px 1fr）し、行の上下パディング24〜32px、区切りは1pxの罫線1本のみ。カード・影・背景色・角丸は一切使わない。hoverはタイトルの色替えと右端シェブロンの4px移動だけ。絞り込みを上に置きたい場合のみ、見出し下にパステル色チップを2段グリッドで敷き詰め、選択中だけ濃色反転させる置き方に差し替える。,件数が多く更新頻度が高い / 画像が無い／記事ごとの画質がバラバラ / 事務的な告知・入試情報が中心 / 静けさ・上品さを出したい,記事が3件以下でスカスカになる / 賑やかさが要る子ども向け / 1件を強く推したい,見出し（英字/縦組み） / 和文見出し / 絞り込みボタン列 / 日付 / カテゴリタグ / タイトル / 一覧ボタン,shoei_s03 sanrio_s03 linie_s12 r-reha_s08 koran_s02
news/news-typo-contrast-3col,news,極太見出し × 細字VIEW MORE × 等幅3カード,1,見出し1行と等幅3カードだけの最小構成。強さをタイポの落差だけで作るのが本体：左に英字の大見出しを極太（weight 800〜900・56〜80px・letter-spacing -0.02em）で置き、同じベースライン行の右端に「VIEW MORE」を10〜11pxの細字・トラッキング0.15emで小さく逃がす。この極太／極細の対比を殺すので、見出しには色も飾りも足さない（和名を出すなら黒縁の小ラベルを見出し直下に1つだけ）。カードは3列・gap 24〜32px、画像は16:9、角丸0〜4px、影なし・枠なし。カード内は 画像 → 日付 → タイトル2行clamp の固定順で、日付だけがこのセクション唯一の色（赤やブランド色・11px）。テキストは画像の左端に厳密に揃える。背景を黒にして見出しを白抜きにすると対比が最大化し、カード下端で白地へ切り替えるとセクションの切れ目も同時に作れる。見出し行の右端に絞り込みプルダウンや円形矢印を同居させてもよいが、右端の要素は必ず1つに絞る。一覧ボタンを下に置く場合は黒いピル型を中央に1つだけ。,記事がちょうど3件 / 3件とも横位置のビジュアルがある / 硬質・都会的なトーン / セクションを短く（400px前後）収めたい,子ども向けの柔らかいトーン / 画像の無い記事が混ざる / 記事が6件以上ある（粒度落差型へ回す）,英字見出し / 和文サブ（任意） / VIEW MOREリンク / カード画像×3 / 日付 / タイトル / 一覧ボタン（任意）,odrive_s09 odrive_s10 sho_seiha_s14 lumiarch_s10 linie_s13
news/news-edge-cut-carousel,news,画面右端で断ち切る横スクロール列,2,"カード列をコンテナ幅で終わらせず、ビューポート右端でわざと切って「続きがある」ことを見せる型。トラックだけを右へはみ出させる（左端は本文グリッドに揃え、右は100vwまで伸ばす／overflow-x:auto ＋ scroll-snap-type: x mandatory／カード幅280〜360px固定・gap 16〜24px）。ナビの置き方は3択：(a) 見出し＋リード＋一覧ボタンを左カラムに固定し、右のトラックだけを断ち切る (b) 中央寄せの見出しの左右に円形矢印を対で置く (c) 見出しの右上に小さな円形矢印2つ、トラック下に進捗ドット／バー。等幅カードの単調さを消す仕掛けとして、カードを1枚おきに上下24〜40pxずらして互い違いに並べるか、画像左上へ連番（01,02…）や順位バッジを載せる。カードは 画像＋カテゴリの色ラベル（彩度高め・画像の下辺に食い込ませる）＋タイトル2行＋日付。WEEKLY/MONTHLYのように2本の列を重ねる場合は、2本目のカードを一回り小さくして高さ差で主従を付ける。","件数が多く縦を使いたくない / 全件見せる必要のない""覗かせる""情報 / 前後のセクションが静的で動きが欲しい / ランキングや連載など順序に意味がある",全件を比較・一覧させたい / 件数が4件以下（切れる意味がない） / 見落とされては困る重要告知,見出し / 説明文（任意） / 前後矢印 / カード画像 / カテゴリ色ラベル / 順位/連番バッジ / タイトル / 日付 / 進捗ドット,kobe-wu_s05 odrive_s02 odrive_s12 musashino_s02 nakamura_s02
news/news-colorblock-card-band,news,色面の上に白カードを並べ、輪郭を壊す帯,2,"セクション全面を1色のベタ面（またはグラデ）にし、その上へ白い角丸カードを3〜4枚等間隔で並べたうえで、矩形の単調さを「輪郭を壊す4手」から1〜2手だけ使って解く型。①色面の上辺（または下辺）を大きな弧・波でカットして次のセクションへ繋ぐ ②カード列を色面の境界線に跨がせ、カード上半分は白地・下半分は色面にかかるよう配置する ③日付を入れた円形バッジ（φ64〜80px）をカード左辺から半分はみ出させ、カード右下の角は45度に切り落として矢印の円をそこへ落とし込む ④切り抜きの人物写真・手描き図形・紙テープを色面の左右の縁に置き、カードとは重ねずに余白側だけを埋める。カード内部は 対象/カテゴリの小タグ（色面と同系の淡色）→ タイトル2〜3行 → 日付（最下段グレー）の固定順、右下に丸い矢印ボタン。色面が濃いほどカードの内側余白を厚く（24〜28px）し、影はごく薄く（0 4px 16px rgba(0,0,0,.06)）。見出しは色面の上に小英字ラベル＋和文の2段で中央置き、「全てのお知らせ」は帯の右下へ小さく逃がす。",前後のセクションと色で断ち切りたい / 子ども向け・親しみのあるトーン / 切り抜ける人物写真や手描き素材がある / お知らせを本文の流れから独立した帯にしたい,記事本文をじっくり読ませたい（サマリー向きの型） / 素材が引きの写真だけで切り抜けない / 硬質・ミニマルなトーン,背景色面 / 見出し（英字+和文） / カード×3〜4 / 対象/カテゴリタグ / タイトル / 日付 / 円形矢印 / はみ出し装飾（切り抜き写真/図形） / 一覧リンク,meisei-kg_s04 meisei-es_s04 kobe-wu_s04 kobe-wu_s02
news/news-color-coded-accordion,news,対象者で色分けしたイベント受付アコーディオン,2,左に「EVENT」等の小英字ラベル＋和文見出し（2段組・2行目を一回り大きく）＋2行のリード＋線画/手描き装飾を寄せ、右（幅65〜70%）へ開催情報の行を積む。1行＝1イベントで、対象者タグ（角丸ピル）を行の左肩に少し上へずらして重ね、行の中は 日付（2026.08.25(火)）＋受付ステータス（「受付中」を主色の小さい文字で日付の右）＋イベント名 の2段、右端に開閉シェブロン。肝は色の同系統化で、対象者タグの色と行の背景色を同じ色相の濃淡（タグ＝彩度高め、行背景＝同色5〜8%）で揃え、行が縦に並んだときに淡い色帯のリズムが出るようにする。行高64〜80px、角丸12〜16px、行間8〜12px、罫線は使わない（区切りは背景色の切り替わりが担う）。リストの外側（左下・右上）に切り抜きの子ども写真・紙テープ・音符などを行と重ねずにはみ出させ、左カラム下部の空きを埋める。別導線がある場合のみ、リスト下に淡色の角丸ワイドバナー（左に丸いイラスト、右にボタン）を1枚だけ置いて階層を分ける。,開催日と対象者が主情報のイベント告知 / 対象区分が3つ以上ある / 詳細を畳んで一覧性を優先したい / 申込導線を各行に持たせたい,一般的な記事のお知らせ（展開する中身がない） / 対象区分が無く色分けが意味を持たない / 件数が2件以下,見出し（英字ラベル+和文） / リード文 / 装飾イラスト / 対象者タグ / 日付 / 受付ステータス / イベント名 / 展開部（詳細・申込ボタン） / 補助バナー（任意）,meisei-kg_s13 meisei-es_s13
news/news-paper-spread-schedule,news,見開き紙面に見立てた年間日程,3,"行数が20〜40に及ぶ年間イベント日程を、パンフレットの見開きに見立てて2ページへ割る型。淡いパターン背景（細かいドット／斜線）の上に白い紙面を1枚置き、中央に綴じ目を作る：中央線の左右へ内向きのグラデ影（幅40〜60px・rgba(0,0,0,.06)→透明）を左右対称に入れ、紙の外周に薄い影とごく浅い角丸を付ける。タイトルは紙面上部の中央に「2026 EVENT SCHEDULE」のように年号だけ太く残りを細くして置き、その下に和文サブを小さく添える。各ページの先頭にアイコン付きの小見出し（例：学園説明会・見学会／海外説明会）を1行、その下に色付きの罫線を1本引いて左右のページを別カテゴリとして立てる。行は「日付（4.25(土)／複数日は2行）｜項目名」の2カラムで、日付カラムは固定幅80〜96px・右揃え、項目名は下線付きリンク。行の区切り罫は紙面幅いっぱいに引かず、項目名カラムの幅だけに留めて紙面の余白を残す。左右で行数が揃わなくてよく、余った側は下を空けたままにする（揃えようとすると紙面らしさが消える）。",日程が20件以上ある / 2つのカテゴリに割れる（国内/海外・学年別など） / 学校・教室の年間スケジュール / 印刷物と世界観を揃えたい,件数が10件未満（見開きが空く） / 更新頻度が高くレイアウトが崩れる / モダン・ミニマルなトーン,紙面背景 / タイトル（年号+英字） / 和文サブ / 左ページ小見出し / 左ページ日程行 / 右ページ小見出し / 右ページ日程行 / 一覧リンク,meikei_s05
footer/footer-typo-signature,footer,タイポ署名フッター（特大コピー＋断ち切りワードマーク）,1,"フッターを3層で組む。(a)最上層＝ステートメント：ブランドコピー1行を clamp(28px,6vw,72px) の明朝または極太ゴシックで、中央または左寄せに置く。上下の余白は本文行間の3倍以上取り、この層には他の要素を一切置かない。(b)中層＝サイトマップ：6〜8カラム。列見出しは12-14px太字＋小さな三角/ハイフンのビュレット、子リンクは11-12px・行間1.9・文字色を1段薄く。列幅は均等割りにせず内容幅auto＋gap 32-48pxで、右端1〜2列は見出しのみ（子リンクなし）にして意図的に余白を作る。ロゴ・住所・電話は中層の左下に10-12pxで小さく畳む。(c)最下層＝ワードマーク：社名/校名の英字を画面幅いっぱい（font-size:13vw前後、letter-spacing:0.06em、左右padding 0）で1行だけ置き、コンテナ下端でベースラインごと数px切って断ち切る。層の境界は罫線を引かず、1px点線か極薄罫1本のみ。地色は白かごく淡いブランド色、文字色はブランド濃色1色に統一して色数を増やさない。高さ比は (a):(b):(c) ≒ 1:2.5:1。(a)と(c)は片方だけでも成立するが、リンクを細字で徹底的に小さく保つことが必須条件。",サイトの締めに「言い切り」の余韻を残したい / 校名・社名の英字表記が長く、字面そのものが絵になる / リンク項目が多く、それを整理された地味な面として処理したい,社名が短くワードマークが間延びする / 背景に写真を敷きたい / リンクが5個以下でサイトマップ層が痩せる,ブランドコピー1行 / サイトマップ列見出し×6-8 / 子リンク / ロゴ / 住所/電話 / 英字ワードマーク / 法務リンク / コピーライト,meisei-es_s16 meisei-kg_s15 odrive_s13 meisei-kg_s16
footer/footer-two-tier-cta,footer,二段構えフッター（導線帯＋事務フッター）,1,「最後の受け皿」と「事務情報」を、罫線ではなく面の色替えだけで2段に分ける。上段＝導線帯は全幅で、背景を明るい/彩度の高い色（またはブランド色ベタ）に切り替え、中身は案件に応じて1つだけ選ぶ：①色を塗り分けた角丸ピルボタンを横一列（3〜4個・高さ56-64px・矢印付き）②角丸タグを折返しで敷き詰めたタグ雲（淡色ブロック地）③全幅4分割の写真ストリップ（高さ130-160px・gap 0・断ち切り）④大型CTA1個＋短い企業メッセージを中央寄せ。上段の上下padding 40-56px。下段＝事務フッターは背景を濃色ベタまたは白に落とし、ロゴ・リンク・法務・コピーライトだけを最小限に置く（上下padding 32-48px）。2段の境界に罫線・影・角丸を入れないこと。色の切り替わりだけで段が読めるのが要件。写真ストリップを選んだ場合のみ、下段は極端に静か（コピーライト1行だけ）にして写真を主役にする。,LPの最終CTAをフッターに繋げたい / 回遊させたい導線（資料請求/アクセス/教室検索）が3〜4本ある / 記事系でカテゴリタグを最後にまとめて見せたい,ページ内に既に固定CTAバーがあり導線が重複する / 上段に入れる導線が1本しかない（ピル1個は間が持たない）,導線帯の中身（ボタン群/タグ雲/写真4枚/大型CTA） / 導線帯の見出しまたは短文 / ロゴ / フッターリンク / SNS / コピーライト,musashino_s16 lumiarch_s14 sho_peppy_s15 sho_gakken_s13 sho_atama_s16
footer/footer-centered-emblem,footer,中央寄せ紋章フッター（LP最小構成）,1,リンクが少ない1枚もののLP向け。ブランド濃色のベタ1色（本文の最暗色より一段明るく）を全幅に敷く。中央にエンブレム/ロゴを幅180-260pxで置き、その下に住所・電話を12-13px・中央寄せで2行。さらに下にリンクを横1行、区切りは「｜」または1px縦罫で、項目は最大5つ（超えるなら2段に折り返す）。最下部に幅100%の細罫（白の不透明度15-20%）を1本だけ引き、その下のブロックにpadding 16-20pxを与えてコピーライトを10-11pxで中央寄せ。全体の上下padding 56-80px、要素間は32/16/24pxのリズムで詰める。ベタ地を使わず白地＋上端1px罫でも同じ構造で成立する。要件は「情報を横に散らさず、中央の縦一本の軸に全部載せること」。カラム分割・左右振り分けを持ち込んだ時点でこの型は壊れる。,単体LP・イベントLPでフッターに載せる情報が5項目以下 / 本文が賑やかで、最後は静かに締めたい / ブランドカラーのベタ面で全体を締めくくりたい,サイトマップとして20項目以上を載せる必要がある / SNSや外部リンクのボタンを複数並べたい,ロゴ/エンブレム / 住所 / 電話 / リンク1行（最大5） / コピーライト,koran_s15 sho_meiko_s16 sho_globalcrown_s16
footer/footer-3block-brand-links-actions,footer,3ブロック分割フッター（ブランド｜サイトマップ｜アクション）,2,横を3つの役割ブロックに割る。左33%＝ブランド：ロゴ（高さ40-56px）、その下に和文タグライン2行（12-13px・行間1.8）、さらに小さく英字の一行キャッチ、最下部にコピーライト10-11px。中央40%＝サイトマップ：英字ラベル（10-11px・大文字・トラッキング0.1em）＋和文（13-14px）の2段を1リンクとして扱い、2〜3カラム×4〜6行で整列。行間は1リンクぶんが1ブロックに見えるようgap 20-24px。右27%＝アクション：角丸ピル型の外部リンクボタン（高さ44-48px・幅いっぱい・右端に外部リンクアイコン）を2つ縦積みし、その下にSNSを「丸アイコン＋名称」の形で縦一列。左右の分割には細い縦罫1本（1px・不透明度20%）だけを使い、囲み枠・背景色差は使わない。上下padding 64-96px、左右padding 5-8%。役割の違いを文字サイズとボタン形状だけで表現するのがこの型の要点で、色は最大2色に抑える。,コーポレート/スクールサイトの通常ページ / グループサイト・採用サイトなど外部への送り出しが2本ある / サイトマップが10〜20項目と中規模,リンクが5項目以下でサイトマップ列が痩せる / キャラクターや写真を主役にしたい,ロゴ / タグライン2行 / サイトマップ（英字＋和文の2段ラベル） / 外部リンクピル×2 / SNS（アイコン＋名称） / コピーライト,linie_s15 tanq_s12 sho_novakid_s16 meikei_s16
footer/footer-visual-anchor,footer,片側オブジェ・フッター（大きな絵1点で重心を作る）,2,広い余白の白またはごく淡い地に、片側（原則右）へ「大きな1点」を置いて重心を作る。1点はブランドの抽象イラスト／キャラクターの切り抜き／写真のいずれか1種類だけで、フッター高さの70-90%を占める大きさにし、矩形に収めず背後に淡い有機シェイプ（円・ブロブ）を敷いて受けるか、上下を断ち切る。反対側（左）はロゴのみを置き、他は何も置かない。中央にリンクを2段（1段6項目まで）の横並びテキストで13px・gap 24-32pxで並べ、その下に住所/法人名を4行の小さなブロック（11-12px・行間1.7）で畳む。最下部に10pxの法務リンク＋コピーライトを1行、細罫で分離。この型の絶対条件は「リンクの文字を大きくしないこと」——絵とテキストの面積差・サイズ差だけで視線の順序を作る。絵の色は原色可、テキストは黒/濃グレー1色に統一する。,ブランドのイラスト資産・キャラクター資産がある / フッターまで世界観を持たせたい情緒重視のサイト / リンクが10項目前後で、多段サイトマップにするほどではない,使える絵素材がない（矩形写真だけしかない場合は成立しない） / リンクが30項目以上ある / 濃色ベタ地で締めたい,大きな絵（イラスト/キャラ/写真） / 背後の有機シェイプ / ロゴ / リンク2段 / 住所/法人名 / 法務リンク / コピーライト,unico_s16 sanrio_s08 gakugei_s14
footer/footer-organic-edge,footer,有機的な縁で切り出すフッター（波形クリップ＋モチーフ）,3,フッター全体を1枚の「面」として本文から切り離す。上端（必要なら下端も）をclip-path/SVGの波形で切り取り、面はパステルのグラデーションか淡い単色。波の振幅24-40px、周期は画面幅の1/3程度で、左右対称にせず不規則にする。波のすぐ下と面の左右の縁に、キャラクターや幾何モチーフ（三角・ドット・×・小さなイラスト）を大小混ぜて5〜8個散らし、そのうち1〜2個は波の線をまたいで重ねて縁を曖昧にする。中身は2通り：①ロゴを中央上→中央寄せリンク2段→細字の法務リンク、②星・矢印などのアイコン付きリンクを3カラムのサイトマップ（親→子をハイフンで字下げ）。最下部には面より濃い（または白の）別色の帯を全幅で敷き、コピーライトを1行だけ収める。モチーフは散らすがリンクの整列は崩さない——柔らかい縁と整列した中身のコントラストが要点。,幼児・小学生向けなど、直線で締めると硬すぎる案件 / キャラクターやイラストのあしらい素材がある / 本文が白基調で、最後だけ色面に落としたい,B2B・進学実績訴求などフォーマルさが必要な案件 / あしらい素材がなく波形だけになる（それだけでは弱い）,波形の上端 / 面の背景（淡色/グラデ） / 縁のモチーフ×5-8 / ロゴ / リンク（中央2段 or 3カラム） / SNSアイコン / 下端のコピーライト帯,ikeda_s13 sho_globalcrown_s16 yamanomi_s10
cta/cta-band-cutout,cta,ベタ色帯＋切り抜き人物はみ出し,1,ブランドの明るいベタ色（黄・オレンジ等）を全幅の帯にし、切り抜きの人物（スタッフ／親子）を帯の上端または左端から3分の1だけはみ出させて境界を破る。帯高はPC 320〜420px。帯の中身は縦3段で、(1)『＼ 〜 ／』のスラッシュで挟んだ一言コピー、(2)主CTA＝横長の濃色ボタン（帯色と明度差の大きい色、幅420〜560px・高64〜72px・右端に▶）、(3)副導線＝白の角丸ボックスに電話番号＋受付時間、または白の小ピル2枚。主CTAと副導線のあいだは必ず明度差で分ける（濃ボタン↔白ボックス）。同系色を隣接させると帯の中が平坦になり効かない。人物は帯の左に立たせて左→右の視線でボタンに着地させるか、上端中央から上半身だけ出す。人物の足元は帯の下端に接地させず、帯の色で切る。,押させたい行動が1つに決まっている / 人物・スタッフの切り抜き素材がある / ページの締めではなく本文の途中に強い導線を挟みたい / 電話とフォームの2導線を1ブロックに収めたい,導線が3本以上あり優先順位がつけられないとき（cta-priority-stackへ） / 静かで上品に締めたいとき（cta-airy-cutoutsへ） / 切り抜き素材がなく写真が引きの実景しかないとき（cta-photo-carveへ）,帯の背景色 / 切り抜き人物写真 / 一言コピー / 主CTA文言 / 副CTA文言 / 電話番号 / 受付時間,sho_peppy_s09 sho_kidsduo_s09 sho_kidsduo_s13
cta/cta-priority-stack,cta,主副を塗り分けで表すボタン群／下部固定バー,1,導線が3本あり、押させたい1本が決まっているときの型。空間で分割せず、塗り・幅・高さの3段階だけで序列を作る。主＝ベタ塗り（ブランド濃色）幅100%・高72px、副1＝同系の淡色ベタ 幅80%・高60px、副2＝白地＋1.5px枠 幅80%・高60px。3本とも角丸は高さの半分（ピル）で形は完全に揃え、左にアイコン、右に丸矢印か『＞』を置いて差を色と大きさだけに限定する。各ボタンの左肩に『無料』『簡単30秒』の小タグを傾けずに貼ると押下障壁が下がる。上に実績数字を3つ（メダル／バッジ形）横並びで置いてからボタンへ落とす構成も有効で、その場合は数字ブロックとボタン群を細い角丸枠で囲って1つのパネルにする。画面下固定バー版は、上のセクションと背景色を変えた帯（高88〜96px、上端に薄い影）に同じ3ピルを横並びで置きfixedにする。,申込・資料請求・問い合わせなど導線が3本ある / うち1本を明確に押させたい / ページ最下部の締め、または常時追従させたい,導線が互いに等価で優先順位をつけたくないとき（cta-channel-columnsへ） / 導線が1本しかないとき（cta-airy-cutouts / cta-photo-carveへ） / 色をブランド1色に絞りたいとき（塗り分けの3段階が作れない）,見出し / 実績数字×3 / 主CTA文言 / 副CTA文言×1〜2 / 小タグ文言 / アイコン,hanamaru_s10 sho_hanamaru_s10 sho_eikenacademy_s13 sho_meiko_s05
cta/cta-photo-carve,cta,写真全面＋読み場を彫る,1,全幅の実景写真（教室・施設・人物）を高さ480〜640pxで断ち切り、その上に文字を置くための『読み場』を1つだけ彫る。彫り方は3通りで、いずれか1つに絞る。(a)白またはブランド色の大円（直径＝セクション高の55〜70%）を写真の左右どちらか3分の1に重ね、その中に2行の大見出しだけを入れる。(b)写真全体に30〜50%の暗幕を敷き、内側に1px白罫の角丸フレームを上下左右40〜56pxインセットで置いて、文字を全部その枠内に収める。強調は1語だけマーカー帯で抜く。(c)写真の片端を大きな角丸や文字型でくり抜いて背景色を出し、そこへ白の細枠角丸パネルを重ね、丸アイコン付きで電話番号／フォームボタンを縦2段に並べる。文字は必ず被写体の空いている側へ寄せ、中央寄せにしない。CTAは写真の下端をまたぐ位置（ボタン高の半分が写真外に出る）に置くと段差が生まれる。色数は写真＋白＋ブランド1色まで。,自社の実景写真（教室・施設・生徒）が強い / 写真の情緒で締めたい / 電話とフォームを写真の上に同格で置きたい,写真が全面に耐える解像度・引きでないとき / 文字量が多く3行を超えるとき（読み場が足りない） / 切り抜き素材で明るく訴求したいとき（cta-band-cutoutへ）,背景写真 / 見出し（2行まで） / 補足文 / 主CTA文言 / 電話番号 / 受付時間,sho_zkai_s11 sho_hanamaru_s13 r-reha_s12 sanrio_s04
cta/cta-channel-columns,cta,等価チャネル横並び,2,導線が2〜3本あり、どれも等価（メルマガ／SNS／note、問い合わせ／資料請求／見学など）のときの型。優先順位をつけず空間で等分する。分け方は2通り。(a)帯を隙間なく色で等分割（黄／ピンク／ティール等）し、各列の中央に白の角丸カードを浮かせる。カードはアイコン＋チャネル名、説明2行、黒の細ピルボタンの3段構成。帯の上端の片側を斜めにカットして前セクションと噛み合わせ、角に三角形の小片を散らして帯を『はめ込んだ』ように見せる。(b)無彩色または濃紺の面に、同一フォーマットのボタン（和文＋英字2段＋右下の丸矢印）を等幅で2〜3枚並べ、左に巨大な英字見出し（Contact等、字高72〜96px）とその上に小さな和文キャプションを乗せる。写真背景の上に半透明パネル（白またはブランド色20〜30%）を敷いて枠にしてもよい。どちらの分け方でも、列の中身は完全に同じ骨格で反復し、説明文の文字数も揃える。1つだけ色や大きさを変えると等価性が崩れるので変えない。,行き先が種類の違う複数チャネル（SNS・メルマガ・資料）である / どれを選んでも良いと伝えたい / ページの最下部でフッターへ繋ぎたい,押させたい本命が1本あるとき（cta-priority-stackへ） / チャネルが4つ以上あるとき（1列が細くなり読めない） / 説明文の長さがチャネル間で大きく違うとき,セクション見出し（英字） / 和文キャプション / チャネル名×2〜3 / アイコン×2〜3 / 説明文×2〜3 / ボタン文言×2〜3,tanq_s11 linie_s14 kobe-wu_s13 meikei_s15 nakamura_s13
cta/cta-material-hero,cta,資料・特典の実物を主役にする,2,資料請求／特典プレゼントのCTA。もらえる物を文字で説明せず、実物のビジュアルを主役に据える。見せ方は、冊子の表紙を正面から影付きで1点だけ置くか、複数冊を扇状・斜めに重ねるかの2択。物の高さはセクション高の45〜60%、影は真下に柔らかく落とす（斜め影は使わない）。物の周囲には手描き線のオブジェやドット地紋を余白に散らすか、『無料』『PDFですぐ閲覧できる！』の丸バッジ／付箋を物の右上に12〜15°傾けて重ねる。上にはリボン状の帯見出し（両端を凹の三角に切った横長の帯）、下には白カードを敷いてその中に2色のボタンを横並び（例：緑＝教室を探す／橙＝無料体験を申し込む）、その下に細い下線リンクで第3導線を添える。2択にする場合は左小・右大の非対称2カラムにし、渡したい側を1.4〜1.6倍の面積で見せ、左上に『無料』『今だけ』のバッジを角に重ねる。,資料請求・特典プレゼントが主訴求 / 冊子・教材・PDFなど見せられる実物がある / 無料であることを面積で伝えたい,渡す物が抽象的（メール配信など）で写真にならないとき / 実物写真の質が低いとき（そのまま安さが出る） / 導線が3本以上あるとき（cta-priority-stackへ）,帯見出し / 資料・特典のビジュアル / バッジ文言 / 説明文 / ボタン文言×2 / 補足リンク / 電話番号,meisei-kg_s12 sho_eccjr_s15 sho_eikoh_s08 sho_zkai_s12
cta/cta-lifted-card,cta,前セクションにせり上がる白カード,2,"白の大きな角丸カード（角丸24〜40px、影 0 8px 32px rgba(0,0,0,.08)）を、前セクションの上に80〜160px食い込ませて浮かせる。背景は色面か有機的なブロブ形（オレンジ／グリーン等の大きな不定形）で、カードの左右にはみ出させて色を見せる。この型の要は、カードの外周から必ず1つ要素をはみ出させて奥行きを作ること。手段は4つ：(a)見出しをタブ状のピルにしてカード上端に半分かぶせる、(b)キャラクターや切り抜き人物をカード上端の左からはみ出させて立たせる、(c)写真をブロブ形にクリップしてカード左辺から半分外へ出す、(d)写真サムネの下端にピルボタンを半分重ねて飛び出させる。カード内は上から 見出し → ステップ／説明 → 検索・選択UI → 主CTA の縦一列、左右パディング48〜64px。背景に薄い地紋（ドットの日本地図など、不透明度8〜12%）を敷くと大面積が持つ。前セクション側は下端を余白にしておき、カードが乗る余地を残す。",セクション境界をまたいで注目を集めたい / キャラクターやブランドの図形（ブロブ）資産がある / カード内に検索・選択などの操作を入れたい,前セクションが写真断ち切りで下端に余白がないとき / 背景が白でカードが浮いて見えないとき / 中身が見出し＋ボタンだけで縦が短いとき（カードの意味がない）,背景の色面／ブロブ / カード見出しタブ / はみ出し要素（キャラ／写真） / 本文・ステップ / 選択UI（教室検索など） / 主CTA文言 / 補足文,r-reha_s05 sho_seiha_s04 sho_globalcrown_s09 hanamaru_s02
cta/cta-airy-cutouts,cta,白地・中央コピー＋左右余白に切り抜き浮遊,3,静かに上品に締めるCTA。背景はほぼ白（#fff〜#faf7f5）で、セクション上端を淡いピンク／ベージュの浅い曲線（振幅24〜40px）で切って前セクションと分ける。中央1カラム（最大幅560〜640px）に、小さな英字ラベル（CONTACT／ADMISSION、字間0.2em、ブランド色、13〜14px）→ 和文大見出し（32〜40px）→ 説明2〜3行 → 主CTA1本（幅240〜320pxの濃色ピル、右に丸矢印）だけを縦に積む。ボタンは必ず1本に絞る。左右の余白（中央カラムの外側、片側180〜260px）に切り抜き写真を2〜4点、上下に高さをずらして浮かせる。人物は必ず内側（中央）を向かせ、遊具・小物などの物を混ぜてもよい。切り抜きに影はつけず地に溶かす。上下の余白は96〜140pxたっぷり取る。ここに実績数字や電話番号やバナーを足すと型が壊れるので足さない。,ページ最下部を静かに締めたい / 学校・幼稚園など落ち着いたトーンのブランド / 切り抜きの人物・小物素材が複数ある / 導線が1本だけ,キャンペーン訴求で勢いが要るとき（cta-band-cutoutへ） / 導線が2本以上あるとき / 切り抜き素材がなく余白が本当に空になるとき,上端の曲線 / 英字ラベル / 和文見出し / 説明文（2〜3行） / 主CTA文言 / 左右の切り抜き素材×2〜4,meisei-es_s14 meisei-kg_s11
voice/voice-peek-carousel,voice,見切れカルーセル＋拾い読みレビュー,1,セクション上端に帯（全幅のベタ塗り帯／タブ状のリボン）で見出しを貼り、その直下からカードの横一列を始める。カード幅はコンテナの28〜30%、gap 24px前後に取り、中央に3枚が収まって左右のカードがちょうど半分だけ画面外へ切れる位置で列を止める。この「切れ端」が横スクロール可能であることの唯一の合図なので、絶対に端で揃えない。カードは白地・角丸12px・ごく薄い影。カード内は3段固定で、(1)話者ヘッダー＝属性ピル（受験区分・利用期間など、区分ごとに色を変える）＋名前＋学年を2行、または顔写真をカード上半分に敷いてその横に名前、(2)体験の結論を言い切る太字見出し2行、(3)本文8〜12行。本文は通読させない前提で、要点の1〜2文だけ蛍光マーカー（文字の下半分にだけ背景色を敷く linear-gradient）か色文字にして拾い読みさせる。カード下端に個別リンクを全カード同一位置で揃え、カード高さも揃える。左右端に円形の矢印ボタンをカード上へ半分重ねて縦中央に置き、列の下に中央揃えのドットインジケータ。セクション地はカードの白が浮く淡いグレー／ベージュ。,声が5件以上ある / 1件あたりの本文が長い / 縦の尺を使いたくない,声が3件以下（見切れが不自然になる） / 本文が1〜2行しかない（カードがスカスカになる）,セクション見出し / 話者名 / 属性タグ（学年・利用期間・受験区分） / 顔写真 / 体験見出し / 本文 / ハイライトする一文 / 個別リンク,sho_risu_s06 sho_risu_s15 sho_risu_s11 sho_meiko_s08 sho_novakid_s08
voice/voice-review-feed,voice,口コミフィード（アバター＋星＋日付）,1,1件＝横組み1行のカードを縦に積む。カードは白地・角丸8px・影ごく薄・上下間隔16px。左端に円形トリミングのアバター（80〜96px、真下に小さく名前と国旗／教室名などの属性）を固定幅で置き、枠線も縦罫も引かず余白だけで右のテキストと分ける。右カラムは1行目に投稿者名＋投稿日時（小さく灰色、分単位まで入れると生っぽさが出る）、2行目に星5つ（塗りは1色・12px程度と小さく）、3行目以降に本文2〜4行。この型の目的は「編集された推薦文」ではなく「投稿されたもの」に見せることなので、本文の改行・絵文字はそのまま残し、長さも不揃いのままにする。カードは4〜6件で止め、末尾に中央配置のピル型ボタンで一覧へ逃がす。セクション地は淡い色ベタ、カードだけ白で浮かせる。変種として2列にし、左を円背景のイラストアバター、右を縦罫1本付きの吹き出し風カードにしても同じ構造。,件数の多さそのものを見せたい / 短文の声が大量にある / 第三者性・実在感（＝作り物でないこと）を出したい,声が2〜3件しかない（フィードとして薄い） / 1件が長文（フィードの軽さが死ぬ）,セクション見出し / 小さな英字ラベル / リード文 / アバター画像 / 投稿者名 / 属性（国・教室・学年） / 星評価 / 投稿日時 / 本文 / 一覧ボタン,sho_kimini_s06 sho_kimini_s07 sho_eccjr_s10
voice/voice-proof-chart-card,voice,数値グラフ内蔵の体験カード,1,声を「証拠」に変える型。3カラムの等幅カードで、1枚の中身を上から5段に固定する。(1)話者ヘッダー＝円形アイコン40px＋名前＋年齢/属性の2行、(2)本人コメント3〜5行、(3)薄い罫線を1本挟んで「5ヶ月で271点アップ！」のように【期間＋差分】を1行で言い切る見出しをブランド色の太字・中央揃えで、(4)その直下に棒グラフを2本だけ（左＝開始：グレー、右＝現在：ブランド色）。棒の上に数値、下に「開始／5ヶ月」のラベルを置き、軸線・目盛り・凡例は一切描かない（チャートではなく証拠として一瞥で読ませる）。棒の高さは実数比で描き、盛らない。(5)最後に締めの一言を2行。カードは白地・細い罫線・影なしで、3枚とも同じ高さに揃える。セクション下に中央のCTAボタンを1つ置いて次へ送る。,点数・回数・順位など数値で語れる声がある / 「実感しました」で終わらせず効果を証明したい / 競合との差が結果で出せる商材,数値が取れない声しかない / 数値の実例が1件だけ（3枚並んで初めて再現性に見える） / 数値を盛らないと見栄えしない場合（この型は誠実さが命）,話者アイコン / 名前 / 年齢・属性 / 本人コメント / 伸びの見出し（期間＋差分） / 開始値 / 現在値 / 期間ラベル / 締めの一言 / CTAボタン,sho_kimini_s04
voice/voice-vertical-quote-portrait,voice,縦組み引用×段差ポートレート,2,3枚のポートレートを横に並べるが、天端を揃えず1枚ずつ上下に40〜60pxずらして段差を作りリズムを出す。各写真の左脇（写真の外側、幅は1文字分）に日本語の引用を writing-mode: vertical-rl で縦組みし、全角のカギ括弧「」で括る。縦組みは写真の上端から始め、写真の高さより手前で終わらせて下に余白を残す（下まで届かせると窮屈になる）。写真の下には小さく所属（学科・学年）、その下に氏名をやや大きくブランド色で。各カラムの右下に円形の「>」ボタン。セクション見出しは左上に大きな欧文を薄いグレーで抜き気味に置き、その下に小さな日本語サブと注記を添える。背景は白のまま、カードも枠も影も使わず、写真の四角と縦組みの黒だけで構成する。写真間は56px以上あけて詰めない。,引用を短く強い一文に編集できる / 上品・静かな印象が要る（進学校・大学・士業・医療） / 写真がきちんと撮影されている,引用が長い（縦組みで読めなくなる） / 賑やか・元気な世界観のブランド / 写真が寄せ集めで質がバラバラ,欧文セクション見出し / 日本語サブ見出し / 注記 / ポートレート写真 / 縦組み引用文 / 所属 / 氏名 / 詳細ボタン,shoei_s11
voice/voice-article-index,voice,インタビュー記事インデックス,2,声を「記事の一覧」として見せる型。縦長（3:4〜9:16）の写真カードを等幅で3〜4枚並べる。写真の上に濃色（紺・黒）のグラデーションを下から2/3の高さまで重ね、写真自体は沈ませる。カード内の情報は必ず下寄せで、上から(1)更新日を小さな欧文で、(2)見出し2〜3行を白の太字で・体言止めや途中省略で切る、(3)話者の所属と氏名を小さく、(4)#付きタグを2〜4個。タグはカード下端に折り返しで敷き、リンク色を付ける。写真の左下に濃色の小矩形で氏名を白抜きした名前バッジを重ねる変種も同型。カード間は8〜16pxと狭くしてタイル感を出し、外側は全幅ぎりぎりまで伸ばす（インデックスは詰まっているほど「まだ他にもある」と読ませられる）。セクション見出しは極太の欧文＋右に小さく VIEW MORE。写真が読み込めないと白抜けが致命的なので、カード地色は必ず濃色を先に敷く。,声が別ページの記事として実在する / コース・部活・進路などタグで分類できる / メディア／編集された感を出したい,写真が用意できない（この型は写真が主役） / 遷移先の記事がない（見出しが空手形になる）,欧文セクション見出し / 更新日 / 記事見出し / 話者の所属 / 氏名 / タグ（2〜4個） / カバー写真 / VIEW MOREリンク,odrive_s04 meikei_s13
voice/voice-feature-fullbleed,voice,1人フィーチャー（片側フルブリード写真）,2,1件の声を主役として大きく扱う型。画面の左45〜55%を人物写真でフルブリードにし、上下も断ち切る。右側は白／淡色地で、その上に極太の欧文見出し（STUDENT・VOICE など）を写真の縁へ数十px食い込ませて配置する。この「境界をまたぐ文字」がこの型の要で、きれいに分割してしまうと平凡な2カラムに落ちる。見出しの下に本文ブロックを白カードで置き、カード上端に小さなラベル（INTERVIEW）と日付をインラインで並べ、その下に本人の言葉を編集した見出し3行、下に所属＋氏名、最下段に#タグ列。右上隅に小さく VIEW MORE。右カラムの要素はすべて左揃えで固め、右側にはたっぷり余白を残して写真の密度と対比させる。,主役を1人に絞れる / 写真の質が高い（顔が大きく写り表情が良い） / 記事詳細への入口として使う,写真が弱い・小さい / 複数人を横並びで比較させたい / 1人に絞ると他が立たない構成,欧文セクション見出し / 人物写真 / ラベル（INTERVIEW等） / 日付 / 本人の言葉の見出し / 所属 / 氏名 / タグ / VIEW MOREリンク,odrive_s03
voice/voice-split-texture,voice,質感対比の非対称2カラム,3,左右で「見せ方」そのものを変える型。左カラム（40〜45%）は写真タイルを2段積みにし、各タイルにブランド色の半透明オーバーレイを全面に掛けて白のコピーを3〜4行乗せる（写真は情報ではなく地としてだけ使う）。タイル右下に円形の矢印ボタン。右カラム（残り）は写真ゼロで、細い罫線で区切ったテキスト事例を3〜5件、上から積む。1件は「見出し2行 → アイコン付きの所属1行 → アイコン付きの学部・職種1行」の3段で、行の右端に小さな色ドットを1つ置き、件ごとに色を変えて単調さを切る。左は面と色、右は線と文字で質感を意図的に対比させるのが狙いなので、右にカードや影を足してはいけない。カラム間は56px以上あける。セクション見出しは左上に小さなラベル＋大きな欧文、右カラムの頭にも別の欧文小見出しを立て、左右が別の内容であることを明示する。,イメージ訴求と実例リストを1画面で両立したい / 声・実績が多数あり全部を写真では出せない / 進路・就職実績のように「件数」が説得材料になる,事例が3件未満（右カラムが痩せる） / 使える写真が2枚も用意できない / 左右どちらかしか中身がない,セクションラベル / 欧文見出し / タイル写真（2枚） / タイル上のコピー / 右カラム見出し / 事例見出し / 所属 / 学部・職種 / 色ドット / タイルのリンクボタン,kobe-wu_s07
numbers/numbers-hero-figure-stamp,numbers,判子バッジ＋極大数字（1指標一点突破）,1,数字そのものが主張になる型。セクション見出しは中央・16〜20px相当で意図的に控えめに置き、その下に主役の数字ブロックを置く。見出しと数字の級数比を1:5〜1:8まで開くことが全て。数字は72〜120px、単色の高彩度アクセント（赤/朱）。数字ブロックは横1行のインライン組みで［丸バッジ］［前置ラベル］［極大数字］［単位］の4要素。前置ラベル（「合計」など）は数字の1/4〜1/5サイズで2行に折り、数字の左に密着させる。単位（「名」「％」）も1/4サイズで、数字の直後・下端寄りに沿わせ、間隔は空けない。数字の下に黄色系（#FFE94D前後）6〜10px太の下線を、数字の下端に2〜4px重ねて敷く。下線は数字の幅ぶんだけで、単位まで伸ばさない。左の丸バッジは判子/菊型の縁取り（ギザギザまたは二重円）、直径は数字の高さの0.7倍、中に2行の短いラベル。数字とは16〜24px空ける。数字の左右上部に桜などの小紋を3〜5個、透過10〜20%で散らし、数字のbounding boxの外へはみ出させる。指標が複数（国公立/私立など）なら同じブロックを縦に積み、間隔32〜48px。桁数が違ってもバッジ左端で揃え、数字は右に伸ばす（桁揃えはしない）。注記（「うち医学部◯名」）は数字ブロックの右下に10〜11px×1行。背景は白か極薄のベタ、囲み枠は使わない。上下余白64〜96px。,実績数・会員数など1つの数字が主張そのもののとき / 指標が1〜3個で、数字に長い説明が要らないとき / 権威・実績感（合格発表・老舗感）を出したいとき,指標が4つ以上ある / 数字より背景説明の方が長い / 数字が推移や比較の中でしか意味を持たない（→比較バー型へ）,見出し / ラベルバッジ文言 / 前置ラベル / 数字 / 単位 / 注記 / 装飾小紋,sho_meiko_s06 sho_meiko_s07
numbers/numbers-chip-row,numbers,ラベルタブ付き数値チップの横並び,2,等価な事実を2〜3個、並べて信用の面を作る型。チップは白の角丸ボックス（角丸6〜10px、padding 16〜20px）で、その上辺にまたがるようにラベルタブ（アクセント色ベタ＋白抜き11〜12px、角丸4px）を高さの50%ぶん乗り上げて配置する。この「タブがボックスの縁を跨ぐ」処理がこの型の要で、これが無いとただの箱になる。数値は28〜40px太字、単位（教室/名/％）は12〜14pxでベースラインを揃えたまま直後に密着。チップ間は12〜20px、区切り線を入れるならチップ高さの60%だけの短い縦罫にする。チップ群は中央寄せで、その上に主張コピーを20〜26px×1行（キーワードだけアクセント色＋太字、周囲に短い放射線状のあしらい）。さらに上に吹き出し見出しを載せる変奏では、角丸吹き出しを2〜3pxずらして二重に重ね、下辺中央に三角のしっぽを付けて立体に見せる。出典はチップ群の直下に8〜9px右寄せ。変奏（数字→理由）：チップを左カラムに1つだけ大きく（数字44〜56px、下にラベルタブを黄色で敷く）置き、右カラム55%に「なぜそうなるか」のコピーを15〜17px×2行、鉤括弧でキーワードを囲む。左右の間32〜48px、上端揃え。数字→理由へ視線を流す。,規模・実績を2〜3個並べて全体像を伝えるとき / 1つでは弱いが並べると効く数字（拠点数×会員数） / 数字の直後に「だから何か」を1行で付けたいとき,指標が1つしかない（→一点突破型へ） / 各指標に長い解説が要る / 割合や満足度が主役（→ドーナツ型へ）,吹き出し見出し / 主張コピー / チップラベル / 数値 / 単位 / 出典 / 理由コピー(変奏時),sho_peppy_s04 sho_eccjr_s05
numbers/numbers-donut-with-voices,numbers,ドーナツ＋声の並走（左グラフ／右コメント）,1,割合の数字に、生の声を横で並走させて根拠にする型。見出しは中央1行で「ブランド名 の 総合満足度 95.1%」のように指標名と数値を見出し内に入れる（指標名だけアクセント色、数値は周囲の1.4倍級数）。見出しと本体の間32〜40px。本体は2カラム、左38〜42%にドーナツ、右58〜62%にコメント、gap 40〜56px。ドーナツは外径240〜280px、リング太さは半径の40〜45%（穴が直径の55%前後残る）。未達分は薄グレー#E8E8E8、リングは12時起点の時計回り、端は丸めず角のまま。中央の穴に2行、上に指標名12〜14px、下に数値44〜56px（小数部は0.6倍に落として続け、％はさらに小さく）、行間は詰める。右カラムは3本のコメント行で、各行は［円形の顔アイコン40〜48px］＋［本文12〜13px／行間1.7］の横並び、アイコン上端と本文1行目上端を揃える。行間20〜24px、区切り線は入れない。最下部に調査概要を9〜10pxグレーで全幅1行。ここでサイズを極端に落とすことが数値の圧と信頼の両立になる。背景がベタ色のときだけ全体を白カード（角丸8〜12px、アクセント色2〜3px枠、内padding 32〜40px）に収め、白背景なら枠なし。グラフを2枚並べる変奏では、白ボックスに2pxの色罫＋右下に黄色ベタ影を8pxオフセットで敷き、紙を重ねた質感を出す。,満足度・継続率など割合が主役で、数字に裏付けが要るとき / アンケート結果を出典付きで見せるとき / 同じ面に「声」も置きたいがtestimonialセクションを別に取れないとき,コメントが用意できない（→ドーナツ中央型へ） / 割合が3つ以上あり比較が主眼（→比較バー型へ）,見出し / 指標名 / 数値 / グラフ内訳 / コメント3本 / 顔アイコン / 調査注記,sho_winbe_s04 sho_kidsduo_s06 sho_meiko_s09
numbers/numbers-donut-cutout-overlap,numbers,ドーナツ中央＋切り抜き人物のはみ出し,2,1つの割合だけをセンター一点で見せる型。上に2行の見出し（16〜20px、2行目のキーワードを引用符で括る）、見出しと図の間40〜56px。太いドーナツリング（外径300〜360px、リング太さは半径の30〜35%）を中央に。12時起点の時計回り、未達分は極薄グレー。リングの穴の中に上寄せで指標名2行（20〜24px太字、末尾に小さく※）、その下に数値72〜96px（小数部は0.55倍・下端揃え、％はさらに小さく）。数値の重心はリング中心よりやや上に置く。この型の唯一かつ最大の仕掛けは、切り抜き人物（バストアップ）をリングの下端にまたがせること。人物の上半身がリング内側の下部を隠し、肩から下はリングの外へはみ出す。人物のz-indexはリングより上、頭頂が数値の下端に8〜16pxかかる程度、人物の幅はリング外径の55〜65%。これが無いと単なる円グラフに落ちる。背景は白のまま、影も枠も付けない——切り抜きの輪郭が背景に直接乗ることで浮きが出る。注記は本文として出さず「※詳細 ＋」のグレーの小さいピル（10〜11px、角丸フル）に畳み、押して開かせる。上下余白は96〜120pxと大きく取り、この面ではこの1点だけを見せる。,最強の1指標を単独で見せ切るとき / 切り抜き素材（人物・商品）が使えるとき / 前後の面が情報密度が高く、ここで抜きを作りたいとき,切り抜き素材が無い（重なりが作れず凡庸になる） / 同じ面に複数指標を置きたい / 注記を本文として読ませる必要がある,見出し2行 / 指標名 / 数値 / グラフ比率 / 切り抜き人物 / 畳んだ注記,sho_smilezemi_s03
numbers/numbers-compare-bars,numbers,比較バー（前後／他社を1行に積む）,1,数字を単体でなく差として見せる型。行＝1つの比較単位。行の左に60〜80px固定幅のラベル（学年名／期間、2行可）を右揃えで置き、残り全幅がバー領域。バー領域には2〜3本の水平バーを4〜6pxの隙間で縦に重ねる。基準（受講前／他社）は薄グレー、主役（受講後／自社）はブランドの高彩度色。バー高さ18〜24px、角丸はバー高さの半分。バー内にラベル文字を11〜12pxで入れる（グレーバーは黒、色バーは白抜き）。バー長は実データ比に従うが、主役バーが基準より必ず長く見える最小長を確保する。数値は主役バーの右端の外側に置き、主役だけ28〜36pxの極大、基準側の数値は12〜14px——ここで級数差を4倍以上つけるのが肝で、同サイズにすると比較が死ぬ。差分を出す型では行の右端に赤い上向き矢印＋黄色の楕円ふきだしで「+20.3点 UP!」を置き、ふきだしをバー領域の外へはみ出させ、行の高さを超えて上下に少し飛び出させる。行は6行程度まで縦積み、行間8〜12px。全体は薄い白カードに収め、上に「＼ 学力があがった！ ／」の斜線付き小見出しを中央に。下に出典・調査条件を9〜10pxグレーで2〜3行。項目バー変奏では、ラベルを左に置く代わりに項目名を黄色マーカーで敷いたテキストにし、数値だけを右端に右揃えで並べる（バーの代わりにマーカー幅で量を示す）。,受講前後・自社他社など差そのものが主張のとき / 複数の学年/期間で同じ傾向を反復して見せたいとき / 項目別の割合を7個前後まで一覧させたいとき,比較対象が1つしかない / 差が小さくバーで見て違いが分からない / 割合1点を強く見せたい（→ドーナツ型へ）,小見出し / 行ラベル / 基準バーのラベル / 主役バーのラベル / 数値 / 差分コピー / 出典,sho_smilezemi_s02 sho_globalcrown_s02 sho_meiko_s09
numbers/numbers-infographic-canvas,numbers,図版キャンバス（地図・放射図に数字をピン留め）,3,位置に意味がある一枚の図をベタ色のカードに収め、その上に数字と賞ラベルをピン留めする型。カードは角丸8〜16px、幅は全幅の80〜88%、内padding 32〜40px、地色はブランドの濃色（ティール等）。地の図は日本地図・中央ロゴを囲む放射配置など「どこに置くかが情報」であるもので、カード地色の上に白または同系濃色で描く。図の要所に引き出し枠（白の角丸ボックス＋1px枠、11〜13px、2行まで）を6〜10個配置し、対象位置と細い線または小さな丸で結ぶ。各枠の右上に金/黄の円形リボンバッジ（直径32〜44px、「全国No.1」「金メダル」）を-8pxオフセットで重ねる。カード上部にロゴ＋1行のリード（白抜き13〜15px）を置き、図とは16〜24px空ける。情報量が多いときはカード自体をスライド化し、左右に直径40pxの円形矢印ボタンをカードの外周に半分かぶせて配置、下にドットインジケータ。極小注記はカード内左下に8〜9px。設計の肝は役割分担で、カードの外・上には金バッジ付きの見出し帯（太字＋黄色下線）を置いて主張を言い、カードの中は情報だけにする。放射図の変奏では、中央にロゴを置き、周囲に円形に切り抜いた写真6点を等角度で配置、各写真の外側にキャプション2行を放射方向に置き、薄い円弧のガイド線でつなぐ。,全国展開・網羅性など「広がり」が主張のとき / 受賞や実績が地域/カテゴリごとに複数あるとき / メソッドの構成要素を並列に図解したいとき,図版素材を作る工数が取れない / 載せる項目が5個未満（図が間延びする） / スマホ流入が主でスライドを触らせにくい,見出し帯 / バッジ文言 / カードのリード / 図版 / 引き出し枠テキスト / 賞バッジ / 注記 / スライド操作,sho_risu_s05 sho_globalcrown_s02
numbers/numbers-award-emblem,numbers,受賞エンブレム（主張と注釈の極端な級数差）,2,金色のエンブレムで権威を担保し、主張と根拠のサイズ差を極端につける型。骨格は左右2カラムで、主張側60〜65%／エンブレム側35〜40%。主張側は上にアクセント色のベタ帯（白抜き14〜16px）で対象範囲を宣言し（「全国の保護者に一番選ばれている英会話教室」）、その下に白ボックスで結論（「生徒数NO.1」）。NO.1の部分だけ32〜44px、修飾語は16〜20px、語尾に※1を8pxで添える。エンブレム側は金グラデの円形/盾形エンブレムを1〜3個、3個並べるときは中央を1.15倍大きくし左右をわずかに下げて三角配置、各エンブレムの右下に※2※3を8pxで置く。背景には薄い写真（教室風景など）を白オーバーレイ15〜25%で敷き、その上に白帯・白ボックスを重ねる——写真は読ませず雰囲気だけの層にする。注釈は最下部に7〜9pxグレーで3〜4行まとめて畳む。主張と注釈の級数比を5:1以上に開くほど主張が効き、注釈を12pxまで上げると途端に言い訳に見える。賞状見立ての変奏では2カラムのまま、左にエンブレムを幅25%で大きく置き、右に受賞名を明朝20〜24px×2〜3行＋受賞項目を中黒の箇条書き13pxで添え、背景をごく薄いアイボリーのベタにする。,第三者調査のNo.1・受賞歴が根拠として使えるとき / 数字が順位や称号の形でしか出せないとき / 権威づけを1面で済ませたいとき,エンブレム素材が用意できない（素のテキスト組みに落ちて一気に安くなる） / 注釈の条件が多く小さく畳むと誤認を招く / 受賞が1件で内容も薄い（他パターンの一要素として吸収する）,範囲宣言帯 / 結論コピー / エンブレム画像 / 受賞項目リスト / 注釈 / 背景写真,sho_eccjr_s06 sho_zkai_s10 sho_zkai_s09
price/price-plan-cards-hero,price,3列プランカード（中央を主役化）,1,コンテンツ幅960〜1080pxに等幅カード3枚をgrid（gap 20〜24px）。カードは角丸16〜20px、白地＋淡い影か1px枠。中央だけを主役にするために次のうち2つを重ねる：(a)上下に8〜12px高くはみ出す、(b)角に斜め45度のリボンかギザギザ星バッジをカード外周へ4〜8px越えて重ねる（overflow: visible必須）、(c)カード上部30%をプラン色でベタ塗りし白文字にする。カード内は上から、小キャッチ1行（11〜13px・薄色）→プラン名（20〜26px太字）→条件ピル（週25分×2 等、線囲み角丸999px・12px）→価格（36〜48px、数字だけ太く「円/税込」は14pxでベースライン揃え）→丸チェックの特典リスト（各2行まで・行間1.6）→CTA（カード幅−左右24px、高さ48〜52px、角丸999px）。上部を色帯にする場合は価格を必ず白地側に置いてコントラストを作る。割引率（-4% / -7%）はカード右上に小さく色文字で置くと縦の比較が一瞬で終わる。キャンペーン特典はカード下端から下へはみ出す別カード（別色・上端を本体に8〜12px重ねる）にすると、情報量を足しても本体のリズムを壊さない。カード頭は必ず上端揃え、はみ出す特典カードだけ長さが違ってよい。プラン軸が2系統ある場合のみ、grid上部に角丸999pxのセグメントトグル（選択側だけベタ塗り）を置き、トグル下は最低32px空ける。,プランが2〜4つ / プランごとに内容が違う（回数・期間・レベル） / 1つに誘導して決めさせたい / プランごとに個別CTAを置きたい,プランが5つ以上ある / 比較軸が多い（機能可否が6行以上） / 価格が1種類しかない / 価格が要見積もりで出せない,セクション見出し / リード1行 / プランカード×3（小キャッチ/プラン名/条件ピル/価格/割引率/特典リスト/CTA） / 主役バッジ文言 / 特典サブカード / 注記,sho_novakid_s06 sho_ripple_s07
price/price-matrix-grid,price,料金マトリクス（列＝プラン × 行＝回数、全セルが価格）,1,白い角丸パネル1枚（角丸24〜32px、内側padding 上下40px/左右32px）の中を3列gridで割る。列の区切りはブランド色1pxの縦罫を、ヘッダー下からパネル下端まで通しで引く——カードに分割せず「1枚の表」に見せるのがこの型の肝。各列の頭に小さな吹き出しラベル（淡色地・角丸ピル・下向き三角tail・11〜12px、例『気軽に始めるなら』『最もお得!!』）を置き、その下にプラン名（22〜28px太字）。以降は『条件ラベル（12〜13px・グレー・中央）＋価格（20〜24px）』を1セットとし、行間48〜56pxで縦に反復。推し行だけ価格を28〜32pxの太字にすると、視線が縦のプラン比較から横一直線の『同条件比較』に切り替わる。キャンペーンは1セルだけを破線の淡色ボックスで囲い、左上にタブ状の極小ラベル、中は取り消し線の旧価格（12px・グレー）→大きな割引価格（ブランド色28〜32px）。さらに手書き風の吹き出し（-8度回転）をボックス右端に重ねて、そのセルだけ紙のように浮かせる。パネルの上に前置きの白い帯（左寄せ見出し＋補足1行）を重ねると表の前提を説明でき、表本体は数字だけに専念できる。行ラベルは各セルに内包し左端に固定ラベル列を作らないこと（列を等価に保つ）。,全プランが同じ軸（回数・期間）で価格だけ違う / 数字の見比べが購買判断そのもの / 行が4〜6程度に収まる / 特定の条件（週3回など）に誘導したい,プランごとに中身が違い数字で並べられない / 比較軸が2つ以上（回数×期間） / 行が7以上になる / プランごとにCTAを分けたい,前置き見出し＋補足1行 / 列ラベル吹き出し×3 / プラン名×3 / 行条件ラベル（週1〜週5等） / 価格セル / 推し行の指定 / キャンペーンセル（旧価格/新価格/吹き出し）,sho_globalcrown_s10
price/price-feature-compare-table,price,機能比較表（価格＋CTAをヘッダー行に固定、本体は○／−）,2,幅960〜1120pxの表。左端に22〜28%の行ラベル列、右に等幅のプラン列。ヘッダー行は上下padding 24pxで、価格（28〜32px太字／単位『/月』は14px）→税込表記（11px・グレー）→特典の一言（11px・強調色）→CTAボタン（列幅−32px、高さ44px、角丸4〜6px、左にアイコン）を縦に積む。ヘッダーの背景は白のままにし、下辺だけ2pxで締める。以下の比較行は高さ44〜52px、区切りは全幅1pxのhairlineのみで縦罫は引かない（横に読ませるため）。可否は『塗り丸＋白チェック（20px）』と『グレーの短い横棒（12px）』の2記号だけで表し、セルに文章を書かない。値が文字の行（6:00-24:00 等）は13〜14px中央揃え。行ラベルは13px＋下線＋脚注番号（※1）で、条件の但し書きは全部表の外の脚注リスト（11px・行間1.8）へ逃がす。表下には『全プランを表示』の小さなアウトラインボタン（行の折りたたみトグル）を左寄せで置き、さらに下に中央のセカンダリCTA（角丸999pxのピル＋矢印）で次の導線を作る。推し列に色面を敷くより、ヘッダー価格とCTAの色差だけで主役を作るほうが表として読みやすい。,条件・機能の可否が6行以上ある / プラン差が『含まれるか否か』 / 検討期間が長く比較して決める層 / 但し書き・注釈が多い商材,比較軸が3つ以下（表が大げさになる） / 感情で決まる商材 / スマホ流入が主でCVを取りにいく面 / プランが4列以上（横に潰れる）,導入コピー2行 / プラン列見出し（価格/税込/特典一言/CTA） / 行ラベル（脚注番号つき） / 可否セル（○／−） / 値セル（時間・回数） / 全プランを表示トグル / 脚注リスト / セクション末CTA,sho_kimini_s11 sho_kimini_s10
price/price-stack-bar-compare,price,積み上げ棒で内訳比較（他社 vs 自社）,2,左右2カラム（左40〜45%／右55〜60%、gap 48〜64px、上端揃え）。左は小ラベル（囲み or 斜線つき色文字）→見出し2行（32〜40px、キーワードだけブランド色）→黒丸の箇条書き3つ（各2行・強調語のみ太字）→11pxの注記。右は淡いブランド色の角丸パネル（角丸16px、padding 32px）で、その中に『\ 一言の主張 /』を斜線で挟んだラベル→棒2本を左右に並べる。棒は幅100〜120px、上に列見出し（左＝一般の◯◯、右＝自社ロゴ）。左（他社）は複数セグメントを積み上げ、上に行くほど淡いグレー、各セグメント内に11〜13pxのラベル（その他料金／季節講習費／テスト対策費／授業料）。右（自社）は主セグメント1つだけをブランド色でベタ塗りし、追加費用に当たるセグメントは破線の枠だけで塗らない——『無い／薄い』ことを面積の欠落として見せるのが核。2本の全高の差を破線の水平ラインで結び、差分をその場で可視化する。棒の下端は共通ベースラインに揃え、パネル下端に11pxの但し書き。目盛り・軸は出さない（統計図ではなく構造の説明図だと分かる形にする）。面積は必ず実データに比例させること。,総額でなく『内訳・追加費用の有無』が売り / 他社・業界一般との差を言える / 数字を並べても伝わらない構造的優位 / 定額制・込み込みが訴求の中心,比較対象を明示できない / 内訳が1項目しかない / 実際の面積比と乖離する誇張になる / 自社の内訳が他社より多い,セクション小ラベル / 見出し2行 / 箇条書き3点 / 注記 / 図パネル見出し（\ … /） / 他社棒のセグメント名×3〜4 / 自社棒のセグメント名（主＋破線の追加費用） / 差分ラインの説明,sho_atama_s09
price/price-duo-split-band,price,2分割カラーブロック＋境界を跨ぐ共通条件バッジ,3,幅720〜880pxの角丸ブロック1枚（角丸12〜16px、中央寄せ）を縦に50/50で割る。上段は左右それぞれを同系色の濃度違いでベタ塗り（左＝淡、右＝濃）にし、中にプランの構成要素を白い小タグ（角丸4px・11〜12px、例『算数』『国語』『英語』）で横並びにしてから、要素数（『2教科』『3教科』）を22〜28px太字・白で置く。下段は同じ左右分割のまま、上段の各色を10〜15%まで薄めたトーンにして、価格を各面の中央に大きく（28〜36px、数字だけ太く『円』は16px）。左右の境界線上、上段と下段の境目あたりに白地・角丸999pxのバッジを浮かせて両面に跨がせ、そこに共通条件（週2回／税込み）を入れる——共通項を1個所に括ることで『違いは教科数だけ』という関係が説明なしで伝わる。ブロックに影は付けず、色面の差だけで分ける。ブロック外の下に11pxグレーの注記を左寄せ2行（入会金・システム維持費など）。上下の高さ比は上段:下段＝1:1〜1:1.2、面の内側paddingは上下24px。,選択肢がちょうど2つ / 差分が1軸だけ（教科数・回数・時間） / 料金表に大きな面積を割きたくない / 本文の途中に価格を挟みたい,プランが3つ以上 / プランごとに特典・機能が違う / プランごとに個別CTAが必要 / 価格に幅がある（〜円から）,プラン構成タグ（左） / 要素数ラベル（左） / プラン構成タグ（右） / 要素数ラベル（右） / 価格（左） / 価格（右） / 共通条件バッジ / 注記2行,sho_gakken_s10
price/price-offer-band,price,オファー帯（割引・返金保証を切り抜き写真＋吹き出しバッジで一撃）,3,高さ320〜400pxの全幅バンド。背景は白のまま、太い有機的な帯（高さ48〜72pxの緩いS字カーブ、アクセント色ベタ）を左端から右端まで横断させ、コンテンツの背面に敷く（z-index下・overflow hidden）。左カラム（幅30〜38%、左padding 64〜80px）は上からアイコン1つ（王冠など36px・色付き）→太い見出し2行（28〜36px、割合や日数だけ特大）→説明3〜4行（13px・行間1.8・折返し幅280px前後）。右は不定形のブロブ（角丸を不均一にした塗り、またはSVGパス、ブランド色の淡トーン）を敷き、その上に背景透過の人物切り抜き写真をブロブ下端から下にはみ出させて乗せる——矩形でトリミングしないことがこの型の軽さの正体。写真の左上に吹き出しバッジ（濃色の角丸ボックス＋三角tail、中に『14日／返金保証』を2行・白文字）を写真へ25〜35%重ね、バッジ外側に短い放射線を3本添えて視線を止める。左テキストと写真の間は最低64px。CTAは置かず、直前の料金セクションで生じた迷いを潰す役に徹する（1バンド1メッセージ）。,料金セクションの直後に不安を潰したい / 返金保証・兄弟割・期間限定割など単発オファーがある / 使える人物の切り抜き写真がある / 価格表が理詰めで硬いので体温を足したい,伝えたい訴求が複数ある / 切り抜き写真が用意できない（矩形写真だと途端に凡庸な2カラムになる） / 保証条件が長く注釈が必要 / 同じページに同型のバンドが既にある,アイコン / オファー見出し2行 / 条件説明3〜4行 / 切り抜き写真 / 背景ブロブ色 / 保証バッジ（数字＋文言） / 横断帯の色,sho_novakid_s11
compare/compare-matrix-symbol,compare,記号評価の多列マトリクス（自社列ベタ塗り強調）,1,競合カテゴリが3つ以上あるときの総覧表。左端に「比較項目」の見出し列（幅は他列の0.6〜0.7倍、全体の10〜12%）、その右に自社列、さらに競合列を3〜4本。自社列だけ幅を1.1〜1.2倍にして無意識の視線集中を作る。ヘッダ行はブランドの暗色ベタ＋白文字、行高は本文行の0.8倍、括弧書きの補足（対面指導など）は改行して2段目に小さく置く。自社列はヘッダ直下から最終行まで薄いアクセントティント（5〜8%）を1本の縦帯として通し、自社ヘッダの文字色だけアクセント（他は白）にして列の始点を明示する。各セルは上下2段構成＝上に◎○△×の記号（20〜24px）、下に10〜12pxの短評1行。記号は◎=アクセント／○=セカンダリ／△=警告色／×=グレーと、形と色の両方で差をつけ色だけに依存させない。短評は自社のみアクセント色＋太字、競合はグレーの通常ウェイト。罫線は1pxの淡グレー横罫のみ、外枠は付けず全体を角丸でクリップする（縦罫は引かない。引くと自社列の帯が死ぬ）。セル余白は上下14〜18px／左右8〜12px、行数は最大8。表直下に10px・グレー・中央の注記を1行入れて「一例です」と逃がす。表全体の上には黄色などのマーカー帯付き見出しを1本。,競合が業態ごとに複数ある（集団塾/個別/オンライン等） / 項目数が多く、優劣を一覧で言い切りたい / 各セルの説明が10〜15文字で足りる,競合が1つしかない（3列比較の型を使う） / 各セルに2〜3行の説明が必要（読めなくなる） / 記号で断定すると根拠が弱く見える業種,セクション見出し / 比較項目名（8行まで） / 自社列ラベル / 競合列ラベル（3〜4） / 各セルの記号 / 各セルの短評（1行） / 注記,sho_eikenacademy_s07
compare/compare-vs-framed-column,compare,自社1列を枠で抜く3列対比（罫線なし・帯で行分け）,1,競合を「他社◯◯サービス」と一般化して1本にまとめ、項目名／自社／他社の3列で戦う型。列幅比は1 : 2.2 : 1.8で自社をわずかに広く。最大の装置は自社列を囲う太枠（2〜3px・アクセント色・角丸8〜12px）で、これを表の最上行より20〜28px上、最下行より20〜28px下まではみ出させ、表という平面から自社列だけが浮いて見えるようにする。枠内の上部にロゴマーク＋ブランド名、他社列の同じ高さにはグレーの汎用アイコン＋サービス名を置き、対の形は作りつつ彩度で負けさせる。罫線は一切引かず、行の区切りは背景の交替（ごく薄いクリーム／ティント）だけで作る。項目名列は白に抜くと「左=ラベル、右=中身」の関係が読める。セル中身は自社＝丸いチェックアイコン＋太字の結論1行＋10〜11pxの補足2〜3行、他社＝アイコンなし・60%グレー・太字なし。文字量は左右でほぼ同量に揃える（自社だけ長いと盛って見える）。行は3〜5行、上下パディング20〜24pxで行高は中身に応じ可変。,主な競合が1カテゴリに集約できる / 各項目に2〜3行の説明が必要で記号では足りない / ブランドの世界観を壊さずに比較したい（罫線の事務感を出したくない）,比較軸が6項目以上ある（縦に間延びする） / 競合を実名で並べたい / 自社の優位が説明を要さず記号で足りる場合（多列マトリクスの方が速い）,項目名（3〜5） / 自社ロゴ・サービス名 / 他社サービス名 / 自社セル：結論1行＋補足 / 他社セル：結論1行＋補足,sho_globalcrown_s12
compare/compare-spec-cards,compare,項目名列を持たない並列スペックカード（グループ入れ子可）,2,表を組まず、同じ順序の仕様行を持つ列を並べるだけで比較させる型。上位のグループが2つある場合（通学/オンライン等）は淡グレーの角丸パネル（radius 12〜16px、背景 #f4f6f8 程度、内側パディング24〜28px）を2枚横並びにし、その中にプラン列を2本ずつ入れて2×2の入れ子にする。グループが無ければプラン列を3本並べるだけでよい。パネル頭は「小さな色付きピルタグ（グループ識別色・白文字・12px・上下4px/左右12px）→ 2行の太い見出し（18〜20px・中央）→ 1行の説明（11〜12px・グレー・中央）」の三段で、何の比較かをここで確定させる。プラン列の頭は黒〜ダークグレーのベタ丸ピルに白文字のプラン名＋右端に小さな「›」を置き、これが列見出しであることを明示。以下の仕様行はテキスト1行のみ（12〜13px・中央揃え）を1pxの淡い横罫で区切り、縦罫は引かない。行の順序を全列で完全に揃えることが唯一の比較装置なので、該当のない列は空欄にせず必ず「なし」と書いて行数を合わせる。行高34〜40px、金額行は最後に置き太字＋一段大きく。列間16〜20px、パネル間24〜32px。,料金・受講形態など事実の並列で比較が成立する / 比較対象がすべて自社の選択肢（他社を叩かない見せ方をしたい） / 2軸（形態×プラン）で整理したい,自社と他社の優劣を見せたい（記号や色の役割分担が必要） / 列ごとに行数が揃わない（比較機能が壊れる） / 説明が1行に収まらない,グループタグ（色付きピル） / グループ見出し2行 / グループ説明1行 / プラン名（各列のピル） / 仕様行（全列同順・4〜6行） / 金額行,tanq_s08
compare/compare-before-after-arrow,compare,×→○の2面対比＋中央の太い矢印（感情つきビフォーアフター）,2,数値でなく状態の変化で見せる型。左＝否定側／右＝肯定側を横並び（幅比1:1、または右をやや広く1:1.1）にし、中央に幅36〜48pxの塗りの太い矢印（線の矢印にしない）を上下中央で絶対配置し、両面に少し重ねて橋を架ける。各面の頭に同じ高さ（32〜40px）の帯を敷き、左＝グレー地に濃グレー文字「一般的な◯◯では」、右＝ブランド色ベタに白文字「◯◯なら」。帯の角は上だけ丸める。面の中身は左右で順序を揃える：①大きな記号（×＝グレーの線画／○＝ブランド色の輪）を左に、その右に2行の結論（16〜18px太字、キーワードだけ黄色マーカー下線か色替え）②ビジュアル（左＝困っている人のイラスト＋吹き出し2つ／右＝製品スクショや使用シーン写真）③補足。地と枠で沈む面／浮く面を作る：左は枠なしのグレー地（#f2f2f2）、右は白地＋アクセント1〜2pxの枠。右面の中にだけ成果を示す小カード（白背景＋薄枠＋アクセント見出し）を1枚差し、左面には入れない——この非対称が説得力になる。面の外・下も形式を変え、左＝グレーの説明文（散文）、右＝アクセント記号付きの箇条書き2〜3項目にして「雑然 vs 整理」を形で見せる。章立てする場合は左端にアクセント色の縦長バッジ（上に小さく「違い」下に大きく番号）を置き、その右にグレー帯＋見出し文。帯はバッジより低くし、バッジが上下にはみ出す。,ビフォー側の困りごとに読み手が自分を重ねられる / 製品画面や使用シーンの画像がある / 同じ論点を「違い1・違い2…」と連番で積み上げたい,並べる項目が4つ以上（表にした方が速い） / 肯定側に見せる画像が用意できない（記号だけだと空疎になる） / 否定側の描写が特定の競合の中傷に読める書き方,章バッジ（違いN） / 章見出し / 否定側の帯ラベル / 否定側の結論2行 / 否定側のイラスト・吹き出し / 否定側の説明文 / 肯定側の帯ラベル / 肯定側の結論2行 / 肯定側のスクショ／写真 / 肯定側の成果カード / 肯定側の箇条書き,sho_risu_s09 sho_risu_s10
flow/flow-timeline-vertical-duration,flow,所要時間つき縦タイムライン（円写真＋時計ドーナツ）,1,4行前後を縦に積むタイムライン。各行は「左ブロック固定200〜240px＋右テキスト（残り、最大480px）」の2カラム。左ブロックの中で円を2つ重ねる：奥に円形トリミング写真（直径110〜130px）、その左手前に所要時間の円（直径70〜80px）を40%ほど食い込ませる。時間の円は時計の残量ドーナツ（リングの扇形を所要時間の比率だけ塗る＝10分と30分で塗り面積が変わる）にして、その円の下端に「10min」の濃色ピルバッジを半分重ねる。写真の円の上辺には角丸ピルの吹き出しラベル（下向きの小さな尻尾つき、Hello! / Warm Up! のような一言）を跨がせ、円の外に半分出す。右テキストは色付き太字の見出し1行（16〜18px）＋本文3〜4行（13〜14px／行間1.9）、行頭は全行で揃える。行と行の間隔は48〜64pxあけ、その中央に小さな三角（▼）を3つ縦に等間隔で並べる（矢印1本ではなく3つの点列にすることで「時間が流れている」含意が出る）。地色は極薄クリームか白、セクション上部に見出しを黄色ベタの角丸帯で1本置き、その下に注記1行（※以下は一例です）を小さく添える。,当日のタイムスケジュール・所要時間を見せたい / ステップが4つ以上で、各ステップに写真と3行以上の説明がある / 「何分で何をするか」を示して不安を消すのが目的,所要時間が言えない（ドーナツが嘘になる） / ステップ写真がない / ステップが2〜3で内容が薄い（横一列で足りる）,セクション見出し（帯） / 注記1行 / ステップ写真（円形トリミング）×4 / 所要時間（分）×4 / 吹き出しラベル（一言）×4 / ステップ見出し×4 / ステップ本文×4,sho_kidsduo_s08 sho_winbe_s07
flow/flow-photo-steps-horizontal,flow,写真主役の横一列3ステップ（間に手描き矢印・末尾or分岐）,1,セクション全面をブランド色のベタ地で塗り、前後の白セクションと面で切る（上余白64／下56）。中央にアイコン＋見出し1行。その下に3カラム等幅（gap 32〜40px）。各カラムは上から (a) 番号バッジ＝白丸に色数字の40px円と、その右にステップ名を横並び（中央揃え・左寄せ、ステップ名は1行に収める。長い場合は2行分の高さを全カラムで確保して写真の上端を揃える）、(b) 写真＝16:10前後の横長、カラム幅いっぱい、角丸は4px以下でほぼ直角、(c) 本文2〜4行（13〜14px／行間1.8／左寄せ）。カラム間のgap上、写真の縦中央に手描き風の矢印（幅40px前後、わずかに傾ける、線は緑などベタ地と補色寄り）を絶対配置で1本ずつ置く。写真がセクション高さの4割を占める比率を守り、テキストは詰める。最終ステップだけ2択にする場合は、そのカラム内で写真を2枚横に並べ（間8px）、境界に円形の「or」バッジを重ね、各写真の下に短い色ベタのラベル帯（白文字1行）を敷いてから説明を書く。写真をもたない案件では写真を線画アイコン＋薄グレー角丸面に差し替え、矢印を点線に落とす（ミニマル版）。,ステップが3つ（最大4） / 申込〜来校〜体験までの手続きの流れ / 各ステップに見せられる写真がある / 途中や末尾に「AかB」の分岐がある,ステップが5つ以上（1カラムが細くなり写真が潰れる） / 各ステップの説明が3行を超える / 写真の粒度がバラバラ（引きと寄りが混在）,セクション見出し / ステップ番号×3 / ステップ名×3 / ステップ写真×3 / ステップ本文×3 / （任意）末尾分岐の写真2枚＋ラベル帯,sho_shane_s04 sho_ripple_s09
flow/flow-arrow-band,flow,シェブロン帯が横断する手続きフロー（終点にゴール切り抜き）,1,薄い色面のセクションに白の角丸カード（radius 16〜24、影はごく薄く）を1枚置き、その中で流れを完結させる。カード内側に、ステップ数と同数の巨大シェブロン矢印を隙間なく噛み合わせた1本の帯を水平に通す（帯の高さ32〜40px、矢先が次の矢羽根に食い込む）。帯の色はグラデーションではなく段階色（左が薄く右へ濃く、同系色を3段）にして境目を読ませる。帯の上に「STEP」を小さく大文字、数字だけ2倍サイズの太字で置く。帯の下に見出し（16〜18px太字）と本文（13px・3行程度）を、各シェブロンの左端に揃えて左寄せ。終点＝最後の矢先に、円形に切り抜いた人物写真（直径は帯の高さの3倍前後）を重ね、カード右上の辺からわずかにはみ出させる。円には色リングを回し、円内上部に「レッスン開始」等のゴール文言、脇に小さな吹き出しを2つ添えて到達の祝祭感を出す。テキスト下端とカード下端の間に48px以上の余白。カード上に前置き1行（無料体験まで3分で登録完了！）、カード下にCTAボタン1つを置ける。,写真素材が乏しい／手続きに絵がない / 申込→選択→開始の3手続きを最短で見せたい / CTA直前に置いて「あと3ステップで始まる」と言い切りたい,ステップが4つ以上（シェブロンが細くなり文字が入らない） / 各ステップに写真を見せたい / ゴールに置ける人物写真がない（帯だけだと素っ気ない）,前置き1行 / STEP番号×3 / ステップ見出し×3 / ステップ本文×3 / ゴールの人物写真（円形切り抜き） / ゴール文言 / （任意）CTAボタン,sho_kimini_s12
flow/flow-step-cards-wrap,flow,番号バッジ食い込みカードの折り返しグリッド（4〜6ステップ）,2,4〜6ステップを3列グリッドで折り返して並べる（3+2 / 3+3）。各カードは細い色枠（1.5〜2px）＋角丸12。カード内は上から (a) ステップ名の帯＝薄い同系色のベタをカード幅いっぱいに敷き、上角だけ丸め、英字大文字を配置、(b) 写真＝4:3、カード内側に8〜12pxのインセットを残して置く（枠と写真の間に必ず地色の隙間を見せる。ここを詰めると窮屈になる）、(c) 説明2行（13px）。番号は48pxの円形バッジ（色ベタに白の2桁数字 01/02…）にして、カードの左上角へ上と左に20pxずつはみ出すように食い込ませる。カード間（gap 32px）の縦中央に小さな三角（▶）を置いて順路を示す。折り返した場合は2行目の先頭カードの左側にも▶を置き「左端から続く」ことを明示する（改行位置に矢印を必ず入れる＝これがないと単なるカード並びに退化する）。行間は40〜48px。カード高さは行内で揃え、説明は下寄せせず上詰めにして写真位置をずらさない。セクション見出しの下に英字サブラベル（・・FLOW・・）と条件注記1行（小学生クラスの例：体験レッスン60分）を添える。,ステップが4〜6 / レッスンの中身（内容の順番）を見せる / 各ステップにキービジュアルがある / 説明は各2行で足りる,ステップが3以下（横一列で足りる） / 矢印を省く（矢印なしはfeature/cardsであってflowではない） / 説明が3行以上必要 / 2列で組む（順路が折り返しだらけになり読めない）,セクション見出し / 英字サブラベル / 条件注記1行 / ステップ番号×4〜6 / ステップ名（英字）×4〜6 / ステップ写真×4〜6 / ステップ説明×4〜6,sho_eccjr_s09 sho_globalcrown_s07
flow/flow-video-single,flow,流れを動画1本で見せる（台紙＋上辺食い込みラベル）,3,文字で説明せず実物を見せる型。見出しは2行構成にし、1行目は小さめの前置き（初めてのお子さまでも安心！）、2行目が本題で、文字の下半分だけを黄色いマーカー帯で抜く（line-heightを詰めず、background-imageのlinear-gradientで下45%だけ塗る）。導入文2〜3行を中央寄せで置き、その下に動画。動画の背後に斜め45度・8px幅の淡いストライプ панель（彩度を落とした地色）を敷き、パネル幅を動画より左右80〜120pxずつ広く取って「台紙に載っている」状態にする。動画は16:9、最大幅640〜720px、中央。動画の上辺には色ベタの角丸ラベル（無料体験の様子を動画でチェック）を跨がせ、下向きの小さな尻尾で動画を指す。ラベルは動画の上端から高さの半分だけ外へはみ出す。iframeは初期表示ではなくサムネイル画像＋再生ボタンを置き、クリックで差し替える。ステップ説明の型と併用する前提で、この型だけで流れを語らない。,体験や当日の様子を撮った動画が実在し、現行の内容である / ステップ説明を別セクションで既にやっていて、その補強として置く,動画がない・古い・音声前提の内容 / この型だけで流れを説明しようとする / 動画を複数並べる（1本に絞る）,前置き見出し / 本題見出し（マーカー抜き） / 導入文2〜3行 / ラベル文言 / 動画サムネイル / 動画URL,sho_winbe_s06
access/access-info-map-split,access,単一拠点インフォ＋イラスト地図（左右割り）,1,左に文字情報、右に地図を 45:55〜等幅で並べ、上端だけ揃える（下端は揃えなくてよい）。左ブロックは上から、シンボル/ロゴ → 屋号を1行で大きく → 英字表記 → 住所（ピンアイコン付き・12-13px薄色）→ 電話番号（このセクション最大の文字。24-32px、ブランド色、字間を広めに取る）→ 営業/診療時間の表、の順で積む。表は縦罫を持たず1pxのごく薄い横線だけで行を切り、可否は記号（●▲／）だけで示す。凡例・例外・注記は表の下に11-12pxで、強調色（赤など）で色分けして置く。右の地図はGoogle Map埋め込みではなく、道路を白・区画を淡色ベタ・駅を濃色で塗ったイラスト地図にし、自店だけを強調色の角付き吹き出し＋矢印で指す。周辺のランドマーク（駅・コンビニ・スーパー・公園）を4〜8個だけ文字で入れると「行ける」感が出る。地図の直下に「アクセス」「Google Map」の小さな角丸ボタンを2つ横並びで置き、実地図への逃げ道を作る。左右の間は48-64px、セクション上下は80-120px。,拠点が1つ（クリニック・店舗・単一教室） / 営業時間や休業日が来店判断の材料になる / 最寄駅からの経路・目印が売りになる,拠点が複数ある（カードグリッドや地図一覧を使う） / 営業時間が単純で表にする意味がない / イラスト地図を作れず埋め込み地図しか用意できない場合は、地図を小さくして写真を主役にする,屋号/ロゴ / 英字表記 / 住所 / 電話番号 / 営業（診療）時間表 / 休業日・注記 / イラスト地図 / ランドマーク名 / 地図系ボタン2つ,ikeda_s02 ikeda_s12
access/access-photo-card-grid,access,拠点写真カードのグリッド,1,拠点1つ＝写真1枚のカードを3列（PCで幅300-340px、間隔24-32px）で2〜3段に組む。写真は 16:10〜4:3 に統一、角丸8-12px。情報の載せ方は2択で、1セクション内で混在させない：(A) 写真の下に施設名（16-18px太字）と住所（12-13px薄色）を左寄せ、(B) 写真の下辺に「黒60%→透明」のグラデを高さ40%かけ、施設名と住所を写真内に白文字で置く。どちらの場合も写真の右上にバッジを1つだけ重ねる（所在地の市区町村、またはサービス種別）。バッジ色は1〜2色に限定し、これがカード間のリズムになるので他の要素には使わない。「新規開校」「◯年◯月OPEN」のような差分は左上に角付きラベルで足す。カード下端の遷移は「▶ 詳細へ」の小さなテキスト＋三角で済ませ、ボタン化しない（カード数ぶんボタンが並ぶと画面が重くなる）。セクション見出しはグリッドの右端（または左端）に縦組みで立て、英字ラベルを縦に添えると横並びの単調さが切れる。外周は淡色の曲線・手描きイラストで縁取り、カード群の外側に48px以上の余白を残す。,拠点が3〜12件 / 各拠点の建物・内装写真がある / 拠点ごとに雰囲気や機能が違い、それが選ぶ理由になる,写真の画角・明るさがバラバラで統一できない（その場合は文字一覧の方がマシ） / 拠点が20件以上（グリッドが延々続くので絞り込み型へ） / 写真が外観だけで全部似ている,セクション見出し（縦組み可） / 英字ラベル / 施設写真 / 施設名 / 住所 / 所在地/種別バッジ / 差分ラベル（新規・OPEN予定） / 詳細リンク / 外周装飾,yamanomi_s02 unico_s11 unico_s10 sho_nichinoken_s05
access/access-definition-list,access,定義リスト＋背景ゴースト英字＋写真,1,ラベル列と値列の2カラム定義リストで情報を組む型。ラベル（ADDRESS / TEL / OPEN / CLOSE、あるいは 住所／電車でお越しの方／バスでお越しの方）は英字か細字に統一し、幅120-160pxで固定、値列との間を48-72px空ける。行間は28-40pxとゆったり取り、罫線は一切引かず余白だけで行を分ける。文字は低彩度のブランド色（金・墨・グレージュ）、本文13-15px。背景には巨大な英字（店名やACCESS）を画面幅を超えるサイズで不透明度5-8%で敷き、両端が画面外に切れるように置く（全部見せると装飾がうるさくなる）。右側3〜4割に角丸16px以上の写真を1枚（縦長推奨）置き、周囲にスパークルや細線の装飾を2〜4個だけ散らす。テキストブロックは中央よりやや左に寄せ、上下は100px以上の余白を確保して「詰めない」ことを最優先にする。営業時間のような多段情報は、値列の中でさらに「ランチ／ディナー」＋時刻の2カラムに再分割する。地図リンクは値の下に「▶ Google Map」の小さな下線テキストで置き、ボタンにしない。,高価格帯・情緒優先の業種（飲食・サロン・ブライダル・不動産） / 情報量が少なく、余白そのものを見せたい / 使える写真が1枚しかない,情報を素早く探させたい実務系（余白が邪魔になる） / 拠点が複数ある / 項目が8個以上ある（行組みが崩れる）,ラベル（4〜6項目） / 値テキスト / 時間帯の内訳 / 地図リンク / 注記 / 角丸写真1枚 / 背景ゴースト英字 / スパークル装飾,yugao_s13 gakugei_s13
access/access-map-index,access,日本地図×エリア別リスト（一望型）,2,地図とリストを左右に分け（地図55:リスト45前後、左右はどちらでもよい）、色とピン形状だけで両者を対応づける型。地図はリアルな地形を描かず、(a)四角ブロックに単純化、(b)ドットの粗密＋円の大小、(c)地方ごとの単色ベタ塗り、のいずれかまで簡略化する。エリアは5〜7個に割り、それぞれに色を1つ与える。この色はセクション内の他の装飾には使わない（対応関係が壊れるため）。リスト側は「ピンアイコン＋エリア名（地図と同色）」を見出しにし、その下に県名を1行に詰めた行、右端に校舎数などの数値を右揃えで置く。地図中央＋外周に県名ボックスを放射配置する組み方も可で、その場合は引出し線を引かず色一致だけで対応させる。地図の余白に「全国◯校／首都圏に◯校」のような数字を大きく置くと空白が埋まり規模訴求も兼ねる。全体は白または淡グレーの角丸パネル1枚（半径24-32px）に載せ、パネルの外に薄いグラデ曲線を回り込ませて硬さを消す。検索窓を足す場合は地図の上のフル幅に1本だけ置き、地図とは重ねない。,拠点が全国に散っていて分布そのものが強み / 拠点数が20以上 / 「自分の県にあるか」が最初の関門になる,拠点が1〜3件（地図が過剰） / 1都道府県に集中している（地図の大半が白く空く） / 地図イラストを作る余力がない,セクション見出し / 英字ラベル / 規模の数字 / 簡略化地図 / エリア名（5-7） / 県名リンク / 拠点数 / 検索窓（任意）,sho_shane_s03 sho_seiha_s12 sho_eccjr_s07
access/access-search-panel,access,検索エントリーパネル（イラストはみ出し）,2,「探す」という行為だけを1枚のパネルに閉じ込める型。上に実績数字（全国◯教室）をリボンや斜線で挟んだ小バッジで置き、その下に検索アイコン＋見出し（お近くの◯◯を探す）。中央に幅880-1040pxの角丸パネル（半径16-24px）を敷き、面はブランド色のベタか斜めグラデ。パネル内は1行に収める：小さな項目ラベル＋セレクト（都道府県／市区町村）または入力（郵便番号／住所）を2つ＋塗りボタン。フィールドは高さを完全に揃え、右端を一直線に切る。2つ目の導線（現在地から探す／都道府県から探す）は薄い区切り線を1本挟んだ下に置き、幅を上の行より狭くして主従をつける。この型の生命線はパネルの外へはみ出す手描きイラスト（鉛筆・定規・キャラクター）を2〜3個、角から斜めに差し込むこと。はみ出し量はパネル外へ要素の20-40%、回転は-15〜25度。四角い検索UIの硬さはこれでしか消えない。背景を写真にする変形もあり、その場合は白を70-80%まで重ねて彩度を落とし、フィールドだけ白ベタで残す。,拠点が数百〜数千で列挙が不可能 / 検索結果ページ・教室検索が既に存在する / 「近くにあるか」がコンバージョン前の最初の関門,拠点が20件以下（検索させるより並べた方が速い） / 手描きイラストや装飾素材を用意できない（ただの四角い箱になる） / 検索の遷移先が用意できていない,実績バッジ（拠点数） / 見出し / 選択/入力フィールド2つ / 検索ボタン / 第2導線（現在地・都道府県） / 注記 / はみ出しイラスト2-3個,sho_gakken_s11 sho_gakken_s04 sho_peppy_s08 sho_kumon_s12 sho_meiko_s10
access/access-region-filter-list,access,地域チップで絞り込む拠点一覧,2,上段に地域名のチップ（タブまたは枠線ピル）を1〜2行で並べ、下段に選ばれた地域の中身だけを出す型。チップは高さ36-40px・左右padding16px以上・角丸は全丸(999px)か4pxのどちらかで統一。アクティブ表示は「塗り反転」か「2-3pxの下線」のどちらか一方だけにする（両方やると重い）。下段は素のテキストリンク羅列にしないことが要点で、(a)白いピルボタンを行で並べる、(b)左に地方名ラベル列・右にピル群という2カラム行組み、(c)選んだエリアの紹介文＋担当者の丸写真＋右に該当地点だけピンを落とした地図、のいずれかにする。切り替えはページ遷移せずその場で差し替え、高さ変化はアニメーションさせず即時（ガタつくため）。背景はクリーム等の淡色ベタ1枚にし、余白に切り抜き写真・手描きの雲や星・線画を3〜5個散らして一覧の退屈さを消す。前セクションとの境界を大きな角丸（半径80-120px）で切り欠いて背景色を切り替えると、一覧セクションの始まりが明確になる。チップ列と中身の間は48-64px、中身の行間は12-16px。,拠点が多いが地図イラストを作る素材・予算がない / エリアごとに語る内容（担当者・特色）がある / 一望より「自分の地域だけ」を見せたい,総拠点数が10未満（絞り込む意味がない） / 県名アコーディオンを何十行も縦に積むだけの構成（画面が延々と続いて読ませられない） / チップが12個以上（絞り込みが第二の迷路になる）,セクション見出し / 地域チップ（4-8） / 地域ラベル / 拠点名ピル/リンク / エリア紹介文（任意） / 担当者の丸写真（任意） / ピン地図（任意） / 余白の装飾小物,hanamaru_s03 sho_hanamaru_s03 buddies_s08 sho_atama_s14
access/access-circle-blocks,access,円形ブロックのアクセス,3,情報を矩形ではなく円に流し込む型。左に、直径がセクション高さの60-70%を占める大きな塗り円（濃紺・墨など背景と強コントラストな1色）を置き、その中に英字ラベル → 見出し（◯◯のこと）→ 住所／TEL／営業時間／定休日の行、を左揃えで積む。文字は円の内接矩形（直径の約70%幅）に収め、行末が円の縁に触れないよう左右を大きく空ける。地図リンクは下線付きの小さなテキスト、注記は最下部に11-12pxで2〜3行。右には円形にトリミングした写真を2枚、直径を大小違えて上下にずらして置き、片方は大円と20-40px重ねるか、逆に間を空けて対角のリズムを作る。背景は淡いグレー／オフホワイトのベタ1枚だけにして、他の装飾は一切置かない（円の形だけで画面が持つ）。円は必ず正円を保ち、潰して楕円にしない。セクション全体の上下余白は120px以上取り、円の外側が窮屈にならないようにする。,情報量が中程度（住所＋電話＋時間＋短い注記） / ブランドが柔らかい・手仕事系・自然派 / 使える写真が2枚以上ある,情報が多く円に収まらない（表や6項目以上） / 硬い信頼訴求が必要な業種（円は軽く見える） / 写真が1枚しかない（右側が持たない）,英字ラベル / 見出し / 住所 / 電話番号 / 営業時間 / 定休日 / 地図リンク / 注記 / 円形写真2枚,ogawa_s12
gallery/gallery-scroll-rail,gallery,横スクロール見切れレール,1,写真カードを横一列に並べ、行の左右を画面外へ断ち切って「まだ続く」を見せる帯。カード幅は画面の28〜34%、カード間は16〜24px。停止状態で左端のカードが約1/3、右端が約1/2だけ見えている位置に置くのが肝で、両端が揃って見えたら失敗。カードは全角丸にせず「一部の角だけ大きく丸める」（左上と右下だけ半径40〜50%＝葉型、または上2角だけ）ことで四角の連なり感を消す。見出しは中央に置かず左端で断ち落とし、極太の欧文/和文を1語だけ。見出しの背面だけ地色を一段変えた矩形を敷いて帯の始点にする（黒地に白見出し等、コントラストを強く）。ナビは右上に丸ボタン2つ（直径44px、細い白フチ、前後）。各カードの直下に小ラベル（VIEW MORE／キャプション）を左揃えで全カード同位置に揃え、ここが揃うことでバラバラの写真が一列に見える。セクション上下の余白は狭く40〜56pxに抑え、面ではなく帯として読ませる。,写真点数が多く縦に伸ばしたくない / 各写真に遷移先やカテゴリがある / セクションを帯として軽く挟みたい,全点を一望させたい / 写真が4枚以下 / 縦長の写真しかない,見出し / 写真1〜N（推奨6枚以上） / 各カードのラベル / 各カードの遷移先 / 前後ボタン,odrive_s11 r-reha_s07
gallery/gallery-arch-clip-cutout,gallery,アーチ／楕円クリップ＋切り抜きはみ出し,1,主写真を1枚だけ楕円（またはアーチ＝上辺だけ半円）にクリップして主役化し、その輪郭を人物の切り抜きが跨いで奥行きを作る型。白または淡い無地の上に、幅は画面の60〜70%・高さは幅の0.6倍前後の楕円を中央に置く。見出しは楕円に被せず左端に縦組みで2〜3行、その左脇に極小・トラッキング広めの欧文縦ラベルを添えて余白の柱にする。人物の切り抜きPNGを3〜4体、楕円の左下・右下・上辺に配置し、体の1/3が楕円の内側・2/3が地の上に出る比率で跨がせる（完全に外に出すと単なる添え物になる）。切り抜きに影は付けず、地の白に直に置く。楕円の上下は80〜120pxの大きな余白を取り、罫線を引かず地色の切替だけで次セクションと分ける。スライダーにする場合は下端中央にドット4〜5個（8px、現在位置のみ濃色）だけを置き、矢印は出さない。,写真1枚に主役性を持たせたい / 人物・表情を主役にしたい / 四角い写真の硬さを避けたい,写真を一覧として見せたい / 被写体が引きの風景で切り抜けない / 写真の解像度が低い,主写真1枚 / 切り抜き人物3〜4体 / 縦組み見出し / 欧文縦ラベル / スライダードット,meisei-es_s07
gallery/gallery-scatter-collage,gallery,散らしコラージュ（額装写真＋図形の重なり）,1,額装した写真を1枚ずつ角度を変えて面に散らし、図形を潜らせて奥行きと重心を作る型。地は写真の白フチが効く淡い1色（生成り・オフホワイト）。写真は8〜14枚、各々にマット枠（写真の外側に太さ8〜12pxの厚みのある枠＋内側に細い線）を付け、-8°〜+8°でランダムに回転。サイズは大=幅18%／中=12%／小=8%の3段階だけに絞り、大→中→小が対角に流れるよう配置する。等間隔にしないことが要点で、隣接写真の間隔は24px〜160pxまでばらつかせ、重なりも数カ所だけ作る。写真の下に濃色（黒・ブランド濃色）の正円を3〜5個潜らせ、半分だけ写真の陰から覗かせて画面の重心にする。中央の1枚だけアーチ型にクリップして一回り大きくし、その上に装飾セリフの英字ロゴを大きく重ねる（写真とロゴが重なることを恐れない）。円周に沿って回した極小テキストや、2行8pxの小キャプションを数カ所だけ添えて密度差を作る。上下は同じ地色のまま次セクションへ渡し、罫線で区切らない。,ブランドの世界観・空気を伝えたい / 写真が10枚以上ある / 順序や比較を伝える必要がない,整然と揃えて見せたい / 全写真にキャプションや導線が必要 / 写真が5枚以下 / 写真のトーンがバラバラ,写真8〜14枚 / 装飾ロゴ／英字見出し / 小キャプション数点 / 円形の図形3〜5個 / 円周テキスト,yugao_s06 sho_peppy_s10
gallery/gallery-color-tile-mosaic,gallery,色面オーバーレイの不揃いタイル,2,隙間ゼロのタイルを1つの塊にし、各タイルに別々のブランドカラーを半透明でかぶせて「写真の集合」ではなく「色面の集合」として見せる型。構成は非対称グリッド（左半分に大タイル1枚＝高さ2段分、右半分を2×2の小タイル4枚）か、3列のマソンリー（列ごとに高さが不揃い）。塊は左右とも画面幅いっぱいに断ち切る。各タイルに55〜70%の不透明度でベタ色を全面オーバーレイし、色は隣り合うタイルで色相を離す（青／紫／緑／桃／橙のように）。ラベルは各タイル中央に白文字で見出し＋1行の説明、大タイルだけ左寄せにして主従を付ける。見出しをセクションに置く場合は塊の上に離して置かず、塊の上端に半分食い込ませて重ねる（見出しの上半分が地、下半分がタイルの上）と一段奥行きが出る。吹き出し型の小ラベルを見出しの脇に浮かせて温度を足してもよい。タイル間に線も余白も入れないこと。,写真の色味がバラバラでも1つの面として統一したい / 各タイルがカテゴリ導線になっている / ブランドカラーが複数ある,写真そのものの美しさを見せたい / 色を持たないブランド / タイルが3枚以下,セクション見出し / タイル5〜9枚（写真＋色） / 各タイルの見出し / 各タイルの補足1行 / 吹き出し小ラベル,kobe-wu_s06 nakamura_s14
gallery/gallery-full-bleed-band,gallery,敷き詰めバンド（傾け／段差で格子を消す）,2,写真間の隙間ゼロ・左右とも画面外へ断ち切った帯で空気感を面として見せる型。1行または2行。格子に見えないよう崩しを必ず入れる。崩しは二択で、(a) 各写真を-3°〜+3°で互い違いに回転し、上段は中央が高い弧を描くよう並べる（両端の写真だけ数度余分に傾ける）、(b) 回転させず1枚ごとに天地位置を24〜64pxずらして波打たせる。写真は縦長2:3を基本に、1枚の幅は画面の14〜20%（=1行5〜7枚）。帯の上辺・下辺を直線で切らないことが要点で、淡い色面を大きな円弧（上に凸のアーチ）で被せて境界とし、見出しを置くならその色面の中央に細めのセリフ・トラッキング広めで置く。帯の中央下に円形のボタン（PAGE TOP／もっと見る、直径56〜64px）を帯へ半分食い込ませて重ね、帯とボタンの前後関係で厚みを出す。,場の空気を面で見せたい / 写真が8枚以上ある / 前後セクションの切れ目を柔らかくしたい,1枚ずつ丁寧に見せたい / 写真の質・トーンがばらついている / 各写真に説明が必要,写真6〜12枚 / アーチ色面 / セクション見出し（任意） / 円形ボタン,meisei-es_s15 meisei-kg_s14 koran_s09 koran_s10
gallery/gallery-offset-pair,gallery,段差オフセット（大判2〜6枚を互い違い）,2,少ない枚数を大きく見せつつ整列を避ける型。2列構成で、左列と右列の写真を写真高さの25〜40%ぶん上下にずらして互い違いに置く。写真ごとにサイズと縦横比を変える（大=幅38%の縦長／中=幅30%の横長／小=幅22%）ことで、ずらしが偶然に見える。列の中心線は画面中央からわずかに外し、片側（右列）だけ画面端まで届かせて断ち切ると重さが抜ける。キャプションは写真の外に出さず、写真内の左下に白抜きで置き、下端に薄い黒グラデを敷いて可読性を確保する。遷移先がある場合は丸い矢印ボタン（直径40〜48px、細い白フチ・半透明）を写真の右下の角に半分重ねる。地は淡いグレーまたはブランドの薄色ベタで、写真が浮いて見えるようにする。セクション上下の余白は写真1枚分の1/3以上。,写真が2〜6枚しかないが1枚ずつ持たせたい / 各写真にキャプションや遷移先がある / 落ち着いた印象で崩したい,写真が8枚以上ある / 整然とした一覧が必要 / 写真がすべて同じ縦横比で変えられない,写真2〜6枚 / 各写真のキャプション / 矢印ボタン（任意） / セクション見出し（任意・左上）,nakamura_s10 kobe-wu_s08
gallery/gallery-fullscreen-copy-overlay,gallery,全面写真＋コピー重ね（休符スライダー）,3,セクション全体を写真1枚で満たし、最小限の文字とUIだけを重ねてページの休符にする型。高さは70〜100vh、上下左右フルブリード。写真は暗いものを選ぶか黒20〜35%を全面に重ねて沈め、被写体のディテールは読ませない。文字は中央よりやや上（上から15〜25%）に、細いセリフの白文字で英字の大見出し1行＋その下に極小・トラッキング広めの欧文サブ1行のみ。説明文・ボタンは置かない（置いた瞬間ヒーローの劣化版になる）。スライダーであることは最小UIでだけ示す：下端中央にドット4〜6個（現在位置のみ白）、左右端の中央に細い山形の矢印（丸ボタンにしない）。下端の処理は2択で、(a) そのまま次セクションへ断ち切る、(b) ブランド色のベタ帯（高さ24〜64px）で写真の下端を水平に切って次セクションへ接続する。,世界観の切り替え地点・休符が欲しい / 写真の質が高く暗いトーンが使える / 情報ではなく雰囲気を渡したい,写真が明るく白文字が乗らない / この場所で情報や導線を伝える必要がある / 同ページのヒーローが同型,全面写真1〜6枚（スライド） / 英字大見出し / 欧文サブ1行 / ドット / 下端の色帯（任意）,yugao_s07 gakugei_s04
member/member-feature-overlap-card,member,1人フィーチャー：記事カードを写真に重ねる,1,濃色（黒〜濃紺）ベタの全幅セクション。左上に極大の欧文ラベル（TEACHER / STAFF、80〜120px、太いサンセリフ、白）を置き、その右横・文字の中央高さに小さな「VIEW MORE」を並べる。背景には同じ語をさらに巨大に（300px超、セクションから上下がはみ出す大きさ）、地色より5〜8%だけ明るい同系色で敷いて裏文字にする（opacityでなく色差で作る＝必ず写真より後ろ）。右側は幅50〜58%・セクション天地いっぱいの人物写真で、写真の左端は中央よりやや右。白い記事カード（幅38〜42%、角丸0〜4px、影なし）を左から差し込み、写真の左端にカード幅の25〜35%だけ重ねる。カードの天地は写真の内側に収める（上下とも写真の端より40px以上内側）＝写真がカードを上下から挟むこの“余り”がZ方向の階層を作る。カード内は上から (1) アクセント色の小さな矩形ラベル「INTERVIEW」＋日付（10px・グレー）を横並び (2) 見出し3行（22〜28px・太字・行送り1.5、句読点位置で改行を制御） (3) 24pxの空き (4) 所属（10px・グレー）＋氏名（18px・太字）を横並び (5) 最下部にハッシュタグを折り返さず1行でグレー小文字。セクションの左右パディングは大見出しの左端＝カードの左端で揃え、大見出しの下端とカード上端の間は40〜56px。,看板になる人物が1人（塾長・代表・エース講師） / インタビュー記事や個別ページへ送客したい / 濃色でセクションを締めてリズムを変えたい,紹介したい人が3人以上いる / 寄りの人物写真がなく集合写真しかない / 全体が明るいパステル基調で濃色ベタが浮く,セクション英字ラベル / 補助リンク（VIEW MORE） / 人物写真 / 記事ラベル（INTERVIEW等） / 日付 / 見出し（3行） / 所属 / 氏名 / ハッシュタグ,odrive_s05
member/member-interview-card-grid,member,記事カード一覧（写真＋黒ネームプレート）,1,濃色ベタ背景に白カードを3列（PC）等幅で並べる。gap 24〜32px、カードは角丸0〜4px・影なしで、背景とのコントラストだけで面を立てる。カード上部は縦長ポートレート（3:4、カード幅いっぱい、object-position:top で顔を上寄せ）。写真の左下に2段のネームプレートを重ねる：上段は所属（10px・白・囲みなしで写真に直置き）、下段は氏名（16〜18px・太字・白）を黒ベタの矩形で囲む。インセットは左12〜16px・写真下端から12〜16px。写真の下はカード内パディング16〜20pxで (1) 日付（10px・グレー） (2) 見出し（16〜18px・太字・行送り1.6、-webkit-line-clamp:3で「…」に切る＝切れていること自体が“続きがある”合図） (3) margin-top:auto でカード下端に寄せたハッシュタグ1行（10〜11px・グレー・overflow hidden で折り返さない）。全カードを同じ高さにし、ハッシュタグの行位置を横で揃える。背景にはセクション幅を超える巨大な欧文（地色＋5%）を敷き、カード列の背後から覗かせる。カード全面をリンクにし、hoverで写真だけ1.03倍。,3〜9人を「記事」として見せる / 各人に語らせる一言（インタビュー見出し）がある / 一覧ページや個別記事への導線がある,各人の情報が肩書だけで見出しが作れない / 縦長の人物写真が用意できない,セクション見出し / 背景の裏文字（欧文） / 人物写真（縦長） / 所属 / 氏名 / 日付 / 見出し（記事タイトル） / ハッシュタグ,odrive_s06
member/member-intro-photo-cluster,member,役割紹介：左テキスト×右の写真クラスター（パネルからはみ出す）,1,個人の一覧ではなく「どういう人たちが関わるか」を1ブロックで説明する型。左40〜45%がテキスト、右50〜55%が写真。左は上から細い横罫（アクセント色・幅40px・太さ2px）→見出し（24〜32px、字間0.08em）→本文（14〜15px、行送り2.0、6〜8行、折り返し幅は32em以内に固定）→任意でCTAピル（角丸999、枠線1px、幅220〜280px、本文から48px下）。右の写真は角丸24〜32pxの矩形にクリップし、1〜3枚をサイズ違い×上下オフセット違いで互い違いに配置（例：大→小→中、隣り合う写真を8〜16%だけ重ね、上下は写真高の15〜25%ずらす）。影は使わず余白だけで浮かせる。背景は2択：(a) 淡いベージュ等のベタ面に直接浮かせる、(b) 色ベタ面の上に白い角丸パネル（角丸32〜48px、左右をセクション端から40〜80px内側）を敷き、写真をパネルの右端・上端の外へ意図的にはみ出させる。(b)ではこの“パネルからのはみ出し”が型の要で、写真は必ずパネルより手前のz-indexに置く。写真が1枚のときは角丸ピル（色ベタ＋白文字10〜12px）を写真の右下に重ねて誰かを示す。手描きイラストを足す場合は写真クラスターの外側・セクション下端の余白に1体だけ置き、セクション境界をまたがせる。セクション上下パディングは100〜140px。,スタッフを個別に立てず「チーム/役割」として紹介したい / 使える写真が2〜3枚しかない / この後のCTAへ繋ぐ説明ブロックが要る,5人以上を平等に見せたい / 個々の氏名・肩書・経歴を読ませたい,見出し / 本文（説明） / 写真1〜3枚 / 名前/肩書ピル（任意） / CTAピル（任意） / 装飾イラスト（任意）,buddies_s05 yamanomi_s07
member/member-shape-row-on-edge,member,シェイプ抜きポートレートの横一列（色面の境界をまたぐ）,2,3〜4人を等間隔で横一列に並べ、写真をシェイプでクリップする型。シェイプは (a) アーチ（上だけ大きく丸い＝border-radius: 50% 50% 24px 24px 相当）または (b) 正円。写真幅はコンテナの20〜24%、gapは写真幅の12〜18%、object-positionを上寄せにして4人分の顔の高さを揃える。ラベルは2方式のどちらか：(a) 職種名を角丸999のピル（色ベタ・11px）にして写真の下端に半分かけて重ね、氏名は写真の直下センター、(b) 一言の特徴を“枠線だけの吹き出しピル”（塗りなし・1px・11px）にして各人の頭上に置き、左右で高さを1段ずつ互い違いにする。背景はセクションを上下2色に割り（上=白、下=淡色ベタで下端に大きな角丸）、写真の列をその境界にまたがせる。さらに色面の左右いずれかの端を写真列の途中で終わらせ、端の1枚だけが色面から白地へはみ出すようにする（列全体を色面より少し長くする）。この“境界をまたぐ”処理が核で、ただの円形の並びとの差になる。見出しは (a) 左端に縦組み（writing-mode: vertical-rl、24〜32px、行間広め）で写真列の高さいっぱいを使うか、(b) 中央寄せの見出しの背後に極薄グレー（地色比3〜5%）の巨大欧文を透かしとして重ねる。列の下または左下に「一覧を見る」の丸囲み矢印リンクを添える。,4人前後を軽く見せる（個別記事には送らない） / 顔と肩書だけで十分 / 余白の多い淡色トーンのLP,1人あたりの情報量が多く見出し文が必要 / 6人を超える / 写真の背景色や寄りがバラバラで揃わない,見出し（縦組み or 中央） / 小見出し（STAFF等の英字） / 人物写真3〜4 / 職種/肩書ラベル / 氏名 / 一言タグ（吹き出し・任意） / 一覧リンク,linie_s11 sho_globalcrown_s04
member/member-cutout-scroll-cards,member,切り抜き人物×グラデ円の横スクロールカード（端で見切れ）,2,背景を切り抜いた人物を、パステルのグラデーション円／ブロブの上に重ねてカード化し、横スクロールで並べる型。カード幅はビューポートの22〜26%（PCで4枚強が見える）。カード上半分は正方形に近い比率のビジュアル枠で、背景に2色のグラデ円（カードごとに色相を変える）、その上に人物を下端で切れるように置き、小物や手など一部はグラデ円の外へはみ出させる。ビジュアル枠自体には角丸を付けず、グラデ円の丸さだけで柔らかさを作る。下半分は左揃えで (1) 引用調の見出し2〜3行（15〜17px・太字・カードごとに変えるアクセント文字色） (2) 8pxの空き (3) 所属部署（11px・黒） (4) イニシャル＋入社年（11px・グレー）。決定的なのは“両端で必ずカードを見切れさせる”こと：トラックの左右パディングを0にし、最初と最後のカードを画面端で断ち切って続きがあることを見せる。スクロールバーは隠し、scroll-snap-type:x mandatory ＋ カードに scroll-snap-align:start。矢印ボタンは置かず、見切れとドラッグだけで示唆する。,6人以上を平等に見せたい（順位を付けない） / 明るくポップなトーン / 切り抜き加工に耐える人物素材がある,切り抜けない写真しかない（矩形のまま置くと途端に安くなる） / 落ち着いた高級トーン / PCで全員を一望させたい,セクション英字ラベル / セクション見出し / 切り抜き人物写真（6枚以上） / グラデ円の配色 / 引用見出し / 所属部署 / イニシャル＋入社年,sanrio_s06
member/member-video-tile-row,member,講師動画タイル4枚＋マーキー帯,3,濃い有彩色（紫・紺など）のベタ面に動画サムネのタイルを4枚等間隔で並べる型。セクション上端に幅いっぱいのマーキー帯（高さ32〜40px、補色寄りの明るい蛍光色、11〜13px太字の文言＋区切り記号を無限ループで横流し）を貼り、セクションの入口を作る。中央に見出し（28〜36px・白）＋リード文2〜3行（13px・白70%・中央寄せ・幅32em以内）。その下にタイル4枚を横一列（各幅20〜22%、gap 3〜4%、比率3:4の縦長、角丸16〜24px）。各タイル中央に半透明白の丸い再生ボタン（径44〜56px、内側に三角）を重ねる。サムネは人物を中央に寄せ、背景色をタイルごとに変えてリズムを作る（服の色差で作るのが手早い）。手描き風のあしらい（リボン・キラキラ）を1〜2個だけタイル列の外側の余白に置いて緊張をほどく。タイル列の左右にはコンテナ端まで各6〜8%の余白。クリックでモーダル再生。,講師の自己紹介動画がある / 話し方や人柄を動きで見せたい / ネイティブ講師など見た目の多様性が売りになる,動画がないのに再生ボタンだけ乗せる（誤クリックで信頼を失う） / 落ち着いた/静かなトーンのLP,マーキー文言 / 見出し / リード文 / 動画サムネ4枚 / 動画URL / 装飾あしらい（任意）,sho_novakid_s12
message/message-portrait-longform,message,ポートレート＋長文あいさつ（境界を溶かす／裁ち落とす）,1,代表・園長あいさつの本命型。左35〜40%に人物ポートレート、右55〜60%に長文、間に5〜8%のガター。写真は「四角い箱として置かない」ことが肝で、境界処理を2択で持つ。(A)にじみ抜き＝写真の下地に水彩・和紙のにじみを敷き、人物の輪郭以外を背景色へマスクでフェードさせて枠を消す(ikeda)。(B)裁ち落とし＝写真をセクション上端まで（左端も）ブリードさせ、地面のない縦長の柱にする(musashino)。氏名署名は写真の下端寄せで「法人名／役職／氏名（大）／ローマ字（小・字間広め）」の4段、氏名だけ本文見出しと同等サイズまで上げる。右カラムは冒頭2〜3行だけを本文より1.4倍の大きさ・行間1.9で見出し扱いにし、以降の本文は行間1.9〜2.0・1行あたり28〜34字で流す。本文は写真の下端より下まで続いてよく、むしろ長さが揃わない方が手紙らしくなる。本文の下敷きは「背景そのまま」か「わずかに傾けた（1〜2deg）色ベタ面を敷いてその上に水平のテキストを置く」の2択で、後者は格式が出る代わりに上下に色面のはみ出し分の余白が要る。セクション上下は120〜160pxの余白で他と切る。,理事長・園長・院長など個人の署名入りメッセージがある / 本文が300字を超えて写真だけでは間が持たない / 人物写真が1枚しかない,本文が3行以下（余白型か色面型を使う） / 人物写真が寄りでなく引き・集合写真しかない / 登場人物が複数いる（横スクロール型へ）,セクション名（英字＋和文） / 導入コピー（2〜3行） / 本文（長文・400〜700字） / 人物写真 / 法人名／役職 / 氏名 / 氏名ローマ字 / 続きを読むボタン（任意）,ikeda_s08 musashino_s05
message/message-vertical-label-split,message,縦組みラベル＋左コピー右写真（イラストはみ出し）,1,白背景・高余白の上品な型。画面左端から4〜6%の位置に、セクション名を英字大文字・縦組み（writing-mode: vertical-rl／字間0.3em・小サイズ・淡いグレー）で立て、その右にコンテンツを2カラムで置く。左カラム(45%)＝見出し2行＋本文2〜3行＋角丸ピル型ボタン、右カラム(50%)＝角丸16〜24pxの写真。見出しは1行ずつ独立したブロックとして行間を大きく空け（1.9〜2.2）、標語として読ませる。この型の決め手は手描きイラストを写真の四辺にまたがせて枠外へはみ出させること。3〜4点を写真の左上・右上・右下など非対称に散らし、必ず1点は写真より外側（セクション余白の中）に置いて、写真の矩形を壊す。写真の下端には小さくクレジット（©︎）を白文字で乗せてもよい。縦ラベルはセクションの縦中央付近で position: sticky にして、スクロール中も左端に残す。セクション上下の余白は120px以上、左右も広く取って全体を中央60〜70%に収める。,白基調で軽さ・信頼感を出したい / 本文が短く、写真1枚で世界観を語れる / ブランドにイラストや手描き素材の資産がある,本文が長い（読み口が窮屈になる） / イラスト素材がない（写真だけだと素朴な2カラムに落ちる） / 背景を色ベタにしたい場合,セクション名（英字・縦組み） / 見出し（2行） / 本文（2〜3行） / メイン写真 / 装飾イラスト×3〜4 / 詳細ボタン,shoei_s04
message/message-duotone-photo-panel,message,デュオトーン写真ベタ面＋白抜き2カラム,1,写真を背景に「敷く」のではなく、ブランド1色でデュオトーン化してセクション全面を1つの色面に変える型。人物写真を左1/3に主体が来るようクロップし、ブランドカラーの単色デュオトーン＋暗部を落として、その上に全テキストを白で置く。上に載せるのは2カラムで、左25〜30%＝セクション名（小・太字・字間広め、1行だけ）、右55〜60%＝小見出し1行＋本文（10〜14行）＋全幅の塗りボタン。左カラムの上端は右カラム本文の1行目と揃える（ラベルが見出しの高さに浮くのがポイント）。写真の顔が右カラムの文字にかからないよう、写真の焦点は必ず左1/3内に置く。パネルの下端（左右の角）だけ40〜64pxの大きな角丸にして、次に来る濃色セクションから物理的に切り離す。上端は角丸にせず前セクションと接続させる非対称処理が効く。本文は白100%だと眩しいので白92%程度、ボタンだけ不透明のブランド色ベタ。,ブランドカラーが強く、色で場面転換を作りたい / 写真の質が高くないが構図の主体がはっきりしている / 次セクションが濃色で、切れ目を作る必要がある,写真に文字や細かいディテールが写り込んでいる / ブランドカラーが淡すぎて白文字が読めない / 署名・氏名を大きく見せたい（ポートレート型へ）,セクション名 / 小見出し（1行） / 本文（200〜350字） / 背景写真（人物） / 続きを読むボタン,buddies_s10
message/message-color-field-poem,message,色ベタ一面＋中央1列の詩型（切り抜き人物を左右端に）,2,文章を「読ませる」のではなく「1行ずつ立てて聴かせる」型。セクション全面を深い1色（エンジ・濃紺など）で塗り、中央に幅40〜50%の1列だけを置く。列の中身は上から、線画アイコン（建物・シンボルを白1pxの線画で）→和文タイトル→英字サブ（小・字間広め）→本文。本文は1〜3行ずつの短いブロックに割り、ブロックとブロックの間をドットリーダー（点線を等間隔の丸で描いた区切り）で仕切り、上下に80〜100pxずつ空ける。文字は左揃えだが列自体は中央寄せなので、視覚的には中央の柱になる。左右の余白は空けたままにせず、切り抜き人物写真（背景を完全に抜いた子ども・生徒など）を左端・右端の余白に3〜5体、高さをバラバラに配置して柱を挟み込む。加えて線画の落書きアイコン（葉・魚・音符など）を淡い色で全体に散らす。締めは本文より2〜3倍大きい極太の一言を中央に置き、その左右に落書きアイコンを1つずつ添える。,理念・想いを短い言葉の連なりで語りたい / 本文が箇条にできない情緒的な内容 / 写真が切り抜きに耐える（背景が抜ける）素材である,説明的な長文しかない（ポートレート型へ） / ブランドカラーが淡く白文字が乗らない / 切り抜き素材もイラスト素材もない（ただの中央揃えテキストに落ちる）,シンボル線画アイコン / タイトル（和文） / サブタイトル（英字） / 本文ブロック×3〜5（各1〜3行） / 切り抜き人物写真×3〜5 / 落書きアイコン×5〜8 / 締めの一言（極太）,meisei-kg_s02 meisei-kg_s03
message/message-scroll-voices,message,横スクロールの声カード列（右端で見切らせる）,2,メッセージの発信者が複数いるときの型。左に極太の英字見出し（画面幅の30〜40%を占める大きさ、字間を詰め気味に）を置き、その右端に小さな丸の前後ボタン2つを見出しのベースラインに揃えて配置する。その下に等幅カードを横一列に並べ、コンテナを画面右端まで（右余白を無視して）伸ばし、3枚目・4枚目を意図的に見切らせてスクロールできることを示す。カードは幅280〜320px、内容は上から16:11の写真→写真の左下に重ねた黒ベタの肩書バッジ（2段：所属・役職／氏名）→カード下部に日付（小・グレー）→2行見出し（太字・2行で省略）→聞き手などのメタ情報（極小・グレー）。カード間は16〜24px。カード自体には枠線も影も付けず、写真とテキストの塊として見せる。スナップは有効にしてカード左端で止める。見出しの左端とカード列の左端は必ず揃える。,卒業生・保護者・スタッフなど複数人のメッセージがある / 各メッセージが個別ページへ遷移する / 縦に積むと6枚以上で間延びする,メッセージが3件以下（横並びグリッドで足りる） / 写真の人物が揃っていない（1人だけ写真なしは崩れる） / 本文をその場で全文読ませたい,セクション見出し（英字・極太） / 前後ボタン / カード×4〜8（写真／肩書バッジ／氏名／日付／見出し2行／メタ）,odrive_s08
message/message-curve-boundary-circles,message,カーブ境界＋円形写真がまたぐ型,3,セクションの切り替えそのものを絵にする型。セクション上端を水平線ではなく、ゆるい円弧（画面幅に対して高さ60〜120px程度の浅いカーブ、SVGかborder-radiusの巨大値で作る）で前セクションの白から淡い色（ピンク・ベージュ等）へ切り替える。そのカーブの線をまたぐ位置に、円形にクリップした写真を2枚、大小を変えて右上へオフセット配置する（大＝直径220〜280px、小＝直径140〜180px、上下にずらして重ならないよう配置）。円の一部が白側に、一部が色側に入るのが必須で、これで境界がただの装飾線でなく「面の重なり」として読める。本文は左下、幅40〜45%で円形写真とは水平方向に重ならない位置に置き、行間1.9で流す。本文の上には見出しを置かず、いきなり文章から入ることで手紙のような温度を出す（見出しが要る場合は本文の上に小さく1行だけ）。セクション下端はカーブさせず、水平で切って次へ渡す（上だけ曲げる非対称が効く）。,前セクションが白で、色面へ柔らかく移行したい / スナップ写真が2枚あり、どちらも主役にならない / 本文が中程度の長さで、余白に絵が要る,写真が縦長の人物寄りしかない（円形クリップで顔が切れる） / 前後のセクションもカーブを使っている（曲線が続くと甘くなる） / 硬派・格式のトーンを出したい,カーブ境界の色 / 円形写真×2（大・小） / 本文（150〜300字） / 小見出し（任意・1行）,gakugei_s09
nav/nav-header-2tier-sticky,nav,2段固定ヘッダー（対象別＋アクセントCTA）,1,"画面上端に貼りつく2段構成のヘッダー。上段（高さ48〜56px）は左にロゴ（高さ28〜32px、左余白は本文グリッドの左端に揃える）、右に「対象別」の入口リンクを最大3つ、1pxの縦罫（文字色の20%濃度）で区切って横並び。文字は12〜13px、必要なら16pxの小アイコンを文字の左に置く。下段（高さ56〜64px）は左にグローバルナビ（14〜15px、項目間32px）、右端に主CTAを角丸ピル（高さ40〜44px、左右padding 24px、内側に右向き矢印を文字から8px空けて内包）で置く。彩度の高いアクセント色はこのCTA1個だけに使い、他の文字は無彩色寄りに落とす。2段の切り分けは「上段=白／下段=薄グレー」のような塗り分けか、1pxの区切り線か、どちらか一方だけにする（両方やると帯が重くなる）。ヘッダー下端に影は常設せず、スクロールが始まった瞬間だけ 0 4px 12px rgba(0,0,0,.06) をフェードインさせる。スクロール200px超で上段を高さ0へ潰し下段だけ残す（合計56px）。CTAは潰さずそのまま残す。",ページが長く、どこからでもCTAに戻れる必要がある / 対象読者が複数いて、入口で分岐させたい（子ども／大人、個人／法人など） / 運営元・ブランドの信頼を上端で見せたい,1画面完結の短いLP（上端を56pxも占有する価値がない） / CTAが1つしかなく、ヒーロー内のボタンで足りる場合 / 上段に入れるリンクが2つ未満のとき（1段ヘッダーにする）,ロゴ / 対象別リンク（最大3） / グローバルナビ項目（4〜6） / 主CTA（テキスト＋矢印） / 副CTA／電話番号,sho_shane_s01 sho_novakid_s01
nav/nav-anchor-rail,nav,章送りアンカー帯（ヒーロー直下で吸着）,1,ヒーローの直下に置き、スクロールでヘッダー下端に吸着する高さ52〜60pxの1本帯。中身は章タイトル4〜6個を等分割ではなく中央寄せのinline-flex（gap 40px）で並べる。1項目は和文14pxの1段、または上に極小の欧文／通し番号（10px、letter-spacing .12em、文字色を40%に落とす）を載せた2段組。現在地の表示はテキスト直下2pxのバー（アクセント色）を幅可変で滑らせるだけにし、文字色も太さも変えない（レイアウトシフトを起こさないため）。帯の背景は本文と同色＋backdrop-filter: blur(8px)で半透明にし、上下に1pxの薄線（文字色の8%）を引いて本文と切る。帯は全幅、中身だけ max-width 1080px の中央寄せ。吸着時のtopオフセットはヘッダー高さぶんを変数で持たせ、ヘッダーが圧縮したら追従させる。,章が4つ以上あり、読者が読みたい所へ跳びたい長尺LP / 料金・比較・FAQなど、特定の章に直行したい需要がはっきりある / ヘッダーにグローバルナビを載せたくない（LPで外に逃がしたくない）とき,章が3つ以下（跳ぶ価値がない） / 1章あたりが短く、跳んでもすぐ次章に入ってしまう構成 / ヘッダー（パターン1）と同時に常時表示して上端を100px以上占有すること,章タイトル（4〜6） / 章番号／欧文ラベル / 現在地インジケータ,sho_shane_s01
nav/nav-gate-photo,nav,写真に溶ける等分ナビゲート,1,下に続く全幅写真の上端に「重ねず、接して」置く2〜4等分のナビ列。各項目は1段目に欧文セリフ26〜32px（金／ブランド色）、2段目に和文9〜11px（letter-spacing .2em で字間を広く、色は1段目より落とす）の2段組。行間6〜8px、項目は中央揃え、列は同幅gridで区切り線は入れない。列の上下余白は上24px／下14px程度と非対称にし、視覚的に写真側へ寄せる。直下の写真は全幅・高さ440〜560px（スマホ280〜360px）、object-fit:cover。写真の上端から高さの30%ぶんに「ナビ帯の背景色→透明」の縦グラデーションを重ね、帯と写真の境界を消す。これで文字が写真から立ち上がって見える。背景はクリーム／オフホワイト、写真は暗いトーンのものに限定する（明るい写真では境界が消えず効果が出ない）。ホバーは欧文の色を10%明るくするだけで、下線・囲み・背景は出さない。,世界観・トーンで信頼を作る業種（飲食、宿、美容、士業などの落ち着いた層） / 次に見せたい主要ページ／章が2〜4個に絞れている / 暗く質の高い横位置写真が1枚ある,明るい写真・白背景の写真しかない（境界が消えずただの帯になる） / 項目が5つ以上（1項目の幅が痩せて欧文セリフが効かない） / 写真が主役の商品カットで、上に文字が乗る余地を潰したくない場合,欧文ラベル（2〜4） / 和文サブラベル / 全幅写真 / 写真上端のグラデーション色,yugao_s15
nav/nav-branch-pill,nav,二択分岐の大型ピルセレクタ,2,進路・対象を2〜3個から選ばせる大型ピル。1つあたり幅300〜360px、高さ90〜110px、border-radius:999px（両端が完全な半円になる値）。塗りはそれぞれ別のブランド色でベタ（例：紺と赤）、文字は白、枠線も影もなし。ラベルは中央に3段で組む——1段目=和文名17〜19px（letter-spacing .08em）、2段目=欧文の全大文字9〜10px（letter-spacing .18em、白の70%）、3段目=幅24pxの短い横罫か小さな下向き矢印。段間は6px／8px。ピル同士の間隔は40〜64px、画面中央に対して左右対称に置く。背景は白か無地とし、この帯の上下余白だけ他セクションより広く（80〜96px）取って「ここが分岐点である」ことを余白で示す。色は2つの選択肢を対等に見せるため明度をそろえる（片方だけ濃いと誘導に見える）。,読者が2〜3の属性に明確に割れる（中学／高校、幼児／小学生、個人／法人） / 分岐先それぞれに別のブランドカラーが与えられている / LPの入口またはCTA直前で、進む先を1回だけ選ばせたいとき,選択肢が4つ以上（ピルの意味が消えるのでカードグリッドに切り替える） / 2つを同色で塗る（分岐に見えず、ただのボタン2個になる） / ピルの中に写真やアイコンを入れる（3段組の中央揃えが崩れる）,分岐名（和文） / 欧文サブ / 塗り色 / リンク先,musashino_s14
problem/problem-dim-photo-frame,problem,暗転写真の中の白罫フレーム提起,1,セクション全面を実写1枚で埋める（高さ340〜420px、アスペクト約2:1の帯）。その上に黒40〜55%のオーバーレイを敷いて写真を沈め、さらに上下左右から6〜8%内側に1pxの白罫の長方形を引き「写真の中にもう一枚の板がある」状態を作る。罫の内側は左右5〜6%のパディング。中身は3段構成。(1)中央揃えの大見出し（白28〜32px・字間0.08em）で、キーワードだけをブランド色のベタ塗り矩形で囲い白抜きにする（矩形は文字にぴったり、上下4px左右10pxのパディング、角丸なし）。(2)その下にサブコピー1行（白16px、強調語は色文字にとどめてベタ塗りは重ねない）＋罫の右内側に寄せたピル型ボタン（白ベタ・角丸999px・濃色文字・末尾に>）を同じ行に置く。(3)サブコピー行の直下に罫内幅いっぱいの白の点線（1px dotted・不透明度40%）を引き、その下に本文（白13px・行間1.9・両端揃え）を4〜6行。強調は「ベタ塗り抜き＝主役の1語」「色文字＝準主役」の2種のみに限定する。写真は人物の顔が罫の外側（左右端）に来て、中央は情報を置ける低情報量の領域になる構図を選ぶ。影・グラデーションは使わず、暗さと1本の白線だけで階層を作る。,読者を名指しして絞り込む提起（「〜をご検討の方へ」） / 悩み／対象が1件に集約でき、列挙が要らない / 写真1枚で世界観とトーンを一段沈めたい / このセクションから下層ページへ送客したい / 前後が明るいセクションで、色調の切り替え点が欲しい,悩みを3件以上並べたい / 使える写真が低解像度、または被写体がごちゃついて中央に余白が作れない / 終始ポップで明るいトーンのLP（暗転が浮く） / 本文が6行を超える（読ませる量が多いなら白背景の型へ）,背景写真 / 見出し / ハイライト語（ベタ塗り抜き） / サブコピー / サブコピー内の強調語 / ボタンラベル / ボタンリンク先 / 本文（4〜6行）,hanamaru_s13
problem/problem-scene-blob-trio,problem,場面別・円＋ブロブ2段重ねの3連,1,上に2行の中央見出し（各行の下に細い点線アンダーラインと小さなドット装飾）。下に3カラム、カラム間は幅の4〜5%。各カラムは「上：円／下：ブロブ」の2段重ね。上段は塗りなし・1.5pxのカラー輪郭線の正円（直径＝カラム幅の85%前後）で、その中に人物イラストを置くが、イラストは輪郭線をわざとはみ出させる（右下や上方向へ20〜40pxオーバーフロー、overflow:visible）。円で切り抜くのではなく「線の上にイラストが乗っている」状態にするのがこの型の肝。円の左肩に縦組みタグ（writing-mode:vertical-rl・角丸8px・ベタ塗り・白文字12px）を添え、円の上端より30〜40px高く始めて円に重ねる。下段は同色ベタ塗りの有機的ブロブ（正円ではなく border-radius を4値バラした不定形、または波打つSVGパス）を円の下端に40〜60px重ねて背面に敷く。ブロブ内は白の手書き風アイコン（小・上部中央）＋白文字の悩み3行（13px・行間2.0・中央揃え）。3カラムには同明度の別色相（セージ／アプリコット／マスタード）を1つずつ割り当て、輪郭線・縦組みタグ・ブロブを同色で統一する。中央カラムだけ40〜60px上げて高さをずらし、横一直線の退屈さを壊す。背景は白のまま、影は一切使わない。,悩みが「場面」で分かれる（学校で／体育で／自由時間で） / 線画・イラスト素材が用意できる / 実写が集まらない案件 / 柔らかく角のないトーンにしたい / 3件ちょうどに整理できる,悩みが4件以上ある（3で固定される型） / 素材が実写のみ（輪郭線からのはみ出しが成立しない） / 堅い法人向け・信頼訴求のトーン / ブランド色が1色しか使えない,見出し（2行） / 場面ラベル×3（縦組み） / イラスト×3 / 悩みテキスト×3（各3行） / 配色×3 / ブロブ内アイコン,linie_s03
problem/problem-bubble-to-answer-cards,problem,悩み吹き出し→解決名カード（対提示）,2,「悩みを言い当てて、その真下に答えの名前を置く」対提示型。3枚（最大4枚）の等幅カードを横並び、gap 24〜32px。カードは白ベタ・2pxのカラー枠線・角丸8px・影なし、上下パディング28px。カード上部に枠線と同色を12〜18%の濃度で塗った吹き出しを置く（角丸6px、下辺の中央やや左に8pxの三角のしっぽ）。中は悩みの一人称セリフ2行（11〜12px・枠線と同色の濃いトーン・中央揃え・語尾は「…」で言い切らない）。しっぽの直下に解決策の名前を大きく（18〜20px・太字・カード色・2〜3行・中央揃え）、さらにその下にイラスト（高さ90〜110px・中央）。3枚には必ず別の色相（緑／橙／桃など）を与え、枠線・吹き出し・解決名の3箇所を同一色相でそろえる。セクション背景は白ではなく淡いクリーム等の地色にして、白いカードを影ではなく地色差で浮かせる。カード群の下に中央のボタン1本で受ける。,悩みと自社のコース／サービスが1対1で対応している / 悩み提示と選択誘導を1セクションで済ませたい / コースやプランを選ばせたい / 小さなイラスト・アイコンが用意できる,悩みだけを提示し、解決は後段でまとめて見せたい構成 / 解決側の名前がまだ決まっていない（対提示が成立しない） / 全カードが結局同じ解決策に行き着く / モノクロ1色指定のブランド,セクション見出し / リード文 / 悩みセリフ×3 / 解決名×3 / イラスト×3 / 配色×3 / ボタンラベル,sho_globalcrown_s03
problem/problem-circle-row-tags,problem,丸写真横一列＋吊り下げタグ,2,「こんな方に／こんな悩みに」を1画面で速く見せるチェックリスト代替。中央見出し（キーワードに黄色マーカー下線＝下半分だけを塗る線形グラデーション）の下に、正円トリミングの写真を5枚（4〜6枚可）横一列。円の直径は行幅の約1/6、円同士の間隔は直径の10%前後まで詰めて「ずらりと並ぶ」印象を作る。各円の下端に重ねて白ベタ・1pxの淡色枠線・角丸4pxのタグを吊るす。タグは円より横幅が広く（直径の115〜125%）、円の下端を25〜35%飲み込む位置に置き、全タグの下辺を水平に揃える。タグ内は2行の短文（11〜12px・中央・行間1.7）で、体言止めか「〜したい」で終える。円写真は顔が円の中央に来るようトリミングし、5枚のうち1枚だけノートや画面などの物撮りを混ぜて人物の連続を崩す。セクションの上下境界は直線で切らず破れた紙のギザギザ（SVGパス）で切り替え、前後と地色を変える。円の列の下に、この一覧を受ける1〜2行の要約文＋CTAボタン＋小さな注記を中央に置いて締める。,対象者やニーズを短文で数多く並べたい / 良い表情の写真・シーン写真が5枚前後ある / CTAの直前に置いて自分ゴト化させたい / セクションを縦に伸ばしたくない,各項目に説明文が要る（2行に収まらないなら別型） / 写真が3枚以下（横一列が疎になる） / 悩みが深刻・ネガティブ寄り（明るい笑顔写真と衝突する） / 写真の質がばらつく（円トリミングは粗さが目立つ）,セクション見出し / ハイライト語（マーカー下線） / 円写真×5 / タグ文言×5（各2行） / 要約文（1〜2行） / CTAラベル / 注記,sho_globalcrown_s03
