name,url,kind,why
MUUUUU.ORG（ムーオルグ）,https://muuuuu.org/,gallery,国内トップ級の厳選型ギャラリー。掲載基準が厳しく縦長・高品質サイトが中心／カテゴリ一覧 https://muuuuu.org/category ・学校/大学/教育 https://muuuuu.org/category/industry/school ・教育サービス https://muuuuu.org/category/industry/education-service ・コーポレート https://muuuuu.org/category/sitetype/co ・ブランド/コンセプト https://muuuuu.org/category/sitetype/brand
MUUUUU.ORG｜学校・大学・教育カテゴリ,https://muuuuu.org/category/industry/school,gallery,教育系277件。厳選掲載のため学校サイトの当たり率が高く、教育・スクール案件の参照母数として最有力
SANKOU!,https://sankoudesign.com/,gallery,"国内最大級・約3,500件、業種×サイトタイプ×色で多軸検索できる定番／学校・教育 https://sankoudesign.com/category/school-education/ ・スクール/習い事/教材 https://sankoudesign.com/category/adult-school/ ・コーポレート https://sankoudesign.com/category/corporatesite/ ・ブランド/サービス https://sankoudesign.com/category/brandsite/ ・LP https://sankoudesign.com/category/lp/"
SANKOU!｜スクール・習い事・教材カテゴリ,https://sankoudesign.com/category/adult-school/,gallery,塾・習い事・教材という民間スクール業種を単独カテゴリで切り出している数少ないギャラリー
SANKOU!｜学校・教育カテゴリ,https://sankoudesign.com/category/school-education/,gallery,学校法人系のサイトが業種軸でまとまっており、色・イメージ別の絞り込みも併用できる
I/O 3000,https://io3000.com/,gallery,2011年から続く老舗の選定型ギャラリー。国内外を編集部が厳選／カテゴリ一覧 https://io3000.com/category/bm/ ・教育/学校 https://io3000.com/category/bm/education/
81-web.com,https://81-web.com/,gallery,日本のサイトのみを扱い、フォント・配色・制作会社まで表示するのが特徴。※2026年時点でNuxt製SPAに刷新され絞り込みはクライアント側処理のため、業種別の個別URLは存在せずトップの一覧UIから操作する
bookma!,https://bookma.org/,gallery,PCとスマホのデザインを並べて比較できる構成が独自。※一覧UIはJS制御で業種別の個別URLは持たない
Web Design Clip,https://webdesignclip.com/,gallery,カテゴリ39種と国内最細分類。日本/海外/LP/スマホの4ギャラリーを併設／学校・教育 https://webdesignclip.com/category/education/ ・企業/事務所 https://webdesignclip.com/category/company/ ・採用 https://webdesignclip.com/category/recruit/
Web Design Clip [L]（LP・ランディングページ専門）,https://lp.webdesignclip.com/,gallery,本体から独立したLP専用ギャラリー。LP単体の構成・訴求パターン収集に直結する
Web Design Clip [S]（スマホ・レスポンシブ専門）,https://sp.webdesignclip.com/,gallery,スマホ実機基準のクリップ集。FVをモバイル前提で設計する際の参照に使える
Responsive Web Design JP,https://responsive-jp.com/,gallery,レスポンシブ実装に特化した老舗。ブレークポイントごとの見え方を確認できる／カテゴリ一覧 https://responsive-jp.com/category ・学校/教育 https://responsive-jp.com/category/category/education
S5-Style（旧 straightline bookmark の後継）,https://www.s5-style.com/,gallery,ハイクオリティ縛りの選定型。旧 bm.straightline.jp は停止済で、現行の受け皿がこのドメイン。※絞り込みはSPA内処理で業種別URLなし
1GUU,https://1guu.jp/,gallery,業種・国・配色・デザイン手法の4軸タクソノミが整備され、海外事例も国別に引ける／学校・教育 https://1guu.jp/category/industry/school/ ・業種一覧は /category/industry/ 配下
Parts.（パーツ別Webデザイン集）,https://partsdesign.net/,gallery,SaaS・サービスサイト/LPをMV・ヘッダー・CTA・FAQ等のパーツ単位で横断比較できる。LPの部分設計を詰めるとき唯一無二
現代デザイン,https://gendaidesign.com/,gallery,業種35分類×配色タグで検索できる大規模リンク集／学校・資格・研究 https://gendaidesign.com/category/school/ ・企業 https://gendaidesign.com/category/company/ ・医療/福祉 https://gendaidesign.com/category/medical/
ちょうどいいWebデザインギャラリー,https://choooodoii.com/,gallery,「奇をてらわない実務レベル」の基準で選定。受注案件に流用しやすい／教育・学校 https://choooodoii.com/industry/school/ ・コーポレート https://choooodoii.com/site-type/corporate/ ・業種は /industry/{slug}/、サイト種別は /site-type/{slug}/
イケサイ,https://www.ikesai.com/,gallery,2004年開設の国内最古参級リンク集で母数が圧倒的／教育・学校 https://www.ikesai.com/cat/education/ ・企業/コーポレート https://www.ikesai.com/cat/corp/
URAGAWA,https://mirai-works.co.jp/uragawa/,gallery,掲載サイトごとに制作会社名が紐づく唯一級のギャラリー（競合の制作元調査に使える）。ドメインは mirai-works.co.jp/uragawa/ へ移設済／教育・学校 https://mirai-works.co.jp/uragawa/industry/education/ ・コーポレート https://mirai-works.co.jp/uragawa/type/corporate/ ・採用 /type/recruit/
URAGAWA｜教育・学校カテゴリ,https://mirai-works.co.jp/uragawa/industry/education/,gallery,教育業種70件に制作会社名が併記され、学校案件を取っている制作会社の特定までできる
マネるデザイン研究所,https://maneru-design-lab.net/,gallery,「なぜ良いか」の解説つきで掲載する解説型ギャラリー／学校・教育 https://maneru-design-lab.net/category/education ・業種は /category/{slug}
デザインのこと,https://designnokoto.com/,gallery,幼稚園・保育園を独立カテゴリに持つ数少ないギャラリー／学校・教育 https://designnokoto.com/category/school ・幼稚園/保育園 https://designnokoto.com/category/kindergarten_nurseryschool ・企業サイト https://designnokoto.com/category/company
デザインのこと｜幼稚園・保育園カテゴリ,https://designnokoto.com/category/kindergarten_nurseryschool,gallery,未就学児向け施設に絞った一覧。キッズ・預かり保育系の制作物のトンマナ参照に直結する
GOOD WEB DESIGN,https://good-web-design.com/,gallery,更新頻度が高くサイト種別と業種の両軸で引ける／教育・スクール・保育・幼稚園・小中高・大学 https://good-web-design.com/webdesign/school ・コーポレート https://good-web-design.com/webdesign/corporate ・LP https://good-web-design.com/webdesign/lp ・ブランド https://good-web-design.com/webdesign/brand
GOOD WEB DESIGN｜教育・スクール・保育カテゴリ,https://good-web-design.com/webdesign/school,gallery,保育園から大学までを1カテゴリに集約しており、教育業種の縦断比較が1URLで済む
cms design,https://cmsdesign.jp/,gallery,CMS構築済みサイト限定という珍しい選定基準。業種タクソノミが70種と最も細かい／カテゴリ一覧 https://cmsdesign.jp/category/ ・学校/教育機関 https://cmsdesign.jp/industry/school/ ・幼稚園/保育園 https://cmsdesign.jp/industry/kindergarten/
Brilliant Design Collect,https://brilliantdesign.work/,gallery,配色・トーン・UI手法まで多軸タグ付け。アニメーション/インタラクション系に強い／学校・教育 https://brilliantdesign.work/archives/category/industry/education ・コーポレート https://brilliantdesign.work/archives/category/type/corporate-site
sps collection,https://spscollection.com/,gallery,スマートフォンサイト専門のデザインリンク集（現代デザインの姉妹サイト）／学校・資格 https://spscollection.com/category/school/
Web Design Garden,https://webdesigngarden.com/,gallery,毎日更新。業種・サイト種別に加え「機能・要素」軸（CTA/FAQ/フォーム/沿革等）を持つ点が実務で強い／大学・専門学校・各種スクール https://webdesigngarden.com/category/industry/school/ ・幼稚園/保育園/小学校 https://webdesigngarden.com/category/industry/children/ ・コーポレート https://webdesigngarden.com/category/type/corporate/ ・ブランド https://webdesigngarden.com/category/type/brand/ ・LP https://webdesigngarden.com/category/type/lp/
Web Design Garden｜幼稚園・保育園・小学校・子供向け教育機関,https://webdesigngarden.com/category/industry/children/,gallery,子供向け教育機関だけを切り出した一覧。学童・キッズ系の直接比較対象が集まる希少なカテゴリ
Japan Web Design Gallery,https://japan.2-wg.com/,gallery,日本のサイト限定。1件ごとにデザイン上の着眼点コメントが付く／業種一覧 https://japan.2-wg.com/category/industry/ ・大学/専門学校/教育 https://japan.2-wg.com/category/industry/education/ ・コーポレート https://japan.2-wg.com/category/genre/corporate/ ・LP https://japan.2-wg.com/category/genre/landing/
umeboshi,https://www.umeboshi.in/,gallery,女性向け・女性的デザインに特化した唯一級のギャラリー。幼児・教育系の柔らかいトンマナ探しに最適／一覧 https://www.umeboshi.in/gallery/ ・学校/大学/教育/スクール/塾 https://www.umeboshi.in/study/ ・保育園/幼稚園/こども園 https://www.umeboshi.in/kindergarten/
umeboshi｜学校・大学・教育・スクール・塾,https://www.umeboshi.in/study/,gallery,「女性（＝多くの場合の意思決定者）に届く」観点で選定された教育サイト集で、他ギャラリーと選定軸が重複しない
Wow! Works,https://wowoworks.com/,gallery,用途・業種の2軸タクソノミで整理されたシンプルなギャラリー／教育・学校 https://wowoworks.com/industry/industry_education/ ・コーポレート https://wowoworks.com/types/types_corporait/ ・ブランディング https://wowoworks.com/types/types_branding/ ・LP https://wowoworks.com/types/types_lp/
matome（LeadGrid運営）,https://goleadgrid.com/matome,gallery,BtoB・サービスサイト/オウンドメディア/LPに寄せた選定でBtoB営業系の参照に向く／業種一覧 https://goleadgrid.com/matome/industry ・コーポレート https://goleadgrid.com/matome/sitetype/corporate-site ・LP https://goleadgrid.com/matome/sitetype/lp ・採用 /sitetype/recruit-site
Choicely,https://www.choicely.jp/webdesign/,gallery,業種（industry）とサイト種別（category）が完全に分離した設計で、業種×種別の掛け合わせ探索がしやすい新興ギャラリー／学校・教育 https://www.choicely.jp/webdesign/industry/education/ ・コーポレート https://www.choicely.jp/webdesign/category/corporate/ ・ブランド https://www.choicely.jp/webdesign/category/brand/ ・LP https://www.choicely.jp/webdesign/category/lp/
Choicely｜学校・教育（業界）,https://www.choicely.jp/webdesign/industry/education/,gallery,業種ページ内でさらにサイト種別・配色で絞り込めるため、「学校のLP」「学校の採用」など交差検索が可能
cocococo.info,http://cocococo.info/,gallery,サイトタイプ・業種・デザイン特徴の3軸で727件超をアーカイブ／学校・教育・研究 http://cocococo.info/archives/category/industry/academy ・コーポレート http://cocococo.info/archives/category/type/corporate ・ブランド /archives/category/type/brand-site
KASOU,https://kasoudesign.com/website,gallery,制作会社KASOU運営。下層ページ（料金表・About・一覧・FAQ）単位でも探せるのが実務的／コーポレート https://kasoudesign.com/website/format/corporate ・LP https://kasoudesign.com/website/format/lp ・採用 /website/format/recruit ・特設 /website/format/special
BRIK GALLERY,https://brik.co.jp/gallery,gallery,「国内最大規模」を掲げる大量掲載型。カテゴリはクエリパラメータ制／教育・学校 https://brik.co.jp/gallery?category_id=6 ・コーポレート https://brik.co.jp/gallery?category_id=22 ・ブランド/サービス https://brik.co.jp/gallery?category_id=25 ・LP/特集 https://brik.co.jp/gallery?category_id=61
BAKUup,https://bakuup.com/,gallery,業種（sector）とサイト種別（site-type）が分離しコーポレート561件・LP126件と母数が厚い／学校・教育 https://bakuup.com/category/sector/school/ ・コーポレート https://bakuup.com/category/site-type/type-corporate/ ・LP https://bakuup.com/category/site-type/type-landing/
Stock（pulp+style運営）,https://stock.pulpxstyle.com/,gallery,サイト目的（category）と業種（industry）の二重タクソノミ。地方・中小企業サイトの実務水準の事例が多い／教育 https://stock.pulpxstyle.com/industry/education/ ・コーポレート https://stock.pulpxstyle.com/category/corporate/ ・採用 /category/recruitment/
ウェブコレ（aifer）,https://aifer.jp/web-design-collection/,gallery,ホームページ制作の提案時に見せる前提で集められた実務寄りリンク集。掲載点数が多く1ページで俯瞰しやすい
AAA11Y（Accessible Website Gallery）,https://www.aaa11y.com/,gallery,アクセシビリティ基準を満たした上でデザインが良いサイトのみ掲載。学校・自治体など公共性の高い案件の根拠資料になる
Mag Collection,https://magcollection.net/,gallery,ブランドの特設・シーズンキャンペーンページに特化。アパレル/コスメ系の期間限定サイトの最新事例が最速で集まる
不動産デザインギャラリー（REAL ESTATE DESIGN GALLERY）,https://re-designgallery.com/,gallery,不動産・住宅業種のみに特化した業種特化型ギャラリー。業種内での定石比較ができる
WP-Search,https://wp-search.org/ja/,gallery,WordPressのテーマ・プラグイン・サーバーまで判定して表示するデザイン事例集。技術スタック調査とデザイン参照を同時にこなせる
Studio Showcase,https://showcase.studio.design/ja/all,showcase,ノーコードCMS「STUDIO」公式の制作事例集。同じツールで再現可能な範囲のデザインだけが並ぶため、実装コストの見積もりに直結する
LPアーカイブ（ランサーズ運営）,https://rdlp.jp/lp-archive/,gallery,国内最大級のLP専門アーカイブ。業種（lp_cat）・イメージ（lp_image）・配色（lp_color）で絞り込める／絞り込みは https://rdlp.jp/lp-archive/search/?lp_cat={id} 形式
LP advance,https://site-advance.info/,gallery,LP専門で業種別件数が明示され、キャッチコピー一覧まで別軸で引ける／学校・スクール・資格 https://site-advance.info/school/
ランディングページ（LP）集めました。,https://lp-web.com/,gallery,LP専門の老舗で色×業種の2軸検索。2026年も継続更新／スクール（専門学校・大学）・資格 https://lp-web.com/school/
Modulesss…,https://modulesss.com/,gallery,国内サイト限定でパーツ（図解・見出し・モジュール）単位に切り出したギャラリー。セクション設計の引き出しづくり用
UI LIBRARY,https://design-library.jp/ui/,gallery,"総数1,000件超をUIパーツごとに分類。CTA・フォーム・ナビ等の具体案を一度に比較できる"
BANNER LIBRARY,https://design-library.jp/,gallery,バナー専門ギャラリー。LP内バナーや広告クリエイティブのトンマナ検討に使える
Bannnner.com,https://bannnner.com/,gallery,選りすぐりのバナー画像のみを集めたバナー専門ギャラリー。サイズ・配色別に引ける
SAMUNE,https://thumbnail-gallery.net/,gallery,サムネイル専門ギャラリー。記事・動画のサムネや一覧UIの見せ方を集中的に比較できる
ブブンデザインアーカイブ,http://bubundesignarchive.jp/,gallery,"累計2,500件超をタイトルロゴ・グロナビ・見出し・フォーム等の「ブブン」単位でタグ付けした国内最古参のパーツ系アーカイブ"
ストックデザイン（オルトベース運営）,https://altbase.co.jp/stock/,gallery,士業サイト制作会社が運営し、士業・専門サービス寄りの堅実なデザイン事例が集まる
MOGUMOGU DESIGN MUSEUM,https://mogumogu-design.com/museum/,gallery,Webデザイン系メディア「もぐでざ」運営の部分デザイン集。掲載点数が多く更新も継続している
レトロバナー,https://retrobanner.net/,gallery,レトロ・昭和調のバナー／グラフィックに特化。和モダンやノスタルジー訴求の資料に使える
ロゴストック,https://logostock.jp/,gallery,日本語ロゴに特化した老舗ストック。学校・施設のロゴまわりのトンマナ検討に使える
Webグランプリ（日本アドバタイザーズ協会 デジタルマーケティング研究機構）,https://award.dmi.jaa.or.jp/,award,国内の事業会社Webサイトを対象とした最大級の公式アワード。300名超の審査委員による相互審査で、企業サイト・採用サイト部門の受賞一覧が毎年公開される
グッドデザイン賞 受賞ギャラリー,https://www.g-mark.org/gallery/winners,award,日本デザイン振興会の公的アワード。Webサイト／デジタルサービス部門の受賞事例を検索でき、対外的な根拠として最も通用する
株式会社ベイジ 制作実績,https://baigie.me/work/,agency,BtoB・採用サイトに強い制作会社で、事例ごとに成果指標（エントリー数・売上・流入）まで公開している数少ない実績一覧
株式会社LIG 制作実績,https://liginc.co.jp/works,agency,国内大手Web制作会社の実績一覧。大手クライアント案件が多く、予算規模の大きい制作物の水準を測る基準になる
株式会社エムハンド 制作実績,https://www.m-hand.co.jp/works/,agency,ギャラリーサイトへの掲載数が非常に多い制作会社で、国内ギャラリー掲載を狙う水準の目安として参照価値が高い
株式会社コンセント 事例紹介,https://www.concentinc.jp/works/,agency,大企業・公共案件中心のデザイン会社。情報設計やアクセシビリティ配慮まで踏み込んだ事例解説が読める
LP幹事,https://lp-kanji.com/,gallery,"掲載2,590件、業界50種以上×カラー15×イメージ15で絞り込め、掲載されるのは制作会社が実際に納品したLPのみなので「デザイン参考」と「制作会社の実績DB」を兼ねる（2026-08-04時点で稼働確認）"
SANKOU!（LPカテゴリ）,https://sankoudesign.com/category/lp/,gallery,国内の優れたWebサイトを厳選する編集型ギャラリーのLP絞り込み一覧。網羅ではなく選別掲載なので平均品質が高く、大塚製薬エクエル等のナショナルブランドLPが並ぶ（最新2026-07-21）
Web Design Garden（LPカテゴリ）,https://webdesigngarden.com/category/type/lp/,gallery,毎日更新を掲げるギャラリーのLPタイプ絞り込み一覧で、最新掲載が2026-08-04（当日）と国内で最も鮮度が高い部類
イケてるランディングページデザイン集めました（ゼロス）,https://zero-s.jp/lp-media/,gallery,9年以上運営のLP専業ギャラリーで、色・ジャンル・イメージに加え「果物野菜」「和洋菓子」など食品LPの細分類が特徴。ただしbot経由のアクセスは403で弾かれるためブラウザでの閲覧が必要
STUDIO Showcase（日本語版・ノーコードSTUDIO公式事例集）,https://showcase.studio.design/ja,showcase,STUDIO公式の投稿型ショーケース。日本の制作会社・デザイナーの高品質事例が集まり、creatorページから制作者を逆引きできる。カテゴリはcorporate-service／event／blog-media／portfolio／shop-productの5つ（sitemapで実測、LP専用カテゴリは無し・JSレンダリングのため閲覧はブラウザ推奨）
Wix 制作サイト事例ギャラリー（日本語）,https://ja.wix.com/explore/websites,showcase,Wix公式の日本語ショーケース一覧で、日本のクリエイター・企業サイトが並び、「ポートフォリオ／ECサイト／コーポレートサイト」でフィルタ可能（HTTP 200・事例名まで確認済み）
Shopify Plus 導入事例一覧（日本語）,https://www.shopify.com/jp/plus/customers,showcase,公式の顧客事例一覧で全574件、SOÉJU・Brain Sleep・ワコール・サントリー・Francfranc・日清食品など日本の中〜大手ブランドが業種タグ付きで並ぶ（縦長LPではなくEC寄りだが、予算のある発注主のデザイン水準を測る用途に有効）
Shopify 日本公式ブログ「事例」タグ一覧,https://www.shopify.com/jp/blog/topics/%E4%BA%8B%E4%BE%8B,showcase,Shopify Japan公式の事例記事一覧（1ページ約20件・複数ページ、最新2026-07-26「Shopifyを使ったサイト27選」）で、上記Plus事例に載らない中小規模の国内ストア事例を補完できる
ロフトワーク（Loftwork）,https://www.loftwork.com/jp/project,agency,富士通・三井不動産・パナソニック・NTTコムウェアなど大企業の共創/ブランディングプロジェクトが中心。グッドデザイン賞受賞多数の老舗クリエイティブエージェンシー
FOURDIGIT（フォーデジット）,https://www.4digit.com/works,agency,イオンフィナンシャル・NTTデータなどエンタープライズのデザイン案件が主軸。グッドデザイン賞受賞歴があり東京/バンコク/HCM/KLの多拠点体制で単価が高い
SHIFTBRAIN（シフトブレイン）,https://www.shiftbrain.com/,agency,Awwwards SOTD 18回・Honorable Mention 41回。93件の実績グリッドがトップページ自体を兼ねる構成（ナビの Work が / を指す）。カンヌライオンズ関連案件も担当するエンタープライズ級
mount inc.（マウント）,https://mount.jp/projects/,agency,Awwwards SOTD＋FWA＋CSSDA受賞（Yamauchi No.10）。TOYOTA・UNIQLO・SHISEIDO・POLA・大丸松坂屋など137件。案件を選ぶプレミアム層
Garden Eight（ガーデンエイト）,https://garden-eight.com/cases,agency,Awwwards Site of the Month（2021/10）ほかSOTD多数、FWA受賞。東京/コペンハーゲン。ミニマル×モーション表現で国際的に高評価
monopo（モノポ）,https://monopo.co.jp/work,agency,Awwwards SOTD受賞。資生堂・シュウウエムラ・UNIQLO・Gap・Bose・agnès b. などグローバルブランド94件。東京/London/NY/Paris展開
baqemono.inc（バケモノ）,https://baqemono.jp/creation/,agency,Awwwards SOTD＋Developer Award複数回（NEWFOLK／MOHEIM）、German Design Award 2026 GOLD（WORK with ART）。少数精鋭のインタラクション特化アトリエ
Rhizomatiks（ライゾマティクス）,https://rhizomatiks.com/work/,agency,カンヌライオンズ／アルスエレクトロニカ等の国際受賞常連。Perfume・EXPO2025 NTTパビリオンなど、国内最高価格帯のR&D型クリエイティブ
WOW inc.（ワウ）,https://www.w0w.co.jp/works,agency,映像＋空間のビジュアルデザインスタジオ。CITIZEN・Panasonic EXPO2025パビリオン・ISUZU Japan Mobility Show など自動車/高級ブランド案件中心で単価が高い
Dentsu Lab Tokyo（電通ラボ東京）,https://www.dentsulab.tokyo/works/,agency,カンヌライオンズ受賞（Project Humanity 2024）。AI/ロボティクス/インクルーシブデザインのプロトタイプ71件。電通のイノベーションラボで最上位価格帯
PARTY（パーティー）,https://prty.jp/projects,agency,カンヌ／One Show／D&AD受賞常連のクリエイティブラボ。KAGOME・DENSO・森ビル・KDDI×LAWSONなど大手のブランド体験設計
tha ltd.（中村勇吾）,https://tha.jp/works,agency,カンヌライオンズ／東京TDC／毎日デザイン賞。UNIQLO LOGO PLAY・The Tokyo Toilet・デザインあ展・Espace Louis Vuitton など国内最高峰のアトリエ
1→10（ワントゥーテン）,https://www.1-10.com/works/,agency,TOYOTA・UNIQLO・KDDI・JR西日本・Sanrio・ASICS などの体験型/XR案件。国内外アワード受賞多数、体験設計案件は数千万円規模
AID-DCC Inc.,https://aid-dcc.com/works/,agency,創業以来250以上の受賞歴（Awwwards Honorable Mention等）。大阪経済大学・南海・TOHO animation・グッドスマイルなど体験型/AR案件に強い
JUNNI（ジュニ）,https://junni.co.jp/works,agency,Awwwards SOTD＋Developer Award（2022）。ONE PIECE・ポケモンカードゲーム・&honey などエンタメ/ブランド案件のハイエンド表現
Utsubo（ウツボ）,https://works.utsubo.com/,agency,Awwwards SOTD 18回・Site of the Month・FWA of the Month（2026/05）。WebGL/WebGPU特化で公称予算帯 ¥3M〜¥20M+ の高単価スタジオ
STUDIO DETAILS（スタジオディテイルズ）,https://www.details.co.jp/projects/,agency,創業以来80以上の広告賞、Awwwards SOTD（2024）。VERMICULAR・RINNAI・ROHTO等のブランディング。Goodpatch 100%子会社のブランドファーム
Goodpatch（グッドパッチ）,https://goodpatch.com/work,agency,東証グロース上場のデザイン会社。イトーヨーカ堂・スズキ・コクヨ等。グッドデザイン賞受賞歴があり、UI/UX＋事業戦略まで含む高単価コンサル型
日本デザインセンター（NDC）,https://www.ndc.co.jp/works/,agency,原研哉率いる国内最高権威のデザイン機関。大阪・関西万博 日本館、瀬戸内国際芸術祭2025、HERMÈS麻布台ヒルズ、ISSEY MIYAKE、NHKロゴなど
good design company（水野学）,https://gooddesigncompany.com/works/,agency,相鉄グループ・パナソニック・中川政七商店・JR東日本・HOTEL THE MITSUI。CI/VIから空間まで数千万円規模のブランディング案件が中心
EIGHT BRANDING DESIGN（西澤明洋）,https://8brandingdesign.com/works/,agency,「フォーカスRPCD」で知られるブランディング特化ファーム。グッドデザイン賞・海外パッケージ賞の受賞多数、食品/プロダクトのブランド構築で高単価
DRAFT（ドラフト／宮田識）,https://www.draft.jp/works-2,agency,KIRIN・MOS BURGER・LACOSTE・Panasonic・日産など日本の広告デザイン史に残る仕事。D-BROS運営。国内アートディレクション最上位
GRAPH（グラフ／北川一成）,https://www.moshi-moshi.jp/works,agency,印刷×ブランディングの独自ポジション。はくばく・PARCO・KyotoweL等。国内外のグラフィック賞受賞常連（ADC/JAGDA等）
GRAPHITICA（グラフィティカ）,https://graphitica.com/work/,agency,NTT DATA・DANONE JAPAN・MARY QUANT・NCT DREAM・ホテル/商業施設のアート。ブランドアイデンティティ〜空間〜Webまで一気通貫の高付加価値
nendo（佐藤オオキ）,https://www.nendo.jp/en/works/,agency,世界的デザインオフィス。EXPO2025日本館、SNCF TGV、Louis Poulsen、ポケモン等。Wallpaper*/Elle Deco等の国際賞受賞多数で最高価格帯
"CINRA, Inc.（シンラ）",https://www.cinra.co.jp/work,agency,カルチャーメディア運営を母体としたブランディング/Web制作。文化施設・大手企業のブランドサイトを手がけ、編集力込みの高単価型
QUOITWORKS（クオートワークス）,https://quoitworks.com/casestudy,agency,Webデザインギャラリー MUUUUU.ORG 運営元。デザイン品質で国内トップ評価、インフォバーン・物語コーポレーション等のブランディング案件
TAM（タム）,https://www.tam-tam.co.jp/work/,agency,1992年創業・大阪/東京＋シンガポール/台北/ロンドン/アムステルダム/SF。サントリー・ファミリーマート・京王電鉄などのDX/ブランド案件
SEVEN DEX（セブンデックス）,https://sevendex.com/work/,agency,東邦ガス・大和ハウス・清水建設・MIXI・三井不動産のブランド戦略/デザイン経営支援。グッドデザイン賞受賞、コンサル型で単価が高い
INFOBAHN（インフォバーン）,https://www.infobahn.co.jp/works,agency,NEC・JR東日本・三菱電機・パナソニックコネクトなど大企業のオウンドメディア/ブランド支援。コンテンツ戦略＋デザインの老舗高単価ファーム
FICC（エフアイシーシー）,https://www.ficc.jp/case/,agency,富士急行100周年・ゴディバジャパン・明治・ライオンペット・Colemanなどブランド戦略の上流から支援。20年以上の実績を持つブランドマーケ専業
パドルデザインカンパニー（Paddle Design Company）,https://www.paddledesign.co.jp/works/,agency,住友倉庫・日進医療器 NACTUS等、CI/VI＋Web＋映像を束ねた中堅企業ブランディング。グッドデザイン賞受賞歴があり10ページ分の実績を公開
Gaji-Labo（ガジラボ）,https://www.gaji.jp/case-studies,agency,フロントエンド＋UIデザインでプロダクトチームに常時参画する準委任型。スタートアップ/SaaSの技術難度が高い領域に特化し月額単価が高い
EIGHT BRANDING DESIGN（エイトブランディングデザイン／西澤明洋）,https://www.8brandingdesign.com/works/,agency,Good Design金賞・Red Dot Best of the Bestなど国内外100超受賞、グラフィック出自でブランド開発〜Webまで通す「フォーカスRPCD」型の高単価コンサル
NOSIGNER（ノザイナー／太刀川英輔）,https://nosigner.com/projects/,agency,150件超の受賞プロジェクトを公開。プロダクト／建築／ソーシャルデザインまで越境し、Webも含むブランド設計を戦略から受託
nendo,https://www.nendo.jp/jp/works/,agency,branding／graphic／product／space／installationでフィルタ可能な大規模アーカイブ。Range Rover、Pokémon、Disney+等グローバル案件
Takram（タクラム）,https://www.takram.com/projects,agency,デザインイノベーションファーム。R&D〜ブランドコミュニケーション〜デジタルプロダクトを横断し、上流コンサル単価でWebを含む
GROOVISIONS（グルーヴィジョンズ）,https://www.groovisions.com/works/,agency,200件超をidentity/interactive/package/product等でタグ分類。MUJI、THE NORTH FACE、RIMOWA、Herman Millerなど
6D（木住野彰悟）,https://www.6d-k.com/work/,agency,廣村デザイン事務所出身のグラフィック／サイン設計。EXPO2025大阪ヘルスケアパビリオン、小田急線サイン計画など公共・大型案件60件超
SPREAD（スプレッド）,https://spread-web.jp/design/,agency,21_21 DESIGN SIGHT、国立新美術館10周年など文化施設のVI/展示グラフィック。Celvoke等コスメブランディングも高単価
CEMENT PRODUCE DESIGN（セメントプロデュースデザイン）,https://cementdesign.com/works/,agency,8ページ分の実績。地域ブランド・自治体案件（墨田区、長野SESSION等）でロゴ〜パッケージ〜Webまで一括受託
SUN-AD（サン・アド）,https://sun-ad.co.jp/works/,agency,CI／グラフィック／映像／Web／空間を横断。サントリー、とらや、東京メトロ、虎ノ門ヒルズ等。交通広告グランプリ2026受賞
たき工房（TAKI Corporation）,https://www.taki.co.jp/works/,agency,ブランディング／CI・VI／UX／パッケージ／Web／映像を業種・ソリューション別に検索できる大規模実績DB。花王、サンリオ、JR東日本など
Grand Deluxe（グランドデラックス／松山）,https://grand-deluxe.com/works/,agency,ロゴ／パッケージ／ブランディング特化で全31ページの実績。地方発ながら国内アワード常連、Webも同一トーンで受託
アカオニ（akaoni／山形）,https://www.akaoni.org/works/,agency,地域ブランディングの代表格。グラフィック出自で商品開発〜Webまで通し、東北の高単価ブランド案件を継続受注
BULLET Inc.（河西達也）,https://www.bullet-inc.jp/works/,agency,アートディレクション主導のグラフィック／ブランディング事務所。国内アワード受賞歴が厚く、Webもディレクション込みで受託
MEFILAS（メフィラス／京都・東京）,https://mefilas.com/works/,agency,WEB／GRAPHIC／LOGO／BRANDING／INSTALLATIONを横断し全15ページ。シャープAQUOS、BMSG、モスフード、FELISSIMO等ナショナル案件
STUDIO DETAILS（スタジオディテールズ／名古屋・東京・大阪）,https://details.co.jp/projects/,agency,Awwwards SOTD（2024）・CSS Design Awards。組織／採用／コーポレート／商品の4ブランディング軸で事例を整理する高単価ブランディング型
STARRYWORKS（スターリーワークス／大阪）,https://www.starryworks.co.jp/works/,agency,俵屋旅館、御蔵島ポータル、JR西日本TRAILBLAZERのCI＋Webなど。Webとインスタレーションを両輪で回すアワード常連
AID-DCC Inc.（大阪・東京）,https://www.aid-dcc.com/works/,agency,2000年以降250以上の国内外アワード受賞、Awwwards Honorable Mention・FWA実績。インタラクティブ表現の老舗中堅
BIRDMAN（バードマン）,https://birdman.tokyo/works/,agency,Cannes Lions／Awwwards／FWA受賞の常連。クリエイティブ主導でブランド体験〜Webまで受託する高単価スタジオ
Dentsu Lab Tokyo,https://dentsulab.tokyo/works/,agency,71プロジェクト公開。Cannes Lions／ADFEST／Clio／The One Show受賞。Branding〜Experimentalまでの実験的高単価案件
1→10（ワントゥーテン）,https://www.1-10.com/work/,agency,ASICS、TOYOTA カローラ、KDDI、Sentosa Sensoryscape等。APP/AR/VR/Web/UI/UXとブランディングを束ねた体験設計の高単価
ロフトワーク（Loftwork）,https://loftwork.com/jp/project,agency,空間・サービスデザイン・ブランディング・リサーチを横断するプロジェクト一覧。製造・教育・都市開発の大型案件を上流から受託
81-web.com 制作会社タグ一覧,https://81-web.com/tag/production/,gallery,制作会社自身のサイト215件を掲載。掲載＝デザイン水準の担保で、そこから各社の実績一覧へ辿れる横断リード源
Awwwards Sites of the Day,https://www.awwwards.com/websites/sites_of_the_day/,award,世界最大級Webアワードの日次受賞一覧。制作エージェンシー名が併記され、日本のアワード常連スタジオを継続的に発見できる
Awwwards｜日本のサイト一覧（国別ギャラリー）,https://www.awwwards.com/websites/Japan/,award,世界最大級のWebデザインアワードの国別絞り込み一覧で、SOTD/Honorable Mention受賞の日本語サイトが並ぶ（IZANAMI、sakazuki、TAPER.DESIGN等を実確認）
Awwwards｜Most Awarded Profiles - Japan,https://www.awwwards.com/winner-list/Japan,award,日本拠点の受賞制作会社を受賞数（HM/SOTD/SOTM/SOTY）順にランキング表示。Garden Eight・SHIFTBRAIN等、高単価案件を持つ制作会社の特定に直結する
CSS Design Awards｜Japan Sites（国別受賞ギャラリー）,https://www.cssdesignawards.com/website-gallery?country=japan,award,2009年創設の国際Webアワード。国＝Japanで絞った受賞・ノミネート一覧で、業種・技術・配色の複合絞り込みも可能（WOTD/WOTM/WOTY掲載）
The FWA｜Awards（受賞一覧）,https://thefwa.com/awards,award,2000年創設、20年以上毎日Site of the Dayを選出する最古参のWebアワード。技術的に尖った案件＝制作予算の大きい案件が集中する
The FWA｜Cases アーカイブ,https://thefwa.com/cases,award,FWA受賞案件の全アーカイブ。1件ずつクレジット（制作会社・クライアント）が付くため、発注元と受注元の両方を辿れる
The Webby Awards｜Websites & Mobile Sites 受賞一覧,https://winners.webbyawards.com/winners/websites-and-mobile-sites,award,1996年開始のインターネット業界最高権威。Webby Gallery + Indexで全受賞・ノミネートを横断検索でき、企業/エージェンシー単位でも絞り込める
Webグランプリ（日本アドバタイザーズ協会 デジタルマーケティング研究機構）｜受賞アーカイブ,https://award.dmi.jaa.or.jp/winner,award,日本の広告主団体が主催する国内最大級のWebアワード。第1回(2013年)〜第13回(2025年)の受賞サイトが全回分アーカイブされている
第13回Webグランプリ（2025年）企業グランプリ部門 受賞サイト,https://award.dmi.jaa.or.jp/winner/gp13c,award,最新回の受賞一覧。企業77社・89サイトが参加し305名の審査委員が審査。集英社採用サイト、三菱自動車、大丸松坂屋など大手発注案件が並ぶ
グッドデザイン賞｜受賞ギャラリー（ウェブサイト検索結果）,https://www.g-mark.org/gallery/winners/search?keyword=%E3%82%A6%E3%82%A7%E3%83%96%E3%82%B5%E3%82%A4%E3%83%88,award,日本唯一の総合デザイン評価制度。2000年以降の全受賞対象がDB化され、ウェブサイト/ウェブサービス/ウェブアプリのカテゴリで受賞作を一覧検索できる
STUDIO DESIGN AWARD 2025 受賞Webサイト一覧,https://designaward2025.studio.design/award,award,国産ノーコードStudio主催の年次アワード第6回。300件超のエントリーから8サイトを選出、グランプリは佐久間宣行事務所オフィシャルサイト
STUDIO DESIGN AWARD 2024 受賞Webサイト一覧,https://designaward2024.studio.design/award,award,377件のエントリーから10サイトを選出。年ごとに独立URLで受賞一覧が残るため、複数年分の質の高い日本語サイトを一括収集できる
MUUUUU.ORG｜日本語サイトカテゴリ,https://muuuuu.org/category/japanese,gallery,"2011年運営開始のプロ向けWebデザインアワード／ギャラリー。明文化された掲載基準で選抜され、日本語サイトだけで5,622件（海外541件）と国内最大級の母数"
Web Design Clip｜Webデザインギャラリー・クリップ集,http://www.webdesignclip.com/,gallery,国内Web制作の参考事例として長く運営される定番ギャラリー。国内サイト中心でカテゴリ別に一覧化されている
TOPAWARDS ASIA｜Winners（※パッケージデザイン賞）,https://www.topawardsasia.com/winners,award,招待制・アジア限定・実制作物のみの3原則を掲げる権威賞で日本の受賞多数だが、実確認の結果Webではなくパッケージデザイン賞（Webサイト収集用途には不適合、参考として掲載）
株式会社Birdman｜Works,https://birdman.ne.jp/works/,agency,カンヌライオンズ/FWA等の国際受賞歴を持つデジタルクリエイティブ会社の実績一覧。ハイエンドなインタラクティブ案件が集約されている
LPアーカイブ｜学校・塾・通信講座カテゴリ,https://rdlp.jp/lp-archive/search/?lp_cat=114,gallery,塾・通信講座に絞ったLPだけが727件並ぶ国内最大級のLP専門アーカイブで、はまキッズ／ECC／英会話ジムなど保護者向け訴求の実物が一気に比較できる（今回の用途に最も直結）
LP幹事｜学習塾・予備校のLPデザイン,https://lp-kanji.com/search/cram-school/,gallery,学習塾・予備校LPが46件、しかも「色から探す／イメージから探す」で分類済み。英語塾エベレスト・子ども英語教室Lepton・明光義塾など英語塾の直接競合LPが実名で載る
Web Design Clip [L]｜学校・資格・教育のLP,https://lp.webdesignclip.com/category/education/,gallery,教育LPを110件収録。麻布個人指導会・ワシントン外語学院・ISA・STEAM教室など、個別指導と英語教育の保護者向けLPが揃う実物サンプル集
ランディングページ集めました。｜スクール（専門学校・大学）・資格,https://lp-web.com/school/,gallery,2009年から継続収集の老舗LP集で89件。スパルタ英会話・DMM英会話・ECCジュニアオンライン・KUMON・トライ式など英語/学習系の王道LPが色別で並ぶ
MUUUUU.ORG｜教育サービス,https://muuuuu.org/category/industry/education-service,gallery,厳格な掲載基準で知られる縦長デザインギャラリーの教育サービス枠に223サイト。公文教育研究会・京進グループ・UM English Lab.など塾/英語事業者の高品質サイトが集中する
MUUUUU.ORG｜ベビー・キッズ・ファミリー,https://muuuuu.org/category/industry/kids,gallery,92サイト。子を持つ保護者に向けたトーン&マナー（色・写真・書体・安心感の出し方）の参照元として、英語塾LPの隣接領域そのもの
SANKOU!｜保育園・幼稚園・こども園,https://sankoudesign.com/category/preschool/,gallery,44件。未就学〜低学年の保護者に刺さる「やさしさ・安心・遊び=学び」の表現が集中しており、小学生の親向けFVのトーン設計に転用できる
Web Design Clip｜学校・教育,https://webdesignclip.com/category/education/,gallery,教育カテゴリだけで194件と国内ギャラリー中でも母数が大きい。受験生応援サイトなど「入学・入塾を決めさせる」目的のサイトが多く、CV導線の型が拾える
ちょうどいいWebデザインギャラリー｜教育・学校,https://choooodoii.com/industry/school/,gallery,80件を色・トーン・印象（清潔感／やさしい・ナチュラル等）で絞り込めるのが特徴。個別指導のりんご塾・トップ教育センター等、中小規模の塾実例が拾える点が実務的
イケサイ｜教育・学校サイト WEBデザインリンク集,https://www.ikesai.com/cat/education/,gallery,老舗リンク集で60件超／複数ページ。家庭教師のトライ・英語塾エベレスト・N高・渋谷教育学園など、大手塾から私立中高まで幅広く実名で収録
Web幹事｜学習塾・予備校業界のホームページ制作実績一覧,https://web-kanji.com/works/search/cram-school,showcase,塾・予備校の制作実績127件を「予算帯（〜30万／31〜50万／51〜100万）」「サイト種別（LP／リニューアル）」付きで横断でき、発注相場と制作会社をセットで特定できる
株式会社コーディア｜中学・高等学校の制作実績,https://codia.co.jp/works_school/,agency,学校サイト専業。開成・女子学院・早稲田中高・慶應義塾普通部・桐朋・逗子開成など難関私立中高50校超を手掛けており、受験期の保護者に効く情報設計の最上位事例
株式会社コーディア｜小学校・幼稚園の制作実績,https://codia.co.jp/works_elementary/,agency,東京女学館小学校・立教女学院小学校・成城/本郷学園の附属幼稚園など私立小・幼の実績12件。小学生の子を持つ保護者向けの言葉づかいとビジュアル基準の参照元
株式会社梁プランニング,https://www.ryo-net.co.jp/service/,agency,"1988年創業の教育機関広報特化。年間1,000件以上の制作実績で「学校案内(中学・高校)」「学校案内(幼稚園・小学校)」のカテゴリ絞り込みを備え、紙と統一した保護者向け訴求が強い"
クーミル株式会社｜制作実績,https://coomil.co.jp/works,agency,「学習塾」「英会話」「音楽教室」「体操教室」で絞り込める習い事特化の実績一覧。都内英語塾の無料体験申込増を狙ったLP事例（/works/lacoms/）があり今回と要件がほぼ同一
パドルデザインカンパニー｜学校・教育のブランディング実績,https://www.paddledesign.co.jp/works/education/,agency,港区のブランディング会社。学習塾studiasso（学びと遊びの両立をVI化）や「保護者から選ばれる保育園になる」を起点にした保育園ブランディングなど、コンセプト言語化の質が高い4件
株式会社フライング・ハイ・ワークス｜学校・教育業種の制作実績,https://www.flying-h.co.jp/works/education,agency,教育実績14件のうち「キッズドア 英語LP新規制作」「栄美通信 進学診断ツール」など、英語×子ども×LPという今回のど真ん中の事例を明示している
大学広報メディアアワード2025 受賞作品発表（日経BPコンサルティング）,https://consult.nikkeibp.co.jp/bdcu/award2025/winners/,award,全国800大学の広報メディアを審査する国内唯一級の教育広報アワード。デジタルコンテンツ部門金賞（北見工業大／大阪大／関西学院大）は教育系Webの品質上限を示す（※制作会社名は非掲載）
キッズデザイン賞 受賞作品検索サイト（キッズデザイン協議会）,https://kidsdesignaward.jp/search/,award,"【最重要／子ども・保護者領域の唯一の公的評価軸】第1回2007年〜第19回2025年の受賞4,381点を、対象層・キッズデザインミッション・賞名・年・都道府県で絞込検索可能。子ども向け制作物の「安全・安心・創造性」表現の規範が一箇所に集約されており、現コレクションに完全に欠落している"
TCC コピラ（東京コピーライターズクラブ コピー年鑑検索）,https://www.tcc.gr.jp/copira/,award,【コピーの評価軸が全ソースにゼロ】1960〜2026年のコピー年鑑掲載コピーを業種・媒体・年・受賞有無で検索可能。デザインギャラリーはコピーを評価しないため、保護者に刺さる日本語の言い回しの一次資料としてここが唯一
ACC TOKYO CREATIVITY AWARDS 2025（65th）入賞作品発表,https://www.acc-awards.com/festival/2025fes_result/,award,【広告賞モダリティが未収集】総務大臣賞を頂点とする国内最高峰の広告賞。ブランデッド・コミュニケーション部門にデジタル・エクスペリエンス／デジタル・ソーシャルクラフトがあり、Web制作者の内輪評価ではない「広告としての強度」で選ばれた事例が並ぶ
Awwwards｜Japan websites,https://www.awwwards.com/websites/Japan/,award,【海外アワードの日本枠が未収集】国内ギャラリーは掲載申請ベースのため申請しない実力派が抜ける。Awwwardsは第三者審査＋Design/Usability/Creativity/Contentのスコア開示があり、41ページ超の日本サイトが蓄積されている
日本BtoB広告賞 受賞作品一覧（日本BtoB広告協会）,https://www.bbaa.or.jp/sogo,award,【1980年開始の国内唯一のBtoB広告賞】第24回〜第47回（2026）の受賞作を回ごとに閲覧可能。BtoB117件を集めながらこの賞を踏んでいないのは、B2B領域の評価軸がギャラリー掲載傾向に依存している証拠
Web Designing バックナンバー（マイナビ出版）,https://webdesigning.book.mynavi.jp/backnumber/,showcase,【書籍・雑誌モダリティが未収集】2014〜2025年の全号を年別・特集テーマ別（デザイン／UIUX／EC／CMS／解析／マーケ等）で一覧。ギャラリーには載らない「なぜそう作ったか」の設計意図が言語化されている唯一の系統的アーカイブ
デジタル庁デザインシステム β版,https://design.digital.go.jp/dads/,showcase,【日本語UIの公的基準線が全ソースにゼロ】v2.3.0まで公開。日本語の可読性・フォントサイズ・行間・コントラスト・アクセシビリティをコンポーネント単位で規定。非デザイン読者（保護者・高齢者）向けLPの下限品質を担保する基準として使える
note｜現役WEBデザイナーが参考を探すギャラリーサイトリスト ジャンル別35選（久保なつ美／デザスク校長）,https://note.com/jd_designschool/n/ne2dab1df743e,gallery,【note/X上のまとめが未収集】サイト制作23／パーツ3／バナー・サムネ5／LP4のジャンル別に35サイトを実務目線で整理。現コレクションに無いギャラリーの発見源（メタソース）として機能する
note公式 デザインマガジン一覧（note_dsn）,https://note.com/note_dsn/p/s,gallery,【事業会社デザイン組織の一次発信が未収集】UI/UX・デザインシステム・アクセシビリティ・ブランディング・デザイン組織論の記事が企業デザインチーム横断でキュレーションされている。完成物ではなく意思決定プロセスが読める
KERENOR｜スマートフォンサイト・アプリのUIデザインに特化したギャラリー参考サイトまとめ,https://www.kerenor.jp/mobile-design-gallery-sites/,gallery,【スマホ特化ギャラリーの棚卸しが未実施】随時更新のメタまとめ。Web Design Clip [S] 以外のスマホ専門ギャラリーを一括で把握できる。スマホFV設計を全LPの必須条件にしている以上、スマホ専門源が1件しかないのは薄い
バナー広場｜教育・学校カテゴリ,https://banner-hiroba.com/archives/category/industry/education,gallery,【バナー4サイトを集めながら業種別一覧を未踏】塾・予備校・大学・オンライン教育・語学・プログラミング教室のバナーを新着／人気／閲覧数順、サイズ・カラー絞込で閲覧可能。LP上流の広告クリエイティブの型が業種粒度で取れる
UI Pocket｜アプリUIデザインギャラリー,https://www.ui-pocket.com/mobile,gallery,【申込フォームUIの参考源がゼロ】国内アプリ中心にカテゴリ別UIと、テキスト入力・ボタン・チェックボックス等の要素別スクリーンを収録。教育LPのCVは資料請求・体験申込フォームで決まるのに、入力UIの参考が現コレクションに一つも無い
Lapa Ninja｜Education カテゴリ,https://www.lapa.ninja/category/education/,gallery,【海外の教育LPの構成が未収集】教育カテゴリだけで319件超。日本語の見た目は参考にならないが、オファー提示順・社会的証明の置き方・FAQの粒度といった「構成」は日本の教育ギャラリー（ブランドサイト偏重）から取れないもの
Web Design Garden｜行政・自治体・地方創生カテゴリ,https://webdesigngarden.com/category/industry/government/,gallery,【自治体系が計5件と異常に少ない】親サイトは収集済みだがこの業種カテゴリは未踏。50件超が並ぶ。行政サイトは「誰にでも読める日本語UI」の宝庫で、非デザイン読者である保護者向けの情報設計に直結する
ランサーズ ポートフォリオ｜学習塾タグ,https://www.lancers.jp/portfolio/tag/%E5%AD%A6%E7%BF%92%E5%A1%BE,gallery,【実際に発注されている水準の分布が未把握】学習塾関連の実案件366件。チラシ・ポスター・LP・バナー・HP・パンフ・ロゴ・看板が横断で並ぶ。ギャラリー掲載作は「作品」だが、ここは「実際に金が動いた成果物」の分布が見える唯一の面
ランサーズ ポートフォリオ｜学校案内タグ,https://www.lancers.jp/portfolio/tag/%E5%AD%A6%E6%A1%88%E5%86%85,gallery,【紙媒体モダリティが未収集】学校案内の実制作サンプルが一覧。保護者向け教育案件の意思決定は今も紙で起きており、LP構成はほぼ紙の翻案。紙の見出し設計・写真選定・情報量配分が取れる
Web幹事｜保育園・幼稚園業界のホームページ制作実績一覧,https://web-kanji.com/works/search/kindergarten,agency,【未就学児・保護者向けが最大の空白】89件を予算別（〜30万〜501万円以上の8段階）・サイト種類別・業界別で絞込可能。予算帯が併記されるため「この価格でこの品質」の相場感まで取れる。ギャラリーに載りにくい園サイトが集積している
Web幹事｜大学・高校・専門学校業界のホームページ制作実績一覧,https://web-kanji.com/works/search/school,agency,【教育300件の中身の偏りを補正】170件を予算・サイト種類で絞込可能。ギャラリー掲載作と違い、LP／採用サイト／オウンドメディア等サイト種類別に切れるため、ブランドサイト偏重を崩して申込獲得型だけを抜き出せる
幼保ランド｜保育園・幼稚園ホームページ制作会社一覧,https://www.yoho-land.com/list/,agency,【園特化ベンダーの棚卸しが未実施】40社超を実績・費用・対応エリア付きで掲載。幼稚園・保育園サイトは専門ベンダーのCMSで作られるためデザインギャラリーにほぼ載らず、この業界特化比較サイト経由でしか母集団に到達できない
100人のデザイナー｜学校案内パンフレット・入学案内 制作実績,https://100pamphlet.jp/results/pamph-school/,agency,【学校・園の紙媒体の一覧が未収集】コンペ形式のため1課題に複数案が並び、同じ学校に対する複数のデザイン解が比較できる。1ページ18件×複数ページ。表紙のキャッチコピーと写真選定の当たり外れが同条件で見える希少な面
Web Design Clip [L]｜イベント・特設サイトカテゴリ,https://lp.webdesignclip.com/category/event/,gallery,【イベント7件という最大の業種穴を直接埋める】親サイトは収集済みだがこのカテゴリは未踏。体験会・説明会・単発イベントLPの型が集中している。サービスジャンル・デザインイメージ・カラーで絞込可能
LPアーカイブ｜体験型イベント ジャンル一覧,https://rdlp.jp/lp-archive/search?sa=%E4%BD%93%E9%A8%93%E5%9E%8B%E3%82%A4%E3%83%99%E3%83%B3%E3%83%88,gallery,"【25,000件超のDBのジャンル面が未踏】親サイトは収集済み。「イベント」だけで1,273件、うち体験型に絞れる。キャッチコピー文言でも検索できるため、体験会LPの見出しパターンを大量に比較できる。学習塾ジャンルも同構造で叩ける"
Pinterest 日本｜「教室 チラシ」検索,https://jp.pinterest.com/search/pins/?q=%E6%95%99%E5%AE%A4%20%E3%83%81%E3%83%A9%E3%82%B7,gallery,【実務で最も使われるスワイプ源が未収集】教室・習い事・体験会の告知チラシは国内Webデザインギャラリーに構造的に載らない層。ピンボード単位で他者のキュレーション結果ごと拾えるため、収集効率が単体ギャラリーより高い
Meta広告ライブラリ（日本・全広告）,https://www.facebook.com/ads/library/?active_status=all&ad_type=all&country=JP,showcase,【稼働中の実広告が未収集】ギャラリー掲載作は「作品」であって、今も出稿費を払って回している勝ちクリエイティブではない。掲載開始日から継続期間が読めるため、3ヶ月以上生存している＝効いているLPの入口だけを選別できる
コドモブースター（子どもの習い事 口コミ・体験申込ポータル）,https://kodomo-booster.com/,showcase,【保護者の検索語・比較軸の一次情報が未収集】国内最大級の習い事ポータル。保護者が実際に何で絞り込み（対象年齢・エリア・月謝・体験の有無）、口コミで何を書くかが読める。教室LPに何を書けば選ばれるかの需要側データとして、デザインギャラリーでは代替できない
