delfonics_com	https://www.delfonics.com/
symdirect_co_jp	https://www.symdirect.co.jp/
gizmodo_jp	https://www.gizmodo.jp/
benjamincreative_me	https://benjamincreative.me/
aaa11y_com	https://www.aaa11y.com/
sstr_tech	https://sstr.tech/
madewithgsap_com	https://madewithgsap.com/
nudot_com_tw	https://nudot.com.tw/
afuribrewing_com	https://afuribrewing.com/
fukujo_ac_jp	https://www.fukujo.ac.jp/university/juken/
popisyousakae_com	https://popisyousakae.com/
hys_inc_jp	https://hys-inc.jp/
aimservices_co_jp	https://www.aimservices.co.jp/50th/
eightdesign_co_jp	https://eightdesign.co.jp/
tokusha_jp	https://tokusha.jp/
collegehouse_osaka_com	https://www.collegehouse-osaka.com/
positive_co_jp	https://www.positive.co.jp/
recruit_kokuyo_com	https://recruit.kokuyo.com/
switch_onlife_jp	https://switch-onlife.jp/
irka_co_jp	https://irka.co.jp/
