kingram_liquor_jp	https://kingram-liquor.jp/
toyota_battery_com	https://toyota-battery.com/
green_spoon_jp	https://green-spoon.jp/
cantina_zushi_com	https://cantina-zushi.com/
fujiwara_i_com	https://fujiwara-i.com/
dive_hiroshima_com	https://dive-hiroshima.com/
satoyama_terrace_com	https://satoyama-terrace.com/
goemon_co_com	https://goemon-co.com/
oga_yamado_co_jp	https://oga.yamado.co.jp/
uniel_jp	https://uniel.jp/
jy_contents_com	https://jy-contents.com/
novasell_com	https://novasell.com/
arutega_jp	https://arutega.jp/
yahagijisyo_co_jp	https://yahagijisyo.co.jp/
liniere_jp	https://liniere.jp/
mahora_stay_com	https://mahora-stay.com/
nttdata_strategy_com	https://nttdata-strategy.com/
products_rinnai_style_jp	https://products.rinnai-style.jp/
itochu_f_co_jp	https://itochu-f.co.jp/
gorakadan_com	https://gorakadan.com/
yado_riki_com	https://yado-riki.com/
neuron_tokyo_jp	https://neuron-tokyo.jp/
aoyama_rinnai_jp	https://aoyama.rinnai.jp/
recruit_mi_6_co_jp	https://recruit.mi-6.co.jp/
discoveryjapan_jp	https://discoveryjapan.jp/
hhhusher_com	https://hhhusher.com/
shochiku_co_jp	https://shochiku.co.jp/
seriant_org	https://seriant.org/
3rd_inc_jp	https://3rd-inc.jp/
haptikos_tech	https://haptikos.tech/
hucord_com	https://hucord.com/
kamikumashinrin_com	https://kamikumashinrin.com/
forestdali_co_jp	https://forestdali.co.jp/
faceformula_com	https://faceformula.com/
canalsandwindmills_com	https://canalsandwindmills.com/
e_juutaku_jp	https://e-juutaku.jp/
clicktherapeutics_com	https://clicktherapeutics.com/
forest_inc_jp	https://forest-inc.jp/
naniwanomiya_jp	https://naniwanomiya.jp/
recruit_datumstudio_jp	https://recruit.datumstudio.jp/
atletico_suzuka_com	https://atletico-suzuka.com/
saikazo_org	https://saikazo.org/
tearoom_co_jp	https://tearoom.co.jp/
0101maruigroup_co_jp	https://0101maruigroup.co.jp/
cartapani_it	https://cartapani.it/
kaeru_camp_com	https://kaeru-camp.com/
anicecompany_co_jp	https://anicecompany.co.jp/
rewear_official_jp	https://rewear-official.jp/
funnext_group_co_jp	https://funnext-group.co.jp/
nissinyork_com	https://nissinyork.com/
shinpaku_co	https://shinpaku.co/
kontext_jp	https://kontext.jp/
neu_ad_jp	https://neu-ad.jp/
sogokagu_co_jp	https://sogokagu.co.jp/
hakujuji_g_co_jp	https://hakujuji-g.co.jp/
tokyotechnology_jp	https://tokyotechnology.jp/
smile_days_jp	https://smile-days.jp/
e_nisshin_com	https://e-nisshin.com/
statementmovie_tyo_co_jp	https://statementmovie.tyo.co.jp/
box1_co_jp	https://box1.co.jp/
nine_co_jp	https://nine-co.jp/
nutrad_co_jp	https://nutrad.co.jp/
nakagawa_in_jp	https://nakagawa-in.jp/
humaneyes_co_jp	https://humaneyes.co.jp/
n_ssi_co_jp	https://n-ssi.co.jp/
enkouji_jp	https://enkouji.jp/
tomore_jp	https://tomore.jp/
3d_lab_funtech_inc	https://3d-lab.funtech.inc/
mimaruhotels_com	https://mimaruhotels.com/
sakura_clinic_jp	https://sakura-clinic.jp/
narikoma_group_co_jp	https://narikoma-group.co.jp/
lakotahouse_com	https://lakotahouse.com/
nagai_steel_co_jp	https://nagai-steel.co.jp/
nuset_jp	https://nuset.jp/
goldenrecord_jp	https://goldenrecord.jp/
relight_borderless_com	https://relight-borderless.com/
benners_co_jp	https://benners.co.jp/
brewgood_jp	https://brewgood.jp/
hrn_or_jp	https://hrn.or.jp/
sumitomolife_co_jp	https://sumitomolife.co.jp/
mec_r_com	https://mec-r.com/
nasu_design	https://nasu.design/
lowesinnovationlabs_com	https://lowesinnovationlabs.com/
mi_6_co_jp	https://mi-6.co.jp/
betteroff_studio	https://betteroff.studio/
kawatatec_co_jp	https://kawatatec.co.jp/
aksball_co_jp	https://aksball.co.jp/
favtown_jp	https://favtown.jp/
nijinowa_clinic_jp	https://nijinowa-clinic.jp/
story120_masunaga1905_com	https://story120.masunaga1905.com/
go_spiral_ai	https://go-spiral.ai/
agent_grow_com	https://agent-grow.com/
sumai_rebita_co_jp	https://sumai.rebita.co.jp/
sazae_co_jp	https://sazae.co.jp/
cascade_bbq_jp	https://cascade-bbq.jp/
www2_nissan_co_jp	https://www2.nissan.co.jp/
delight_ventures_com	https://delight-ventures.com/
pulpo_jp	https://pulpo.jp/
careers_crowdloan_jp	https://careers.crowdloan.jp/
sas_vliver_com	https://sas-vliver.com/
cosawell_recruit_jp	https://cosawell-recruit.jp/
cosawell_co_jp	https://cosawell.co.jp/
nishinomiya_psy_com	https://nishinomiya-psy.com/
kai_group_com	https://kai-group.com/
ishosei_shibou_com	https://ishosei-shibou.com/
laughful_hair_com	https://laughful-hair.com/
crayonshinchan_japancrafts_jp	https://crayonshinchan-japancrafts.jp/
j_q_co_jp	https://j-q.co.jp/
cosmekitchen_webstore_jp	https://cosmekitchen-webstore.jp/
darksky_tour_jp	https://darksky-tour.jp/
akindo_sushiro_co_jp	https://akindo-sushiro.co.jp/
biophilia_co_jp	https://biophilia.co.jp/
co_co_palm_jp	https://co-co-palm.jp/
umajo_jra_jp	https://umajo.jra.jp/
nittadupont_co_jp	https://nittadupont.co.jp/
sansuikaku_com	https://sansuikaku.com/
mikicruise_com	https://mikicruise.com/
nipponiakomatsu_komado_com	https://nipponiakomatsu-komado.com/
reseau_teria_com	https://reseau-teria.com/
und_ny_com	https://und-ny.com/
dexar_ca	https://dexar.ca/
oro_com	https://oro.com/
asp_waw_pl	https://asp.waw.pl/
torredelsaracino_it	https://torredelsaracino.it/
counterculturecoffee_com	https://counterculturecoffee.com/
gestisoft_com	https://gestisoft.com/
jti_co_jp	https://jti.co.jp/
unanime_fr	https://unanime.fr/
bettei_kai_jp	https://bettei-kai.jp/
ctrl_xyz	https://ctrl.xyz/
intercom_com	https://intercom.com/
joseocando_com	https://joseocando.com/
heyitshowie_com	https://heyitshowie.com/
doisena_jp	https://doisena.jp/
monf_jp	https://monf.jp/
soranohotel_com	https://soranohotel.com/
jp_ub_speeda_com	https://jp.ub-speeda.com/
ashfall_studio	https://ashfall.studio/
seitaroyamazaki_com	https://seitaroyamazaki.com/
dnp_innovationport_com	https://dnp-innovationport.com/
sankido_kumamoto_com	https://sankido-kumamoto.com/
editora_jp	https://editora.jp/
komeinc_com	https://komeinc.com/
sun_arc_co_jp	https://sun-arc.co.jp/
fabrichealth_com	https://fabrichealth.com/
h7house_com	https://h7house.com/
collectiveoffice_com	https://collectiveoffice.com/
lipps_co_jp	https://lipps.co.jp/
honda_jobs_com	https://honda-jobs.com/
depoly_co	https://depoly.co/
accorder_co_jp	https://accorder.co.jp/
nobl_io	https://nobl.io/
defoodtruckclub_nl	https://defoodtruckclub.nl/
gaban_h_spice_jp	https://gaban.h-spice.jp/
weddingpark_co_jp	https://weddingpark.co.jp/
toseibox_accretech_com	https://toseibox.accretech.com/
855_how_to_quit_org	https://855-how-to-quit.org/
masht_star_jp	https://masht-star.jp/
queengarnet_com	https://queengarnet.com/
kanaknaturals_com	https://kanaknaturals.com/
yugeisha_com	https://yugeisha.com/
beyondarchitecture_jp	https://beyondarchitecture.jp/
hanako_tokyo	https://hanako.tokyo/
h_sunad_co_jp	https://h-sunad.co.jp/
kinfolk_com	https://kinfolk.com/
freemova_com	https://freemova.com/
hevahealth_com	https://hevahealth.com/
moniclefinancial_co_jp	https://moniclefinancial.co.jp/
mydream_co_jp	https://mydream.co.jp/
yachiyo_egg_com	https://yachiyo-egg.com/
pasur_co_jp	https://pasur.co.jp/
shirakaba_studio	https://shirakaba.studio/
mota_inc	https://mota.inc/
assemblogue_net	https://assemblogue.net/
daylightcomputer_com	https://daylightcomputer.com/
kolibri_is	https://kolibri.is/
hadashinoie_co_jp	https://hadashinoie.co.jp/
n_works_link	https://n-works.link/
nzero_com	https://nzero.com/
maemo_atomo_com	https://maemo-atomo.com/
corp_tential_jp	https://corp.tential.jp/
enginzyme_com	https://enginzyme.com/
seen_com	https://seen.com/
payloadcms_com	https://payloadcms.com/
en_weon_avadev_ru	https://en.weon.avadev.ru/
ouno_jp	https://ouno.jp/
ypc_g_com	https://ypc-g.com/
hazeltree_com	https://hazeltree.com/
torix_corp_com	https://torix-corp.com/
techspeed_com	https://techspeed.com/
evervault_com	https://evervault.com/
cybozu_co_jp	https://cybozu.co.jp/
kanex_tool_co_jp	https://kanex-tool.co.jp/
marunouchi_innovation_com	https://marunouchi-innovation.com/
zaptec_com	https://zaptec.com/
tomioka_silk_jp	https://tomioka-silk.jp/
nobuhara_trading_co_jp	https://nobuhara-trading.co.jp/
ava_digital_site	https://ava-digital.site/
raxo_co	https://raxo.co/
justgowiththeflow_com	https://justgowiththeflow.com/
humanmade_co_jp	https://humanmade.co.jp/
progetta_it	https://progetta.it/
heralbony_jp	https://heralbony.jp/
eseagency_ch	https://eseagency.ch/
isomorphiclabs_com	https://isomorphiclabs.com/
southernguild_com	https://southernguild.com/
joulevc_com	https://joulevc.com/
augen_pro	https://augen.pro/
omorovicza_co_uk	https://omorovicza.co.uk/
trust_kotaeru_co_jp	https://trust.kotaeru.co.jp/
graphika_inc_com	https://graphika-inc.com/
recruit_dive_design	https://recruit.dive.design/
cielia_com	https://cielia.com/
evoworx_co_jp	https://evoworx.co.jp/
beeworks_co_jp	https://beeworks.co.jp/
wordstone_com	https://wordstone.com/
onground_doda_jp	https://onground.doda.jp/
dazaifutenmangu_or_jp	https://dazaifutenmangu.or.jp/
saiyo_okamura_co_jp	https://saiyo.okamura.co.jp/
suigei_co_jp	https://suigei.co.jp/
high_link_co_jp	https://high-link.co.jp/
lyon_beton_com	https://lyon-beton.com/
widelab_co	https://widelab.co/
agent7_tokyo_com	https://agent7-tokyo.com/
klindworthroofing_com	https://klindworthroofing.com/
daisheng_com_tw	https://daisheng.com.tw/
discoverybuildersllc_com	https://discoverybuildersllc.com/
zanearts_com	https://zanearts.com/
willstyle_u_jp	https://willstyle-u.jp/
vendredi_society_com	https://vendredi-society.com/
oneit_co_jp	https://oneit.co.jp/
anaiwood_com	https://anaiwood.com/
vis_produce_com	https://vis-produce.com/
hcf_or_jp	https://hcf.or.jp/
sakurai_gs_co_jp	https://sakurai-gs.co.jp/
workshophospitality_com	https://workshophospitality.com/
saito_kasei_com	https://saito-kasei.com/
misotone_m_hand_co_jp	https://misotone.m-hand.co.jp/
innerflow_es	https://innerflow.es/
suisei_inc_com	https://suisei-inc.com/
dozo_gift_com	https://dozo-gift.com/
awsmd_com	https://awsmd.com/
lifelabel_jp	https://lifelabel.jp/
angelica_michelle_com	https://angelica-michelle.com/
j_dex_co_jp	https://j-dex.co.jp/
h_products_co_jp	https://h-products.co.jp/
manufacture_v_kki_co_jp	https://manufacture.v-kki.co.jp/
andtphoto_com	https://andtphoto.com/
thealien_design	https://thealien.design/
i_ne_co_jp	https://i-ne.co.jp/
ikus_furniture	https://ikus.furniture/
recruit_industry_panasonic_com	https://recruit.industry.panasonic.com/
digthetea_com	https://digthetea.com/
tcdesign_toyotaconnected_co_jp	https://tcdesign.toyotaconnected.co.jp/
oxem_ru	https://oxem.ru/
hagumu_akari_com	https://hagumu-akari.com/
derta_co_jp	https://derta.co.jp/
tatap_jp	https://tatap.jp/
bypg_com	https://bypg.com/
terra1012_com	https://terra1012.com/
jbnet_jp	https://jbnet.jp/
sakura_copy_co_jp	https://sakura-copy.co.jp/
sanseitechnos_co_jp	https://sanseitechnos.co.jp/
cuebic_co_jp	https://cuebic.co.jp/
interg_co_jp	https://interg.co.jp/
tokyu_land_co_jp	https://tokyu-land.co.jp/
dontboardme_com	https://dontboardme.com/
career_ark_co_jp	https://career-ark.co.jp/
contrast_tokyo_com	https://contrast-tokyo.com/
recruit_smarthr_co_jp	https://recruit.smarthr.co.jp/
sankei_digital_co_jp	https://sankei-digital.co.jp/
acra_a_com	https://acra-a.com/
shardeum_instawp_xyz	https://shardeum.instawp.xyz/
addspice_jp	https://addspice.jp/
significo_com	https://significo.com/
outline2design_com	https://outline2design.com/
87_studio_com	https://87-studio.com/
bonx_co	https://bonx.co/
kozowood_com	https://kozowood.com/
edesigninteractive_com	https://edesigninteractive.com/
stmn_co_jp	https://stmn.co.jp/
intersect_inc	https://intersect.inc/
alphatheta_com	https://alphatheta.com/
beyondmag_jp	https://beyondmag.jp/
fudge_jp	https://fudge.jp/
wwdjapan_com	https://wwdjapan.com/
shinkokyu_jp	https://shinkokyu.jp/
bluepond_jp	https://bluepond.jp/
tabotenzu_com	https://tabotenzu.com/
sirup_online	https://sirup.online/
mimeyoi_co	https://mimeyoi.co/
wonder_factory_jp	https://wonder-factory.jp/
teraokanatsumi_com	https://teraokanatsumi.com/
kao_co_jp	https://kao.co.jp/
daihatsu_co_jp	https://daihatsu.co.jp/
haier_com	https://haier.com/
ballparkstyle_com	https://ballparkstyle.com/
youcafe_jp	https://youcafe.jp/
kittoi_com	https://kittoi.com/
akan_ainu_artweek_jp	https://akan-ainu-artweek.jp/
nelu_osaka	https://nelu.osaka/
neuler_jp	https://neuler.jp/
unpis_net	https://unpis.net/
komori_aya_com	https://komori-aya.com/
futuretrain_jp	https://futuretrain.jp/
yunadrum_com	https://yunadrum.com/
games_parco_jp	https://games.parco.jp/
yoru_design	https://yoru.design/
muji_com	https://muji.com/
pro_arinomama_co_jp	https://pro.arinomama.co.jp/
casastella_net	https://casastella.net/
akagi_futokoro_com	https://akagi-futokoro.com/
kuwayama_co_jp	https://kuwayama.co.jp/
suzuki_co_jp	https://suzuki.co.jp/
bmsgfes_tokyo	https://bmsgfes.tokyo/
sodaterulab_jp	https://sodaterulab.jp/
persol_group_co_jp	https://persol-group.co.jp/
coffee_shimeno_com	https://coffee-shimeno.com/
kawashimaseed_jp	https://kawashimaseed.jp/
homeworkvillage_com	https://homeworkvillage.com/
sp_shonenmagazine_com	https://sp.shonenmagazine.com/
budou_no_onepiece_com	https://budou-no-onepiece.com/
sparkandriot_com	https://sparkandriot.com/
cyphr_studio	https://cyphr.studio/
novact_co_jp	https://novact.co.jp/
avax_network	https://avax.network/
aim_obys_agency	https://aim.obys.agency/
soumaya_biz	https://soumaya.biz/
doubleplay_studio	https://doubleplay.studio/
jiii_atelier_com	https://jiii-atelier.com/
reninc_jp	https://reninc.jp/
running_hr_co_jp	https://running-hr.co.jp/
rie_tanaka_com	https://rie-tanaka.com/
somefolk_co	https://somefolk.co/
asty_co_jp	https://asty.co.jp/
b4b_co_jp	https://b4b.co.jp/
phive_pt	https://phive.pt/
madeinuxstudio_com	https://madeinuxstudio.com/
oflyn_fr	https://oflyn.fr/
frame_d_jp	https://frame-d.jp/
casewellsupply_com	https://casewellsupply.com/
weareinertia_com	https://weareinertia.com/
aurora_tech	https://aurora.tech/
takaratomy_co_jp	https://takaratomy.co.jp/
kyocera_co_jp	https://kyocera.co.jp/
keukenkastenfabriek_nl	https://keukenkastenfabriek.nl/
themodestdepartment_com	https://themodestdepartment.com/
sony_co_jp	https://sony.co.jp/
halfspace_ai	https://halfspace.ai/
vooban_com	https://vooban.com/
optikka_com	https://optikka.com/
neverhack_com	https://neverhack.com/
colombondt_com	https://colombondt.com/
merus1894_com	https://merus1894.com/
oharchitecture_com_au	https://oharchitecture.com.au/
reformcollective_com	https://reformcollective.com/
karim_saab_com	https://karim-saab.com/
fiddle_digital	https://fiddle.digital/
palermo_ddd_live	https://palermo.ddd.live/
kingshaus_co	https://kingshaus.co/
myhealthprac_com	https://myhealthprac.com/
jp_nikon_com	https://jp.nikon.com/
shed_design	https://shed.design/
twostone_s_com	https://twostone-s.com/
kultiveret_com	https://kultiveret.com/
tat_group_co_jp	https://tat-group.co.jp/
seesaw_hair_com	https://seesaw-hair.com/
brue_co_jp	https://brue.co.jp/
columbiaworks_jp	https://columbiaworks.jp/
dayos_com	https://dayos.com/
cheesetart_com	https://cheesetart.com/
asahi_intecc_co_jp	https://asahi-intecc.co.jp/
allies_studio	https://allies.studio/
effortel_com	https://effortel.com/
spanoirstudio_com	https://spanoirstudio.com/
mallardandclaret_com	https://mallardandclaret.com/
columbia_com_jp	https://columbia-com.jp/
shimashikain_com	https://shimashikain.com/
marina_dc_com	https://marina-dc.com/
v7_usestate_org	https://v7.usestate.org/
cyber_l_co_jp	https://cyber-l.co.jp/
asanoha_clinic_com	https://asanoha-clinic.com/
stack_vc	https://stack.vc/
daybreak_studio	https://daybreak.studio/
hipp_health	https://hipp.health/
primeasialeather_com	https://primeasialeather.com/
ccc_co_jp	https://ccc.co.jp/
duchateau_com	https://duchateau.com/
truekindskincare_com	https://truekindskincare.com/
sunmetalon_com	https://sunmetalon.com/
daido_co_jp	https://daido.co.jp/
kline_recruit_jp	https://kline-recruit.jp/
amanation_official_com	https://amanation-official.com/
unlearn_ai	https://unlearn.ai/
twopeoplestudio_co	https://twopeoplestudio.co/
elegantseagulls_com	https://elegantseagulls.com/
nel_all_com	https://nel-all.com/
ostermoor_com	https://ostermoor.com/
digraph_jp	https://digraph.jp/
bok_co_jp	https://bok.co.jp/
composites_archi	https://composites.archi/
recruit_i_goods_co_jp	https://recruit.i-goods.co.jp/
naturehood_pj_com	https://naturehood-pj.com/
thefirstthelast_agency	https://thefirstthelast.agency/
ringfit_jp	https://ringfit.jp/
ait_design_com	https://ait-design.com/
pmo_web_com	https://pmo-web.com/
stans_jp	https://stans.jp/
newgraduate_jpn_pioneer	https://newgraduate.jpn.pioneer/
designdesigndesign_go_jp	https://designdesigndesign.go.jp/
recruit_okamoto_optics_co_jp	https://recruit.okamoto-optics.co.jp/
ldhrecruit_com	https://ldhrecruit.com/
iead_org	https://iead.org/
bleibtgleich_com	https://bleibtgleich.com/
in_cognita_corp_com	https://in-cognita-corp.com/
career_datumstudio_jp	https://career.datumstudio.jp/
andreadiego_es	https://andreadiego.es/
momenthumagency_com	https://momenthumagency.com/
leandra_isler_ch	https://leandra-isler.ch/
lqve_jp	https://lqve.jp/
ageha_agehasprings_com	https://ageha.agehasprings.com/
izmsj_co_jp	https://izmsj.co.jp/
creatures_co_jp	https://creatures.co.jp/
houzentei_jp	https://houzentei.jp/
s3seismic_com	https://s3seismic.com/
only_digital	https://only.digital/
store_unibio_jp	https://store.unibio.jp/
coco_terrace_com	https://coco-terrace.com/
caroa_jp	https://caroa.jp/
chuwrite_com	https://chuwrite.com/
bikkuri_donkey_com	https://bikkuri-donkey.com/
hiroha_jp	https://hiroha.jp/
1_365_me	https://1-365.me/
e_nepia_com	https://e-nepia.com/
noog_jp	https://noog.jp/
castme_jp	https://castme.jp/
mojimo_jp	https://mojimo.jp/
shimekiri_techo_words_inc_co_jp	https://shimekiri-techo.words-inc.co.jp/
komeyakata_com	https://komeyakata.com/
norel_jp	https://norel.jp/
event_niplanning_jp	https://event.niplanning.jp/
henson583_com	https://henson583.com/
sobahonda_com	https://sobahonda.com/
lastlove_kazukiyamada_work	https://lastlove.kazukiyamada.work/
teinei_co_jp	https://teinei.co.jp/
penmark_jp	https://penmark.jp/
konatospice_com	https://konatospice.com/
omutsu_jp	https://omutsu.jp/
kikumasamune_co_jp	https://kikumasamune.co.jp/
helios_syuzo_co_jp	https://helios-syuzo.co.jp/
mogus_jp	https://mogus.jp/
toketa_jp	https://toketa.jp/
uccenter_jp	https://uccenter.jp/
ace_industry_co_jp	https://ace-industry.co.jp/
creative_hr_reynato_co_jp	https://creative-hr.reynato.co.jp/
yaohiko_co_jp	https://yaohiko.co.jp/
service_solairo_co_jp	https://service.solairo.co.jp/
cado_com	https://cado.com/
letter_spacing_mimiguri_co_jp	https://letter-spacing.mimiguri.co.jp/
opexpark_co_jp	https://opexpark.co.jp/
redesigner_jp	https://redesigner.jp/
rinnai_basic_jp	https://rinnai-basic.jp/
o3mist_bollina_jp	https://o3mist.bollina.jp/
epsilon_jp	https://epsilon.jp/
kingjim_co_jp	https://kingjim.co.jp/
dododododo_jp	https://dododododo.jp/
media_osakastationcity_com	https://media.osakastationcity.com/
dentsu_recruit_branding_expert_com	https://dentsu-recruit-branding-expert.com/
dx_recruit_mitsuifudosan_co_jp	https://dx-recruit.mitsuifudosan.co.jp/
odakyuhousing_co_jp	https://odakyuhousing.co.jp/
tsuruha_recruit_jp	https://tsuruha-recruit.jp/
thebanshies_com	https://thebanshies.com/
icebergdoc_org	https://icebergdoc.org/
v6_usestate_org	https://v6.usestate.org/
info_leap_in_com	https://info.leap-in.com/
chargetrip_com	https://chargetrip.com/
life_job_draft_jp	https://life.job-draft.jp/
min_kura_com	https://min-kura.com/
stockholmdesignlab_se	https://stockholmdesignlab.se/
wildyriftian_com	https://wildyriftian.com/
gerax_ch	https://gerax.ch/
caso_patrimoine_fr	https://caso-patrimoine.fr/
nlc_obys_agency	https://nlc.obys.agency/
jxl_co_jp	https://jxl.co.jp/
corporate_e_agent_co_jp	https://corporate.e-agent.co.jp/
horizonte_village_com	https://horizonte-village.com/
atolldigital_com	https://atolldigital.com/
yamavico_com	https://yamavico.com/
diver_x_jp	https://diver-x.jp/
dynatrek_co_jp	https://dynatrek.co.jp/
tanaka_co_jp	https://tanaka.co.jp/
zypsy_com	https://zypsy.com/
oceanplace_kobe_com	https://oceanplace-kobe.com/
beachpoint_capital	https://beachpoint.capital/
eis_lab_de	https://eis-lab.de/
j_vers_com	https://j-vers.com/
saiyo_sme_co_jp	https://saiyo.sme.co.jp/
taikisato_com	https://taikisato.com/
kinto_technologies_com	https://kinto-technologies.com/
evolvebeauty_jp	https://evolvebeauty.jp/
ban_cha_com	https://ban-cha.com/
skazy_ai	https://skazy.ai/
200pct_com	https://200pct.com/
wj_etec_co_jp	https://wj-etec.co.jp/
noovolife_com	https://noovolife.com/
isabl_io	https://isabl.io/
entreautre_com	https://entreautre.com/
biograph_com	https://biograph.com/
moooor_com	https://moooor.com/
marubeni_com	https://marubeni.com/
metabrain_com	https://metabrain.com/
actuel_img_com	https://actuel-img.com/
moonfire_com	https://moonfire.com/
bynikistudio_com	https://bynikistudio.com/
jeton_com	https://jeton.com/
amreaestheticswellness_com	https://amreaestheticswellness.com/
folio_hd_com	https://folio-hd.com/
ikea_com	https://ikea.com/
flourishplant_com	https://flourishplant.com/
nthdegree_co_uk	https://nthdegree.co.uk/
serverless_co_jp	https://serverless.co.jp/
konishizokei_co_jp	https://konishizokei.co.jp/
exitfilm_jp	https://exitfilm.jp/
amu_co_jp	https://amu.co.jp/
ikedamohando_co_jp	https://ikedamohando.co.jp/
corp_drenty_jp	https://corp.drenty.jp/
gritbank_jp	https://gritbank.jp/
shizai_marumi_com	https://shizai.marumi.com/
senbei_tokyo	https://senbei.tokyo/
ekkyoinc_jp	https://ekkyoinc.jp/
madebyanalogue_co_uk	https://madebyanalogue.co.uk/
casavicens_org	https://casavicens.org/
brew_place	https://brew.place/
mjapan_jp	https://mjapan.jp/
nissan_nics_co_jp	https://nissan-nics.co.jp/
company_kameyaweb_co_jp	https://company.kameyaweb.co.jp/
recruit_regar_co_jp	https://recruit.regar.co.jp/
kloar_jp	https://kloar.jp/
yakiniku_king_jp	https://yakiniku-king.jp/
maxandtiber_com	https://maxandtiber.com/
hlt_pref_ibaraki_jp	https://hlt.pref.ibaraki.jp/
miyoshi_shoji_co_jp	https://miyoshi-shoji.co.jp/
lyonandlyon_co_uk	https://lyonandlyon.co.uk/
ystudio_co_kr	https://ystudio.co.kr/
daytolife_co_jp	https://daytolife.co.jp/
wysemeter_com	https://wysemeter.com/
ddmn_jp	https://ddmn.jp/
brighte_jp	https://brighte.jp/
groving_base_jp	https://groving-base.jp/
tsi_holdings_com	https://tsi-holdings.com/
first1105_nada_com	https://first1105-nada.com/
shunsukesatake_com	https://shunsukesatake.com/
tykpromotion_com	https://tykpromotion.com/
onered_jp	https://onered.jp/
refire_heycusp_com	https://refire.heycusp.com/
miyamoto_kanagata_co_jp	https://miyamoto-kanagata.co.jp/
humaan_com	https://humaan.com/
storey_co_uk	https://storey.co.uk/
tomointro_jp	https://tomointro.jp/
obake_blue	https://obake.blue/
daft_about_draft_com	https://daft-about-draft.com/
recruit_daytolife_co_jp	https://recruit.daytolife.co.jp/
epoch_inc_jp	https://epoch-inc.jp/
gv_com	https://gv.com/
palantir_com	https://palantir.com/
scalvinimarmi_it	https://scalvinimarmi.it/
ceep_co_jp	https://ceep.co.jp/
polene_paris_com	https://polene-paris.com/
a_form_no	https://a-form.no/
sososya_com	https://sososya.com/
to_inc_co_jp	https://to-inc.co.jp/
karada_camp_com	https://karada-camp.com/
yard_dental_com	https://yard-dental.com/
takadashiki_com	https://takadashiki.com/
roudstudio_com	https://roudstudio.com/
aza_co_jp	https://aza.co.jp/
venect_jp	https://venect.jp/
orixbank_co_jp	https://orixbank.co.jp/
company_splashtop_co_jp	https://company.splashtop.co.jp/
okamura_co_jp	https://okamura.co.jp/
us_bathmatedirect_com	https://us.bathmatedirect.com/
addifico_com	https://addifico.com/
capsule_design_studio	https://capsule-design.studio/
new_design_jp	https://new-design.jp/
kataguruma_jp	https://kataguruma.jp/
draft_co_jp	https://draft.co.jp/
huuuu_jp	https://huuuu.jp/
ecopiatech_com	https://ecopiatech.com/
happening_store	https://happening.store/
willof_work_co_jp	https://willof-work.co.jp/
gotonotsubaki_co_jp	https://gotonotsubaki.co.jp/
puroland_jp	https://puroland.jp/
koraliving_com	https://koraliving.com/
makereign_com	https://makereign.com/
yamagiya_shop	https://yamagiya.shop/
naganoanzen_jp	https://naganoanzen.jp/
hanaria_jp	https://hanaria.jp/
nishizaki_co_jp	https://nishizaki.co.jp/
maa_recruit_jp	https://maa-recruit.jp/
teien_art_museum_ne_jp	https://teien-art-museum.ne.jp/
lexus_jp	https://lexus.jp/
suzukishouten_co_jp	https://suzukishouten.co.jp/
dcvc_com	https://dcvc.com/
dive_design	https://dive.design/
gggggggg_jp	https://gggggggg.jp/
the_one_co_jp	https://the-one.co.jp/
nagano_toshi_gas_co_jp	https://nagano-toshi-gas.co.jp/
mag_smarthr_jp	https://mag.smarthr.jp/
autexacoustics_com	https://autexacoustics.com/
mimcocapital_com	https://mimcocapital.com/
career_palette_kobe_wu_ac_jp	https://career-palette.kobe-wu.ac.jp/
shiwakamotsu_co_jp	https://shiwakamotsu.co.jp/
sk_kenshin_jp	https://sk-kenshin.jp/
holo_punchred_xyz	https://holo.punchred.xyz/
studiod_nu	https://studiod.nu/
constructlab_net	https://constructlab.net/
dely_jp	https://dely.jp/
cyber_ai_productions_co_jp	https://cyber-ai-productions.co.jp/
endeal_net	https://endeal.net/
wezom_com	https://wezom.com/
ginbasya_jp	https://ginbasya.jp/
formandcraft_jp	https://formandcraft.jp/
hotarutei_com	https://hotarutei.com/
boo_ster_co_jp	https://boo-ster.co.jp/
takedacpta_jp	https://takedacpta.jp/
newgrads_recruit_ga_tech_co_jp	https://newgrads-recruit.ga-tech.co.jp/
seoulsemicon_com	https://seoulsemicon.com/
clearstreet_io	https://clearstreet.io/
innocean_com	https://innocean.com/
matplaza_com	https://matplaza.com/
almond_studio	https://almond.studio/
kikk_be	https://kikk.be/
smarthr_co_jp	https://smarthr.co.jp/
eizo_system_co_jp	https://eizo-system.co.jp/
mampei_co_jp	https://mampei.co.jp/
jibie_varied_com	https://jibie-varied.com/
nikken_ri_com	https://nikken-ri.com/
correc_co_jp	https://correc.co.jp/
pioniq_technologies_com	https://pioniq-technologies.com/
rx_pro_co_jp	https://rx-pro.co.jp/
gucciosteria_com	https://gucciosteria.com/
ie_tsukuru_com	https://ie-tsukuru.com/
eldersproject_incite_columbia_edu	https://eldersproject.incite.columbia.edu/
weekday_co_jp	https://weekday.co.jp/
eshikoto_store_shop_ishidaya_com	https://eshikoto-store.shop-ishidaya.com/
outcrop_jp	https://outcrop.jp/
m3sol_co_jp	https://m3sol.co.jp/
leeroy_ca	https://leeroy.ca/
kaigyou_tb_net_jp	https://kaigyou.tb-net.jp/
elementis_co	https://elementis.co/
usecache_com	https://usecache.com/
airtree_vc	https://airtree.vc/
ayocin_com	https://ayocin.com/
yusannouekiya_com	https://yusannouekiya.com/
kikka_hirado_com	https://kikka-hirado.com/
marimocraft_co_jp	https://marimocraft.co.jp/
branddesign_newspicks_com	https://branddesign.newspicks.com/
fines_art_com	https://fines-art.com/
fieldresearchlab_goldwin_co_jp	https://fieldresearchlab.goldwin.co.jp/
layout_net	https://layout.net/
tarzanweb_jp	https://tarzanweb.jp/
transit_field_me	https://transit-field.me/
senseisland_com	https://senseisland.com/
daiichi_cutter_co_jp	https://daiichi-cutter.co.jp/
solvvy_co_jp	https://solvvy.co.jp/
recruit_iij_engineering_co_jp	https://recruit.iij-engineering.co.jp/
koffiracha_com	https://koffiracha.com/
konture_studio	https://konture.studio/
sundaecreative_com	https://sundaecreative.com/
newseaminc_com	https://newseaminc.com/
buzzworthystudio_com	https://buzzworthystudio.com/
tightbooth_com	https://tightbooth.com/
airtrip_co_jp	https://airtrip.co.jp/
largic_jp	https://largic.jp/
unium_jp	https://unium.jp/
xapobank_com	https://xapobank.com/
gonz_com	https://gonz.com/
kenkomayo_co_jp	https://kenkomayo.co.jp/
decencia_co_jp	https://decencia.co.jp/
winfieldjapan_solarpower_com	https://winfieldjapan-solarpower.com/
sonpo_or_jp	https://sonpo.or.jp/
wondering_jp	https://wondering.jp/
akercompanies_com	https://akercompanies.com/
openhome_xyz	https://openhome.xyz/
defprojetos_com	https://defprojetos.com/
recruit_kodansha_co_jp	https://recruit.kodansha.co.jp/
hartmanncapital_com	https://hartmanncapital.com/
castellodelsole_com	https://castellodelsole.com/
amzigo_com	https://amzigo.com/
kouriisland_yawnyard_com	https://kouriisland.yawnyard.com/
dorstenlesser_com	https://dorstenlesser.com/
creativewell_conference_jp	https://creativewell-conference.jp/
dreamcube_com_au	https://dreamcube.com.au/
gumbo_kitchen	https://gumbo.kitchen/
breef_com	https://breef.com/
next10chairs_com	https://next10chairs.com/
beltec_bitter_jp	https://beltec.bitter.jp/
belangerfaucets_com	https://belangerfaucets.com/
milize_co_jp	https://milize.co.jp/
oakame_com	https://oakame.com/
transgenic_co_jp	https://transgenic.co.jp/
career_tearoom_co_jp	https://career.tearoom.co.jp/
saisei_sbj_webflow_io	https://saisei-sbj.webflow.io/
radiatinghope_org	https://radiatinghope.org/
ayana_com	https://ayana.com/
awaji_earth_museum_com	https://awaji-earth-museum.com/
studio_inc	https://studio.inc/
isobeunyu_souko_com	https://isobeunyu-souko.com/
pntwhere_com	https://pntwhere.com/
teracy_io	https://teracy.io/
mememe_official_jp	https://mememe-official.jp/
gmlabs_jp	https://gmlabs.jp/
smwr_jp	https://smwr.jp/
aisaac_jp	https://aisaac.jp/
worldftl_com	https://worldftl.com/
anri_vc	https://anri.vc/
hinoko_jp	https://hinoko.jp/
toradfes_com	https://toradfes.com/
nobinobi_fes_com	https://nobinobi-fes.com/
nu_kuju_jp	https://nu-kuju.jp/
amakusa_tayuta_com	https://amakusa-tayuta.com/
narahigashi_group_com	https://narahigashi-group.com/
idid_team	https://idid.team/
o_ms_jp	https://o-ms.jp/
recruit_jmc_ltd_co_jp	https://recruit.jmc-ltd.co.jp/
lifeisbeautifulokay_com	https://lifeisbeautifulokay.com/
design_rudel_jp	https://design.rudel.jp/
findy_co_jp	https://findy.co.jp/
na_150_50th_studio_site	https://na-150-50th.studio.site/
hicard_studio	https://hicard.studio/
toki_fuji_com	https://toki-fuji.com/
ansauna_the_panese_jp	https://ansauna.the-panese.jp/
ihi_co_jp	https://ihi.co.jp/
shinseidenki_co_jp	https://shinseidenki.co.jp/
potg_art	https://potg.art/
uchinoko_cat_com	https://uchinoko-cat.com/
non_john_com	https://non-john.com/
musinsa_droptokyo_com	https://musinsa.droptokyo.com/
kuraka_co_jp	https://kuraka.co.jp/
toyo_e_co_jp	https://toyo-e.co.jp/
fanfancy_com	https://fanfancy.com/
109ichiki_com	https://109ichiki.com/
stores_fun	https://stores.fun/
melem_tokyo	https://melem.tokyo/
adansilk_com	https://adansilk.com/
recruit_lemonkai_or_jp	https://recruit.lemonkai.or.jp/
fukushi_greencoop_or_jp	https://fukushi-greencoop.or.jp/
recruit_life_design_okinawa	https://recruit.life-design.okinawa/
isaipark_heralbony_com	https://isaipark.heralbony.com/
nebane_jp	https://nebane.jp/
ohtsubo_e_com	https://ohtsubo-e.com/
careers_denso_com	https://careers.denso.com/
gate_one_co_jp	https://gate-one.co.jp/
mikurasima_portal_jp	https://mikurasima-portal.jp/
oops_jp_com	https://oops-jp.com/
cosmicb_co_jp	https://cosmicb.co.jp/
grandpalace_hirosaki_jp	https://grandpalace-hirosaki.jp/
seee_ooo	https://seee.ooo/
akita_souzounomori_com	https://akita-souzounomori.com/
thenorthface_jp	https://thenorthface.jp/
onground_special_doda_jp	https://onground-special.doda.jp/
kyuujitsu_com	https://kyuujitsu.com/
bouhan_metro_tokyo_lg_jp	https://bouhan.metro.tokyo.lg.jp/
etoehotel_com	https://etoehotel.com/
nakasokaitai_co_jp	https://nakasokaitai.co.jp/
flore_tokyo	https://flore.tokyo/
longleage_co_jp	https://longleage.co.jp/
atelier_monogoto_jp	https://atelier-monogoto.jp/
bluefarm_co_jp	https://bluefarm.co.jp/
yusinkai_or_jp	https://yusinkai.or.jp/
solamy_jp	https://solamy.jp/
uds_hotels_com	https://uds-hotels.com/
nipponkodohd_com	https://nipponkodohd.com/
bunkanodaidokoro_com	https://bunkanodaidokoro.com/
careers_nulab_com	https://careers.nulab.com/
dorokyo_info	https://dorokyo.info/
konjac_kasho_com	https://konjac-kasho.com/
transit_jp	https://transit.jp/
13g_fr	https://13g.fr/
arch_agency	https://arch.agency/
topcon_co_jp	https://topcon.co.jp/
wander_co_jp	https://wander.co.jp/
tdb_co_jp	https://tdb.co.jp/
tomorrowater_jp	https://tomorrowater.jp/
quatrecentquatre_com	https://quatrecentquatre.com/
hokkaido_ccbc_co_jp	https://hokkaido.ccbc.co.jp/
kurokawa_echoes_jp	https://kurokawa-echoes.jp/
hit_ad_co_jp	https://hit-ad.co.jp/
junni_co_jp	https://junni.co.jp/
digitalmosaik_com	https://digitalmosaik.com/
soundethics_org	https://soundethics.org/
n_up_co_jp	https://n-up.co.jp/
yasuda_re_co_jp	https://yasuda-re.co.jp/
enecloud_co_jp	https://enecloud.co.jp/
okuibuki_jp	https://okuibuki.jp/
pha5e_com	https://pha5e.com/
thermokonnect_com	https://thermokonnect.com/
ddd_live	https://ddd.live/
hosa_nagoya	https://hosa.nagoya/
unisve_it	https://unisve.it/
colette_camenisch_com	https://colette-camenisch.com/
wokine_com	https://wokine.com/
hyoumankind_co_nz	https://hyoumankind.co.nz/
airbagstudio_it	https://airbagstudio.it/
recruit_nstock_co_jp	https://recruit.nstock.co.jp/
atomis_co_jp	https://atomis.co.jp/
land_wedding_com	https://land-wedding.com/
kogashibutter_com	https://kogashibutter.com/
atledelta_com	https://atledelta.com/
aristo1994_co_jp	https://aristo1994.co.jp/
arkeale_fr	https://arkeale.fr/
exwrite_net	https://exwrite.net/
corp_opro_net	https://corp.opro.net/
q_industrial_com	https://q-industrial.com/
andhuman_co	https://andhuman.co/
reedwords_com	https://reedwords.com/
dinnerladies_com_au	https://dinnerladies.com.au/
kichinan_co_jp	https://kichinan.co.jp/
blue_yard_jp	https://blue-yard.jp/
springsummer_dk	https://springsummer.dk/
partners_re_co_jp	https://partners-re.co.jp/
mermet_eu_com	https://mermet.eu.com/
45r_jp	https://45r.jp/
delta_tokyo_co_jp	https://delta-tokyo.co.jp/
cicata_jp	https://cicata.jp/
hellagro_gr	https://hellagro.gr/
ross_nl	https://ross.nl/
mynasnacks_com	https://mynasnacks.com/
serious_business	https://serious.business/
webisoft_com	https://webisoft.com/
maeni_co_jp	https://maeni.co.jp/
tedy_app	https://tedy.app/
stewartpartners_studio	https://stewartpartners.studio/
spectrum_life	https://spectrum.life/
giats_me	https://giats.me/
intrepidautomation_com	https://intrepidautomation.com/
theartofdocumentary_com	https://theartofdocumentary.com/
halodental_com	https://halodental.com/
redbrick_coffee	https://redbrick.coffee/
pasconet_co_jp	https://pasconet.co.jp/
populous_com	https://populous.com/
talgh_co	https://talgh.co/
liplab_com	https://liplab.com/
hakubaku_zatsu_jp	https://hakubaku-zatsu.jp/
kabatafitness_webflow_io	https://kabatafitness.webflow.io/
canopyservicing_com	https://canopyservicing.com/
design_lycorp_co_jp	https://design.lycorp.co.jp/
ms_b_jp	https://ms-b.jp/
betchu_kagu_co_jp	https://betchu-kagu.co.jp/
y_staff_supply_co_jp	https://y-staff-supply.co.jp/
shioya_clinic_jp	https://shioya-clinic.jp/
tlchealthcare_com_au	https://tlchealthcare.com.au/
gelcare_com	https://gelcare.com/
cargokite_com	https://cargokite.com/
moriliving_com	https://moriliving.com/
nexon_co_jp	https://nexon.co.jp/
kvcp_jp	https://kvcp.jp/
dac_web_co_jp	https://dac-web.co.jp/
ukibynoneditions_com	https://ukibynoneditions.com/
anbeshoten_co_jp	https://anbeshoten.co.jp/
aichi_jagroup_recruit_jp	https://aichi-jagroup-recruit.jp/
mindfulconnect_jp	https://mindfulconnect.jp/
kikyougaoka_com	https://kikyougaoka.com/
kiyasuku_com	https://kiyasuku.com/
nenga2026_junni_dev	https://nenga2026.junni.dev/
brand_un_dimension_com	https://brand.un-dimension.com/
mizota_ks_com	https://mizota-ks.com/
morohoshi_site	https://morohoshi.site/
fujiya1935_com	https://fujiya1935.com/
norikura_hanabi_com	https://norikura-hanabi.com/
vtos_jp	https://vtos.jp/
tsumari_chamame_com	https://tsumari-chamame.com/
omodakaya_jp	https://omodakaya.jp/
chugaitoen_co_jp	https://chugaitoen.co.jp/
nakirishota_com	https://nakirishota.com/
architects_notahotel_com	https://architects.notahotel.com/
fa_maibara_com	https://fa-maibara.com/
omihahanosato_jp	https://omihahanosato.jp/
hub_ballaholic_jp	https://hub.ballaholic.jp/
weazer_jp	https://weazer.jp/
gaou_knock_co_jp	https://gaou.knock.co.jp/
nekogami_marumorimachi_com	https://nekogami.marumorimachi.com/
muturelism_conf_jp	https://muturelism-conf.jp/
morimori_dental_com	https://morimori-dental.com/
tea_drop_com	https://tea-drop.com/
mizuho_fg_co_jp	https://mizuho-fg.co.jp/
umao_co_jp	https://umao.co.jp/
ganso_osaka	https://ganso.osaka/
