quoitworks_com	https://quoitworks.com/
giftee_group_com	https://giftee-group.com/
recruit_zoccon_me	https://recruit.zoccon.me/
framer_com	https://framer.com/
digitalgrid_com	https://digitalgrid.com/
billboard_live_com	https://billboard-live.com/
irep_inc	https://irep.inc/
re_loop_jp	https://re-loop.jp/
jinsholdings_com	https://jinsholdings.com/
peaceput_com	https://peaceput.com/
gunze_co_jp	https://gunze.co.jp/
dokomi_de	https://dokomi.de/
3jigen_jp	https://3jigen.jp/
nami_nami_jp	https://nami-nami.jp/
aichler_jp	https://aichler.jp/
koba_clinic_jp	https://koba-clinic.jp/
mtblanc_jp	https://mtblanc.jp/
careers_kk_ems_jp	https://careers.kk-ems.jp/
tattoo_rays_com	https://tattoo-rays.com/
studiocbr_jp	https://studiocbr.jp/
felissimo_co_jp	https://felissimo.co.jp/
matsuo_komuten_co_jp	https://matsuo-komuten.co.jp/
yokohama_timberwharf_com	https://yokohama-timberwharf.com/
gaaboo_jp	https://gaaboo.jp/
oasiz_org	https://oasiz.org/
you_me_life_co_jp	https://you-me-life.co.jp/
nerd_creation_com	https://nerd-creation.com/
ikemotoshigetaka_com	https://ikemotoshigetaka.com/
picnic_motel_house_dolive_media	https://picnic-motel-house.dolive.media/
payn_io	https://payn.io/
sumitomoforestry_co_jp	https://sumitomoforestry.co.jp/
sjnkbs_co_jp	https://sjnkbs.co.jp/
details_co_jp	https://details.co.jp/
4wide_jp	https://4wide.jp/
c_rayon_com	https://c-rayon.com/
nittobutsuryu_co_jp	https://nittobutsuryu.co.jp/
midcareer_recruit_ga_tech_co_jp	https://midcareer-recruit.ga-tech.co.jp/
awahi_magazine_jp	https://awahi-magazine.jp/
use_typekit_net	https://use.typekit.net/
cipherdigital_com	https://cipherdigital.com/
wolverineworldwide_com	https://wolverineworldwide.com/
sharedan_co_jp	https://sharedan.co.jp/
22art_jp	https://22art.jp/
eleos_la	https://eleos.la/
voltlites_com	https://voltlites.com/
getblue_com	https://getblue.com/
bymonolog_com	https://bymonolog.com/
nicoli_jp	https://nicoli.jp/
neuemontreal_com	https://neuemontreal.com/
bluebank_co_jp	https://bluebank.co.jp/
aito_co_jp	https://aito.co.jp/
k_lne_st	https://k.lne.st/
price_pierce_co_uk	https://price-pierce.co.uk/
gmining_com	https://gmining.com/
konel_co_jp	https://konel.co.jp/
dotsandlines_io	https://dotsandlines.io/
fluid_glass	https://fluid.glass/
wgb_agency	https://wgb.agency/
monakadesign_com	https://monakadesign.com/
sunfluoro_co_jp	https://sunfluoro.co.jp/
lens_llc_co_jp	https://lens-llc.co.jp/
kaiseisadatoki_v4_vercel_app	https://kaiseisadatoki-v4.vercel.app/
goonsdesign_com	https://goonsdesign.com/
shikokusenki_com	https://shikokusenki.com/
vivace_inc_co_jp	https://vivace-inc.co.jp/
jp_nothing_tech	https://jp.nothing.tech/
nakatakogei_com	https://nakatakogei.com/
nakanoshimalab_jp	https://nakanoshimalab.jp/
kodomo_nacsj_or_jp	https://kodomo.nacsj.or.jp/
ymy_tea_jp	https://ymy-tea.jp/
shibuya_parco_jp	https://shibuya.parco.jp/
biccamera_com	https://biccamera.com/
lacasta_jp	https://lacasta.jp/
xgroup_co_jp	https://xgroup.co.jp/
otoden_co_jp	https://otoden.co.jp/
miitsu_city	https://miitsu.city/
mont_nozawaonsen_com	https://mont-nozawaonsen.com/
en_job_com	https://en-job.com/
generative_agents_co_jp	https://generative-agents.co.jp/
sense_trust_co_jp	https://sense-trust.co.jp/
karuizawa365_jp	https://karuizawa365.jp/
mizuya_kyoto_com	https://mizuya-kyoto.com/
palcloset_jp	https://palcloset.jp/
allureville_com	https://allureville.com/
bizpremium_newspicks_com	https://bizpremium.newspicks.com/
allright_inc_jp	https://allright-inc.jp/
y_michikusa_org	https://y-michikusa.org/
rim_jins_com	https://rim.jins.com/
tenten_fun	https://tenten.fun/
echitora_jp	https://echitora.jp/
yamakachi_com	https://yamakachi.com/
miraito_iriam_com	https://miraito.iriam.com/
unipos_co_jp	https://unipos.co.jp/
jp_chiikawa_pocket_com	https://jp.chiikawa-pocket.com/
pronets_co_jp	https://pronets.co.jp/
kuronekoyamato_co_jp	https://kuronekoyamato.co.jp/
jp_is_kagami_com	https://jp.is-kagami.com/
chiba_dojo_jp	https://chiba-dojo.jp/
glanta_glamping_com	https://glanta-glamping.com/
action_or_jp	https://action.or.jp/
antscr_co_jp	https://antscr.co.jp/
twoe_jp	https://twoe.jp/
nii_co_jp	https://nii.co.jp/
kamata_shoyu_co_jp	https://kamata-shoyu.co.jp/
j_ortho_jp	https://j-ortho.jp/
saranosono_jp	https://saranosono.jp/
tokyukuramo_jp	https://tokyukuramo.jp/
gundam_official_com	https://gundam-official.com/
shiteishiyouze_studio_site	https://shiteishiyouze.studio.site/
ricoas_co_jp	https://ricoas.co.jp/
no_company_co_jp	https://no-company.co.jp/
emberz_jp	https://emberz.jp/
sumai_es_conjapan_co_jp	https://sumai.es-conjapan.co.jp/
the610base_jp	https://the610base.jp/
stellabeaute_jp	https://stellabeaute.jp/
shinbunbu_tam_tam_co_jp	https://shinbunbu.tam-tam.co.jp/
axis_ov_films_co_jp	https://axis-ov-films.co.jp/
satoshiwatanabe_org	https://satoshiwatanabe.org/
asukamura_com	https://asukamura.com/
tennomeshi_com	https://tennomeshi.com/
cigr_co_jp	https://cigr.co.jp/
sp_shonenjump_com	https://sp.shonenjump.com/
hana_b_rave_tokyo	https://hana.b-rave.tokyo/
hoshimachi_suisei_jp	https://hoshimachi-suisei.jp/
centrair_jp	https://centrair.jp/
globalwork_jp	https://globalwork.jp/
picnicmotel_gar_ten_com	https://picnicmotel.gar-ten.com/
iyb_jp	https://iyb.jp/
layrid_tomoyaokada_com	https://layrid.tomoyaokada.com/
rtw_nihon_shuji_or_jp	https://rtw.nihon-shuji.or.jp/
lamac_co_jp	https://lamac.co.jp/
brain_forest_net	https://brain-forest.net/
minagasakinagasaki_jp	https://minagasakinagasaki.jp/
50th_runners_co_jp	https://50th.runners.co.jp/
tokyu_renewal_co_jp	https://tokyu-renewal.co.jp/
official_luxetime_star_com	https://official.luxetime-star.com/
recruit_dimps_co_jp	https://recruit.dimps.co.jp/
kawaguchigiken_co_jp	https://kawaguchigiken.co.jp/
meibi_co_jp	https://meibi.co.jp/
hiragino_screen_co_jp	https://hiragino.screen.co.jp/
oluproducts_com	https://oluproducts.com/
studio_spoon_co_jp	https://studio-spoon.co.jp/
ginger_sakatashop_jp	https://ginger.sakatashop.jp/
culinary_ac_jp	https://culinary.ac.jp/
storybook_gosaiji_kenshin_com	https://storybook.gosaiji-kenshin.com/
koei_con_co_jp	https://koei-con.co.jp/
hunter_hunter_100million_cp_shonenjump_com	https://hunter-hunter-100million-cp.shonenjump.com/
2nd_anniv_18trip_jp	https://2nd-anniv.18trip.jp/
not_here_jp	https://not-here.jp/
uniplex_jp	https://uniplex.jp/
tera_energy_com	https://tera-energy.com/
jp_loccitane_com	https://jp.loccitane.com/
wellness_arao_com	https://wellness-arao.com/
kumariva_com	https://kumariva.com/
algo_artis_com	https://algo-artis.com/
itplus_co_jp	https://itplus.co.jp/
kuniokun_jp	https://kuniokun.jp/
safe_table_statement_jp	https://safe-table-statement.jp/
tamura_ikuho_com	https://tamura-ikuho.com/
panzoo_net	https://panzoo.net/
yoshito_illustration_com	https://yoshito-illustration.com/
thefoundation_house	https://thefoundation.house/
cash_app	https://cash.app/
getnauta_com	https://getnauta.com/
limeiq_com	https://limeiq.com/
gethyped_nl	https://gethyped.nl/
brandappart_com	https://brandappart.com/
glyphic_bio	https://glyphic.bio/
wisprflow_ai	https://wisprflow.ai/
ryden_co_jp	https://ryden.co.jp/
thefamilycg_com	https://thefamilycg.com/
trymeridian_com	https://trymeridian.com/
amritpalace_com	https://amritpalace.com/
tetopaint_jp	https://tetopaint.jp/
sumiyoshitaisha_jp	https://sumiyoshitaisha.jp/
anywhere_goodpatch_com	https://anywhere.goodpatch.com/
okayamaartsummit_jp	https://okayamaartsummit.jp/
luxuna2021_com	https://luxuna2021.com/
growin_jp	https://growin.jp/
niwacan_jp	https://niwacan.jp/
las_recruit_jp	https://las-recruit.jp/
spiral_cap_com	https://spiral-cap.com/
arflex_co_jp	https://arflex.co.jp/
infobahn_co_jp	https://infobahn.co.jp/
nh_ss_co_jp	https://nh-ss.co.jp/
saab_group_jp	https://saab-group.jp/
bitnb_io	https://bitnb.io/
shimz_co_jp	https://shimz.co.jp/
soil_net_jp	https://soil-net.jp/
mt_webdesign_ru	https://mt-webdesign.ru/
untold_site	https://untold.site/
bravepeople_co	https://bravepeople.co/
beardpapa_jp	https://beardpapa.jp/
yamamotocamera_jp	https://yamamotocamera.jp/
pegasus_clinic_com	https://pegasus-clinic.com/
nacsj_or_jp	https://nacsj.or.jp/
canvas_inc_co	https://canvas-inc.co/
heimdallpower_com	https://heimdallpower.com/
hscnet_co_jp	https://hscnet.co.jp/
habito_studio	https://habito.studio/
est_est_co_jp	https://est-est.co.jp/
cgf_fcc_ca	https://cgf-fcc.ca/
thedrake_ca	https://thedrake.ca/
conversationdesigninstitute_com	https://conversationdesigninstitute.com/
genda_jp	https://genda.jp/
ineo_sense_com	https://ineo-sense.com/
dashline_tech	https://dashline.tech/
brant_paints_webflow_io	https://brant-paints.webflow.io/
biotope_co_jp	https://biotope.co.jp/
global_link_m_com	https://global-link-m.com/
innovative_space_carrier_co_jp	https://innovative-space-carrier.co.jp/
ut_ec_co_jp	https://ut-ec.co.jp/
harimanics_co_jp	https://harimanics.co.jp/
lenz_co_jp	https://lenz-co.jp/
nosigner_com	https://nosigner.com/
store_ontime_move_watch	https://store.ontime-move.watch/
jiichiro_shop_com	https://jiichiro-shop.com/
hitoba_office_com	https://hitoba-office.com/
toyokoh_com	https://toyokoh.com/
dify_ai	https://dify.ai/
fjpcomm_framer_website	https://fjpcomm.framer.website/
careers_bizreach_co_jp	https://careers.bizreach.co.jp/
returntonature_jp	https://returntonature.jp/
gkc_ca	https://gkc.ca/
adcker_com	https://adcker.com/
monomode_co_jp	https://monomode.co.jp/
colabs_com_au	https://colabs.com.au/
silana_com	https://silana.com/
diskgarage_com	https://diskgarage.com/
kraemeracademy_com	https://kraemeracademy.com/
grupposaida_it	https://grupposaida.it/
t1energy_com	https://t1energy.com/
syncity_co_jp	https://syncity.co.jp/
alceo_simplex_inc	https://alceo.simplex.inc/
oricom_co_jp	https://oricom.co.jp/
multiple_work	https://multiple.work/
tranzition_agency	https://tranzition.agency/
hempelfoundation_com	https://hempelfoundation.com/
recruit_ohno_or_jp	https://recruit.ohno.or.jp/
ichinobo_com	https://ichinobo.com/
cartazero_co_jp	https://cartazero.co.jp/
terminal_industries_com	https://terminal-industries.com/
prototypestudio_fr	https://prototypestudio.fr/
madarplatform_com	https://madarplatform.com/
atlason_com	https://atlason.com/
markwoodland_com_au	https://markwoodland.com.au/
luminaireauthentik_com	https://luminaireauthentik.com/
karocrafts_com	https://karocrafts.com/
givee_co_jp	https://givee.co.jp/
corp_crowdloan_jp	https://corp.crowdloan.jp/
shuku_kokon_com	https://shuku-kokon.com/
cinedept_com	https://cinedept.com/
plantsandcrafts_dougukan_jp	https://plantsandcrafts.dougukan.jp/
beamscreative_jp	https://beamscreative.jp/
mbs_jp	https://mbs.jp/
zeitmedia_vn	https://zeitmedia.vn/
ds_k_site	https://ds-k.site/
firstdigital_co_jp	https://firstdigital.co.jp/
beatfic_jp	https://beatfic.jp/
upvege_com	https://upvege.com/
nissanmotor_jobs	https://nissanmotor.jobs/
seiwaceramics_com	https://seiwaceramics.com/
parade_kyoto	https://parade.kyoto/
hirono_iwc_co_jp	https://hirono-iwc.co.jp/
cross_value_co_jp	https://cross-value.co.jp/
kobe_yakult_co_jp	https://kobe-yakult.co.jp/
chdartmaker_com	https://chdartmaker.com/
osmo_supply	https://osmo.supply/
yokohamatriathlon_jp	https://yokohamatriathlon.jp/
j_security_co_jp	https://j-security.co.jp/
glctateya_com	https://glctateya.com/
bansyoukaku_sikisima_co_jp	https://bansyoukaku-sikisima.co.jp/
iro_inc_jp	https://iro-inc.jp/
sekigaharaningenmura_jp	https://sekigaharaningenmura.jp/
nosson_jp	https://nosson.jp/
sola_resort_com	https://sola-resort.com/
occupied_unadsgn_tw	https://occupied.unadsgn.tw/
ium_jp	https://ium.jp/
melt_interface_com	https://melt-interface.com/
infocusinc_com	https://infocusinc.com/
gyokuro_s_com	https://gyokuro-s.com/
nob_sakuma_com	https://nob-sakuma.com/
maigawara_com	https://maigawara.com/
dfy_co_kr	https://dfy.co.kr/
coralcap_co	https://coralcap.co/
yourcityisgood_com	https://yourcityisgood.com/
saiseikai_gr_jp	https://saiseikai.gr.jp/
takenaka_foodware_jp	https://takenaka-foodware.jp/
zeroten_jp	https://zeroten.jp/
tau_kumamoto_com	https://tau-kumamoto.com/
hive_jpn_com	https://hive.jpn.com/
lits_jp_com	https://lits-jp.com/
tsukaji_kenchiku_com	https://tsukaji-kenchiku.com/
studiodado_com	https://studiodado.com/
corekara_co_jp	https://corekara.co.jp/
propertyagent_co_jp	https://propertyagent.co.jp/
security_himeji_jp	https://security-himeji.jp/
yurumaru_life	https://yurumaru.life/
sales_dex_jp	https://sales-dex.jp/
counter_digital_jp	https://counter-digital.jp/
yaizu_ortho_com	https://yaizu-ortho.com/
subaru_co_jp	https://subaru.co.jp/
kurobe_emutech_com	https://kurobe-emutech.com/
sukima_tokyo_jp	https://sukima.tokyo.jp/
integratedbiosciences_com	https://integratedbiosciences.com/
mindmarket_com	https://mindmarket.com/
ai_model_jp	https://ai-model.jp/
tokyu_recruit_jp	https://tokyu-recruit.jp/
shamaison_com	https://shamaison.com/
recruit_positive_co_jp	https://recruit.positive.co.jp/
samco_co_jp	https://samco.co.jp/
enetopia_jp	https://enetopia.jp/
inouekabu_com	https://inouekabu.com/
okuju_partners_com	https://okuju-partners.com/
e_729_com	https://e-729.com/
estrela_studio	https://estrela.studio/
wheregiantsroam_co_uk	https://wheregiantsroam.co.uk/
yayoi_kk_co_jp	https://yayoi-kk.co.jp/
landonorris_com	https://landonorris.com/
shindogumi_com	https://shindogumi.com/
knotus_jp	https://knotus.jp/
saiyou_yomiuri_co_jp	https://saiyou.yomiuri.co.jp/
kasiasiwosz_com	https://kasiasiwosz.com/
rightdesigninc_com	https://rightdesigninc.com/
recruit_coalition_group_jp	https://recruit.coalition-group.jp/
ima_inc_world	https://ima-inc.world/
momentia_jp	https://momentia.jp/
grandereverie_jp	https://grandereverie.jp/
takedahp_or_jp	https://takedahp.or.jp/
jin_din_rou_net	https://jin-din-rou.net/
yamatoen_or_jp	https://yamatoen.or.jp/
energy_life_co_jp	https://energy-life.co.jp/
anjalirokko_jp	https://anjalirokko.jp/
recruit_unisia_co_jp	https://recruit.unisia.co.jp/
newbird_co_kr	https://newbird.co.kr/
satebiz_com	https://satebiz.com/
kaneyama_kankou_ne_jp	https://kaneyama-kankou.ne.jp/
j_akiya_jp	https://j-akiya.jp/
fumino_b_rave_tokyo	https://fumino.b-rave.tokyo/
shinka_masumi_jp	https://shinka-masumi.jp/
yhmf_jp	https://yhmf.jp/
in_pro_co_jp	https://in-pro.co.jp/
misakigumi_com	https://misakigumi.com/
follow_art	https://follow.art/
uchida_sangyou_co_jp	https://uchida-sangyou.co.jp/
shibuyastreetlive_jp	https://shibuyastreetlive.jp/
unidge_co_jp	https://unidge.co.jp/
obsidianassembly_com	https://obsidianassembly.com/
aupalevodka_com	https://aupalevodka.com/
worldquantfoundry_com	https://worldquantfoundry.com/
toyota_film_commission_jp	https://toyota-film-commission.jp/
generosity_co_jp	https://generosity.co.jp/
archidomo_fr	https://archidomo.fr/
takachu_co_jp	https://takachu.co.jp/
service_sumu_hotel_com	https://service.sumu-hotel.com/
gnmd_com	https://gnmd.com/
soine_jp	https://soine.jp/
oci_madebybuzzworthy_com	https://oci.madebybuzzworthy.com/
paradegroup_ru	https://paradegroup.ru/
ykproduce_co_jp	https://ykproduce.co.jp/
recruit_hakuten_co_jp	https://recruit.hakuten.co.jp/
freedom_x_co_jp	https://freedom-x.co.jp/
dulcedo_com	https://dulcedo.com/
jaftas_jp	https://jaftas.jp/
telhaclarke_com_au	https://telhaclarke.com.au/
toshiba_elevator_co_jp	https://toshiba-elevator.co.jp/
goodlifemeds_com	https://goodlifemeds.com/
kbc_co_jp	https://kbc.co.jp/
f_kenchou_st_com	https://f-kenchou-st.com/
alpha_plaid_co_jp	https://alpha.plaid.co.jp/
veryman_jp	https://veryman.jp/
kajimanomori_co_jp	https://kajimanomori.co.jp/
andlabdesign_com	https://andlabdesign.com/
lany_co_jp	https://lany.co.jp/
orixrentec_jp	https://orixrentec.jp/
atsugi_co_jp	https://atsugi.co.jp/
lespros_co_jp	https://lespros.co.jp/
the_tawaraya_jp	https://the-tawaraya.jp/
dylanbrouwer_design	https://dylanbrouwer.design/
azumagumi_co_jp	https://azumagumi.co.jp/
unicell_co_jp	https://unicell.co.jp/
gokokumai_co_jp	https://gokokumai.co.jp/
hotel_uro_jp	https://hotel-uro.jp/
papertiger_com	https://papertiger.com/
bartoszkolenda_com	https://bartoszkolenda.com/
blockstudio_tw	https://blockstudio.tw/
funakoshi_naika_net	https://funakoshi-naika.net/
yamacs_co_jp	https://yamacs.co.jp/
niwaya_co_jp	https://niwaya.co.jp/
creativewebmanual_com	https://creativewebmanual.com/
fonts_gstatic_com	https://fonts.gstatic.com/
lecip_co_jp	https://lecip.co.jp/
katsura_roller_co_jp	https://katsura-roller.co.jp/
mozillafoundation_org	https://mozillafoundation.org/
fieldstudiesflora_com	https://fieldstudiesflora.com/
marcmorro_com	https://marcmorro.com/
environmentbank_com	https://environmentbank.com/
