sasaki_shiko_co_jp	https://sasaki-shiko.co.jp/
artie_co_jp	https://artie.co.jp/
www_delfonics_com	https://www.delfonics.com/
rollbahn_jp_25th	https://rollbahn.jp/25th/
sobajima_jp_120th_anniversary	https://sobajima.jp/120th-anniversary/
nakamura_seihakusho_co_jp	https://nakamura-seihakusho.co.jp/
www_ando_shippo_co_jp	https://www.ando-shippo.co.jp/
tamagaway_jp	https://tamagaway.jp/
terada_knit_co_jp	https://terada-knit.co.jp/
furu1940_co_jp	https://furu1940.co.jp/
www_dnp_ds_co_jp	https://www.dnp-ds.co.jp/
kyoshin_elle_com	https://kyoshin-elle.com/
www_seiban_co_jp	https://www.seiban.co.jp/
www_kokuyo_com_furniture_brand_anyway	https://www.kokuyo.com/furniture/brand/anyway/
www_graf_d3_com	https://www.graf-d3.com/
