buddies	https://wearebuddies.net/
gakugei	https://gakugeinomori-coe.com/
hanamaru	https://www.hanamarugroup.jp/hanamaru/
ikeda	https://ikeda-hifuka.com/
kase	https://seigaku.jp/kase/
kobe-wu	https://www.kobe-wu.ac.jp/
koran	https://www.koran.ed.jp/
linie	https://schule.linie-group.jp/
lumiarch	https://lumiarch.ntt-east.co.jp/
meikei	https://meikei.ac.jp/
meisei-es	https://www.meisei.ac.jp/es/
meisei-kg	https://www.meisei.ac.jp/kg/
musashino	https://www.musashino-u.ed.jp/
nakamura	https://hotel.nakamura-s.ac.jp/
odrive	https://www.otemon-jh.ed.jp/o-drive/
ogawa	https://ogawa-vineyard.studio.site/
r-reha	https://r-reha.jp/
sanrio	https://www.sanrio-entertainment.co.jp/recruit/
sho_atama	https://www.atama.plus/
sho_eccjr	https://www.eccjr.co.jp/
sho_eikenacademy	https://www.eiken-academy.com/
sho_eikoh	https://www.eikoh-seminar.com/
sho_gakken	https://www.889100.com/
sho_globalcrown	https://www.global-crown.com/
sho_hanamaru	https://www.hanamarugroup.jp/hanamaru/
sho_hatchlink	https://www.hatchlinkjr.com/
sho_kidsduo	https://www.kidsduo.com/
sho_kimini	https://kimini.online/
sho_kumon	https://www.kumon.ne.jp/
sho_meiko	https://www.meikogijuku.jp/
sho_nichinoken	https://www.nichinoken.co.jp/
sho_novakid	https://novakid.jp/
sho_peppy	https://www.peppy-kids.com/
sho_ripple	https://ripple-kidspark.com/
sho_risu	https://www.risu-japan.com/
sho_sapuri	https://studysapuri.jp/course/elementary/
sho_seiha	https://www.seiha.com/
sho_shane	https://www.shane.co.jp/kids/
sho_smilezemi	https://smile-zemi.jp/shogaku/
sho_winbe	https://www.winbe.jp/
sho_zkai	https://www.zkai.co.jp/el/
shoei	https://www.glory-shoei.ac.jp/
steamstudio	https://steam-studio.net/
tanq	https://tanqgakusha.jp/
unico	https://unico-jp.net/
yamanomi	https://yamanomi-hoiku.com/
yugao	https://paris-yugao.jp/
izanami_official_com	https://izanami-official.com/
spark_journal_kddi_com	https://spark-journal.kddi.com/
dmj_japan_co_jp	https://dmj-japan.co.jp/recruit/
giftee_co_jp	https://giftee.co.jp/
corp_ezobolic_jp	https://corp.ezobolic.jp/
mud_co_jp	https://mud.co.jp/
wandy_co_jp	https://wandy.co.jp/
nippon_shinyaku_co_jp	https://www.nippon-shinyaku.co.jp/recruit/
etoha_lab_co_jp	https://etoha-lab.co.jp/
tyo_co_jp	https://tyo.co.jp/recruit/
rgf_professional_jp	https://www.rgf-professional.jp/
wewewe_jp	https://wewewe.jp/
delfonics_com	https://www.delfonics.com/
symdirect_co_jp	https://www.symdirect.co.jp/
gizmodo_jp	https://www.gizmodo.jp/
benjamincreative_me	https://benjamincreative.me/
aaa11y_com	https://www.aaa11y.com/
sstr_tech	https://sstr.tech/
madewithgsap_com	https://madewithgsap.com/
nudot_com_tw	https://nudot.com.tw/
afuribrewing_com	https://afuribrewing.com/
fukujo_ac_jp	https://www.fukujo.ac.jp/university/juken/
popisyousakae_com	https://popisyousakae.com/
hys_inc_jp	https://hys-inc.jp/
aimservices_co_jp	https://www.aimservices.co.jp/50th/
eightdesign_co_jp	https://eightdesign.co.jp/
tokusha_jp	https://tokusha.jp/
collegehouse_osaka_com	https://www.collegehouse-osaka.com/
positive_co_jp	https://www.positive.co.jp/
recruit_kokuyo_com	https://recruit.kokuyo.com/
switch_onlife_jp	https://switch-onlife.jp/
irka_co_jp	https://irka.co.jp/
gliq_co_jp	https://gliq.co.jp/
lotte_co_jp	https://www.lotte.co.jp/products/brand/drplayful/
jillion_co_jp	https://jillion.co.jp/
viva_next_com	https://viva-next.com/
sgkz_or_jp	https://www.sgkz.or.jp/develop/
ginnomori_info	https://ginnomori.info/ludique/
sorato_nadc_com	https://sorato-nadc.com/
foton_jp	https://www.foton.jp/
kaneko_optical_co_jp	https://www.kaneko-optical.co.jp/sabae-world/
eigamura_com	https://eigamura.com/
okuaizu_sedomori_com	https://okuaizu-sedomori.com/
gashimaga_jp	https://gashimaga.jp/
recruit_eiwa_housing_co_jp	https://recruit.eiwa-housing.co.jp/
corotaka_jp	https://corotaka.jp/
dendai_ac_jp	https://www.dendai.ac.jp/evening/
kagari_kisshotei_com	https://kagari-kisshotei.com/
hoshizaki_co_jp	https://www.hoshizaki.co.jp/
hikinikutocome_com	https://hikinikutocome.com/
ha_ko_co_jp	https://ha-ko.co.jp/
aoyagiuirou_co_jp	https://aoyagiuirou.co.jp/
yokotanojo_co_jp	https://yokotanojo.co.jp/
nakamura_seihakusho_co_jp	https://nakamura-seihakusho.co.jp/
corp_crisp_co_jp	https://corp.crisp.co.jp/
unagipai_factory_jp	https://unagipai-factory.jp/
terasu_dental_com	https://terasu-dental.com/
hirakata_okina_com	https://hirakata-okina.com/
sanikleen_co_jp	https://sanikleen.co.jp/recruit/honbu/
kamadojinja_or_jp	https://kamadojinja.or.jp/
atamisekaie_jp	https://atamisekaie.jp/
hellocycling_jp	https://hellocycling.jp/
pentel_co_jp	https://pentel.co.jp/
backpackersjapan_co_jp	https://backpackersjapan.co.jp/
midori_so	https://midori.so/
book_and_hair_com	https://book-and-hair.com/
f_bc_jp	https://f-bc.jp/
yonayonaale_com	https://yonayonaale.com/
tenjinminami_dental_jp	https://tenjinminami-dental.jp/
salanaru_jp	https://salanaru.jp/
apple_q_jp	https://apple-q.jp/
hachi_buttersand_com	https://hachi.buttersand.com/
nution_persol_career_co_jp	https://nution.persol-career.co.jp/
fp_con_co_jp	https://fp-con.co.jp/
tamagaway_jp	https://tamagaway.jp/
terada_knit_co_jp	https://terada-knit.co.jp/
moheim_com	https://moheim.com/jp/
store_palette_com	https://store-palette.com/
hta_program_jp	https://hta-program.jp/
bunkafp_2025_studio_site	https://bunkafp-2025.studio.site/
mycampus_jue_ac_jp	https://mycampus.jue.ac.jp/
change_agent_shinagawajoshigakuin_jp	https://change-agent.shinagawajoshigakuin.jp/
mejiro_ac_jp	https://www.mejiro.ac.jp/univ/mejinavi2026/
nca_ac_jp	https://www.nca.ac.jp/
hozuminomori_jp	https://hozuminomori.jp/
buncomo_jp	https://buncomo.jp/
keisen_chouri_com	https://keisen-chouri.com/
kobegakuin_ac_jp	https://www.kobegakuin.ac.jp/2026newcampus/
tid_ac_jp	https://www.tid.ac.jp/
hazeruassabu_com	https://hazeruassabu.com/
kobedenshi_ac_jp	https://www.kobedenshi.ac.jp/
joshibi_cp_net	https://joshibi-cp.net/
school_kawa_sui_com	https://school.kawa-sui.com/
sotsuten_archive_kds_ac_jp	https://www.sotsuten-archive.kds.ac.jp/students/
gotoschool_co_jp	https://gotoschool.co.jp/
sculpture_tamabi_ac_jp	https://sculpture.tamabi.ac.jp/home
esmodtokyo_com	https://esmodtokyo.com/
poupelle_kids_jp	https://poupelle-kids.jp/
assemblage_kyoto	https://assemblage.kyoto/
utsuho_academy_com	https://utsuho-academy.com/
natori_ed_jp	https://www.natori.ed.jp/
tomisoro_com	https://tomisoro.com/
seieigakuen_com	https://seieigakuen.com/
onoyou_jp	https://onoyou.jp/
integrated_jp	https://integrated.jp/
solanomachi_com	https://solanomachi.com/
biz_schoola_jp	https://biz.schoola.jp/
biima_co_jp	https://biima.co.jp/sports/
licgrow_jp	https://licgrow.jp/
icore_inc_jp	https://icore-inc.jp/
oit_ac_jp	https://www.oit.ac.jp/japanese/juken/wakaranai/
kikasete_journey_jp	https://kikasete-journey.jp/
abi_sta_com	https://www.abi-sta.com/online_lesson/
park_itc_u_tokyo_ac_jp	https://park.itc.u-tokyo.ac.jp/createthefuture/
kankyo_joshibi_net	http://kankyo.joshibi.net/
brand_studysapuri_jp	https://brand.studysapuri.jp/
she_inc_co_jp	https://she-inc.co.jp/
icc_ac_jp	https://www.icc.ac.jp/
music_kawai_jp	https://music.kawai.jp/
garden_baika_ac_jp	https://garden.baika.ac.jp/
nokai_jp	https://nokai.jp/elementary-english/
arts_kusa_ac_jp	https://arts.kusa.ac.jp/
miss_paris_omiya_ac_jp	http://www.miss-paris-omiya.ac.jp/
hakubi_net	http://www.hakubi.net/
astomosgroup_logistics_recruit_jp	https://astomosgroup-logistics-recruit.jp/
saito_c_com	https://saito-c.com/
new_humanities_kyoto_seika_ac_jp	https://new-humanities.kyoto-seika.ac.jp/
asahiyushi_com	https://www.asahiyushi.com/
recruit_jreast_co_jp	https://recruit.jreast.co.jp/
movel_jp	https://www.movel.jp/
jp_marugame_com	https://jp.marugame.com/mochi-mochi-lab/
hkt_co_jp	https://www.hkt.co.jp/
hba_co_jp	https://www.hba.co.jp/recruit/
recruit_hakuhodody_one_co_jp	https://recruit.hakuhodody-one.co.jp/
recruit_asuzacgroup_jp	https://recruit.asuzacgroup.jp/highschool/
jra_fun_jp	https://jra-fun.jp/umajob/
usinc_jp	https://usinc.jp/
daiwakasei_net	https://daiwakasei.net/
hoegaarden_jp	https://hoegaarden.jp/
cow_aka_jp	https://cow-aka.jp/
boku_to_watashi_and_com	https://boku-to-watashi-and.com/
kkday_com	https://www.kkday.com/ja/corp/
kakomutaku_studio_site	https://kakomutaku.studio.site/
shinanotech_co_jp	https://shinanotech.co.jp/
solu_co_jp	https://solu.co.jp/
ohtake_ac_jp	https://www.ohtake.ac.jp/
sauna_ikitai_com	https://sauna-ikitai.com/special/mikaku/
tanpopoen_net	https://www.tanpopoen.net/
sakura_39_recruit_jp	https://sakura-39-recruit.jp/career/
morinagakodomo_com	https://morinagakodomo.com/
pikkasinternational_com	https://pikkasinternational.com/
mikotohoikuen_net	https://mikotohoikuen.net/
fukutakodomo_com	https://fukutakodomo.com/
oita_yamanote_com	https://oita-yamanote.com/
kazenoko8_com	https://kazenoko8.com/
uomi_jp	https://uomi.jp/
omori_sakura_iwamiginzan_jp	https://omori-sakura.iwamiginzan.jp/
kurashiki_narasaho_c_ac_jp	https://kurashiki.narasaho-c.ac.jp/
nikkei_com	https://www.nikkei.com/promotion/education/
gakuen_toyota_shokki_co_jp	https://gakuen.toyota-shokki.co.jp/
shigaku_tokyo_or_jp	https://www.shigaku-tokyo.or.jp/
sdb_chuo_u_ac_jp	https://sdb.chuo-u.ac.jp/
nippori_lamm_tokyo	https://nippori.lamm.tokyo/
college8_jp	https://college8.jp/
60th_kyoto_su_com	https://60th-kyoto-su.com/
dhw_ac_jp	https://www.dhw.ac.jp/
media_arts_ac_jp	https://media-arts.ac.jp/
www2_mejiro_ac_jp	https://www2.mejiro.ac.jp/univ/mejinavi2025/
akatsuki_gakuen_com	https://www.akatsuki-gakuen.com/
smilebaton_co_jp	https://smilebaton.co.jp/
uzuz_holdings_jp	https://uzuz-holdings.jp/
group_kyoshin_co_jp	https://group.kyoshin.co.jp/
kokushikan_ac_jp	https://www.kokushikan.ac.jp/
bun_kyoto_u_ac_jp	https://www.bun.kyoto-u.ac.jp/
recruit_nichinoken_kansai_jp	https://recruit-nichinoken-kansai.jp/
next100_shijonawate_gakuen_ac_jp	https://next100.shijonawate-gakuen.ac.jp/
speakbuddy_com	https://www.speakbuddy.com/
kodo_academy_nissili_co_jp	https://kodo-academy.nissili.co.jp/
mauinterview_musabi_ac_jp	https://mauinterview.musabi.ac.jp/
school_dhw_co_jp	https://school.dhw.co.jp/p/honka_reframe/
mito_ac_jp	https://www.mito.ac.jp/70th-anniversary/
shonan_it_ac_jp	https://www.shonan-it.ac.jp/oc/2026/
miyakawa_lab_com	https://miyakawa-lab.com/
idd_tamabi_ac_jp	https://www.idd.tamabi.ac.jp/design/exhibit/gw26/
yfc_iwasaki_ac_jp	https://yfc.iwasaki.ac.jp/fc/
ichigaya_musabi_ac_jp	https://ichigaya.musabi.ac.jp/
tegamishaschool_com	https://www.tegamishaschool.com/
uzuz_college_jp	https://uzuz-college.jp/
baika_ac_jp	https://www.baika.ac.jp/performing-arts/
100th_kindai_ac_jp	https://100th.kindai.ac.jp/
internet_ac_jp	https://www.internet.ac.jp/
kyuigi_ac_jp	https://kyuigi.ac.jp/
seesaw_konan_wu_ac_jp	https://seesaw.konan-wu.ac.jp/
jsh_kyoto_su_ac_jp	https://jsh.kyoto-su.ac.jp/
comone_thers_ac_jp	https://comone.thers.ac.jp/
shintetsu_co_jp	https://www.shintetsu.co.jp/
salad_bowl_jp	https://www.salad-bowl.jp/recruit/
tsuklio_com	https://www.tsuklio.com/
la_viepure_com	https://www.la-viepure.com/
shinanomachi_iju_jp	https://shinanomachi-iju.jp/
asobisystem_com	https://asobisystem.com/natsuasobi/
portal_town_asakawa_fukushima_jp	https://portal.town.asakawa.fukushima.jp/
shogunpizza_com	https://shogunpizza.com/
tokyu_co_jp	https://www.tokyu.co.jp/special/kodomotto/
odekake_artmuseums_go_jp	https://odekake.artmuseums.go.jp/
c_morinosato_com	https://c-morinosato.com/
keishicho_metro_tokyo_lg_jp	https://www.keishicho.metro.tokyo.lg.jp/saiyo/
seavege_stand_com	https://seavege-stand.com/
mount_jp	https://mount.jp/
nahamaguro_com	https://nahamaguro.com/
yuppa_co_jp	https://yuppa.co.jp/
neie_jp	https://neie.jp/
shirahone_org	https://www.shirahone.org/
ueshima_coffee_ten_jp	https://www.ueshima-coffee-ten.jp/
2029mag_musabi_ac_jp	https://2029mag.musabi.ac.jp/
suzuki_ladies_clinic_jp	https://suzuki-ladies-clinic.jp/
amano_clinic_jp	https://amano-clinic.jp/
futami_akashi_lib_jp	https://futami-akashi-lib.jp/
suzunoren_kisoji_co_jp	https://suzunoren.kisoji.co.jp/
hamanishi_golfclub_co_jp	https://www.hamanishi-golfclub.co.jp/
fornext_inc	https://fornext.inc/
weddingfilm_me	https://weddingfilm.me/
kirigumi_co_jp	https://kirigumi.co.jp/
vivace_love_com	https://www.vivace-love.com/
nakamurakentaro_com	https://nakamurakentaro.com/
bee_tribe_jp	https://bee-tribe.jp/
univelhd_co_jp	https://www.univelhd.co.jp/
hy_stars_jp	https://hy-stars.jp/
nukumori_clinic_jp	https://nukumori-clinic.jp/
unison_career_jp	https://unison-career.jp/shukatsu-media/
maruhan_co_jp	https://www.maruhan.co.jp/recruit/east-japan/newgraduate/
spica_inc_jp	https://www.spica-inc.jp/
ift_kk_co_jp	https://www.ift-kk.co.jp/
unite_partners_co_jp	https://unite-partners.co.jp/
restaurant_nelu_osaka	https://restaurant.nelu.osaka/
rebita_co_jp	https://www.rebita.co.jp/
ideasoken_or_jp	https://www.ideasoken.or.jp/
renxa_co_jp	https://renxa.co.jp/
jinsmeme_com	https://jinsmeme.com/
aimoriyama_com	https://aimoriyama.com/
yonnana_today	https://yonnana.today/
wellz_united_jp	https://www.wellz-united.jp/
replenish_crispsaladworks_com	https://replenish.crispsaladworks.com/
seki_sou_com	https://seki-sou.com/
castlestay_jp	https://www.castlestay.jp/
12_office_com	https://12-office.com/
i_couleur_co_jp	https://i-couleur.co.jp/color12/
samukawajinjya_jp	http://samukawajinjya.jp/
sodaterutowel_com	https://sodaterutowel.com/
tokyu_green_resort_com	https://www.tokyu-green-resort.com/
inabe_ageki_base_com	https://inabe-ageki-base.com/
meoto_jp	https://meoto.jp/
clend_jp	https://clend.jp/
hoshinoresorts_com	https://hoshinoresorts.com/jp/recruit/
ando_shippo_co_jp	https://www.ando-shippo.co.jp/
workersresort_com	https://www.workersresort.com/
sakurafudousan_jp	https://sakurafudousan.jp/
yourkins_com	https://yourkins.com/
nekoneko_pharmacy_com	https://nekoneko-pharmacy.com/
tokaikisen_co_jp	https://www.tokaikisen.co.jp/tokaikisen-group10th/
ponycanyon_biz	https://www.ponycanyon.biz/
furazoa_com	https://furazoa.com/recruit/
jointoenjoy_co_jp	https://jointoenjoy.co.jp/
foodison_jp	https://foodison.jp/
toda_co_jp	https://www.toda.co.jp/recruit/fresh/
craftcorp_jp	https://craftcorp.jp/
analoguefoundation_com	https://analoguefoundation.com/ja/
suntory_co_jp	https://www.suntory.co.jp/factory/hakushu-sanctuary/
park_community_smarthr_jp	https://park-community.smarthr.jp/
fukuibank_co_jp	https://www.fukuibank.co.jp/lp/fbkapp/
chugin_co_jp	https://www.chugin.co.jp/inbanhelp/lp/chuginapp/
kyosai_cc_or_jp	https://www.kyosai-cc.or.jp/yakusoku/campaign.html
mucho_koikeya_co_jp	https://mucho.koikeya.co.jp/
purepotato_koikeya_co_jp	https://purepotato.koikeya.co.jp/
koikeya_pridepotato_jp	https://koikeya-pridepotato.jp/
dontacos_koikeya_co_jp	https://dontacos.koikeya.co.jp/
tkg_sanpai_com	https://tkg-sanpai.com/
cp_pocky_jp	https://cp.pocky.jp/2026-heart/
soda_garden_studio_site	https://soda-garden.studio.site/
musashinobank_co_jp	https://www.musashinobank.co.jp/lp/bank_app/
fabric_tokyo_com	https://fabric-tokyo.com/lp/tokyo_suit-jersey
hokueikai_or_jp	https://hokueikai.or.jp/
infinity_therapist_com	https://infinity-therapist.com/
misumi_law_com	https://misumi-law.com/
hayakawa_lawoffice_com	https://hayakawa-lawoffice.com/
6mi_dental_com	https://6mi-dental.com/
agu_hair_com	https://agu-hair.com/recruit_/
alfa_teccs_co_jp	https://www.alfa-teccs.co.jp/
moshiyado_com	https://moshiyado.com/
robotpayment_co_jp	https://www.robotpayment.co.jp/recruit/
tsunagu_shadan_com	https://tsunagu-shadan.com/strength/
funabuse_or_jp	https://www.funabuse.or.jp/
all_souai_or_jp	https://www.all-souai.or.jp/kinen/10_pci/index.html
yuasakensetsu_com	https://www.yuasakensetsu.com/
maruishi_tax_jp	https://maruishi-tax.jp/
futabam_co_jp	https://www.futabam.co.jp/
jmc_ltd_co_jp	https://www.jmc-ltd.co.jp/
recruit_tver_co_jp	https://recruit.tver.co.jp/
mwcc_jp	https://mwcc.jp/
yutoribi_com	https://yutoribi.com/
jeki_co_jp	https://www.jeki.co.jp/field/mirai_lab/
atarimae_kanko_com	https://atarimae-kanko.com/tsurekisei/
kawaii_yoichi_com	https://kawaii-yoichi.com/
brand_shiseido_co_jp	https://brand.shiseido.co.jp/ultimune-promotion26-lisa.html
nama_chee_koikeya_co_jp	https://nama-chee.koikeya.co.jp/
meganeichiba_jp	https://www.meganeichiba.jp/lp/sunglasses/
madoka_magica_com	https://www.madoka-magica.com/wr/
trend_3d_com	https://trend-3d.com/lp/
das_dragon_cs_com	https://das.dragon-cs.com/erabitori/
tabio_com	https://tabio.com/jp/the_sock_code/
str_toyokeizai_net	https://str.toyokeizai.net/-/shikiho90th/
tsukuruto_olfa_co_jp	https://tsukuruto.olfa.co.jp/
beams_co_jp	https://www.beams.co.jp/special/50th/
calpis_butter_jp	https://calpis-butter.jp/
work_with_art_museumtower_kyobashi_c	https://work-with-art.museumtower-kyobashi.com/
levelzero_co_jp	https://levelzero.co.jp/
vlag_yokohama	https://vlag.yokohama/
newfolk_jp	https://newfolk.jp/
fedl_jp	https://fedl.jp/
wei_co_jp	https://www.wei.co.jp/
plus_c_chuo_u_ac_jp	https://plus-c.chuo-u.ac.jp/
crisp_co_jp	https://crisp.co.jp/
sakumastudio_com	https://sakumastudio.com/
iwasaki_co_jp	https://www.iwasaki.co.jp/
ngk_co_jp	https://www.ngk.co.jp/yamasakishigeru/
mitsubishi_motors_com	https://www.mitsubishi-motors.com/jp/sustainability/contribution/people/kids/index.html
shupatto_com	https://www.shupatto.com/
greenpark_santo_com	https://greenpark-santo.com/
daimaru_matsuzakaya_com	https://www.daimaru-matsuzakaya.com/vi/
nissui_co_jp	https://www.nissui.co.jp/goodfoods_world/index.html
shueisha_co_jp	https://www.shueisha.co.jp/2026saiyo/
takenaka_teienryokka_com	https://www.takenaka-teienryokka.com/
nissin_com	https://www.nissin.com/jp/
chugai_pharm_co_jp	https://www.chugai-pharm.co.jp/100th/
cafuu_shokudou_com	https://cafuu-shokudou.com/
designstudio_l_jp	https://designstudio-l.jp/
hachi_to_waltz_com	https://hachi-to-waltz.com/
yosuga_akiu_jp	https://yosuga-akiu.jp/
yamani_g_co_jp	https://yamani-g.co.jp/
yamauchinotori_jp	https://yamauchinotori.jp/
hotoride_com	https://hotoride.com/
figaro_vis_jp	https://www.figaro-vis.jp/
blestoncourt_com	https://www.blestoncourt.com/wedding/soura_tsudoi/
j_cat_co_jp	https://j-cat.co.jp/
recruit_s_word_co_jp	https://recruit.s-word.co.jp/
recruit_sunbelx_com	https://recruit.sunbelx.com/
plaport_co_jp	https://www.plaport.co.jp/
taiyaki_warashibe_com	https://taiyaki-warashibe.com/
inx_co_jp	https://www.inx.co.jp/recruit/
minowa_ah_com	https://minowa-ah.com/
recruit_konohanahome_com	https://www.recruit.konohanahome.com/carpenter/
onomasatoshi_com	https://www.onomasatoshi.com/
dod_camp	https://www.dod.camp/special/playpare/
fortune_line_me	https://fortune.line.me/uchoooz/seikaku10/
newgrads_churadata_okinawa	https://newgrads.churadata.okinawa/
ryuinc_com	https://www.ryuinc.com/
onigiri_gym_net	https://onigiri-gym.net/
store_united_arrows_co_jp	https://store.united-arrows.co.jp/s/all/re/202510/ourclosets/
kj8_thegame_com	https://kj8-thegame.com/halfanniversary
milbon_com	https://www.milbon.com/ms/elujuda/
tohato_jp	https://www.tohato.jp/cc/55th/
bologne_shopping_com	https://bologne-shopping.com/view/page/kumakuma
coffee_city_fes_com	https://coffee-city-fes.com/
nickel_co_jp	https://www.nickel.co.jp/
tsuchiya_randoseru_jp	https://tsuchiya-randoseru.jp/collections/depsoa
live_stock_kawasaki_com	https://live-stock-kawasaki.com/
lab_gigno_co_jp	https://lab.gigno.co.jp/
kikusui_sake_com	https://www.kikusui-sake.com/home/jp/
hanshinbouon_com	https://www.hanshinbouon.com/
depart_inc_com	https://depart-inc.com/10th-anniversary/
xfolio_jp	https://xfolio.jp/
kankyoportal_city_kita_lg_jp	https://www.kankyoportal.city.kita.lg.jp/
jnc_eng_co_jp	https://jnc-eng.co.jp/
tokyo_bunkitsu_jp	https://tokyo.bunkitsu.jp/
liberty_japan_co_jp	https://www.liberty-japan.co.jp/specialcontent/
taotajima_jp	https://taotajima.jp/
mitsubishi_motors_co_jp	https://www.mitsubishi-motors.co.jp/special/weekend-explorer/unkai/
citizen_jp	https://citizen.jp/lightistime/index.html
bravis_com	https://www.bravis.com/
jfx_co_jp	https://www.jfx.co.jp/landing/scalping/
triorb_co_jp	https://triorb.co.jp/
special_hakujuji_g_co_jp	https://special.hakujuji-g.co.jp/waffle/
villa_itsutsu_cafeworks_com	https://villa-itsutsu.cafeworks.com/
homunculus_jp	https://homunculus.jp/
plazastyle_com	https://www.plazastyle.com/contents/plaza_60th/
sobajima_jp	https://sobajima.jp/120th-anniversary/
redesign_boy_co_jp	https://redesign.boy.co.jp/
shinka_inc_com	https://shinka-inc.com/
shishi_w_com	https://shishi-w.com/
omusubi_design_com	https://omusubi-design.com/
decarbook_jp	https://decarbook.jp/
nasu_ougiya_com	https://www.nasu-ougiya.com/
ardi_jp	https://ardi.jp/
syuzgen_com	https://syuzgen.com/
naito_otsuka_com	https://naito-otsuka.com/
dots_geek_com	https://dots-geek.com/
landsapporo_jp	https://landsapporo.jp/
artizon_museum	https://www.artizon.museum/exhibition_sp/sottsass2026/
recruit_ohsho_co_jp	https://recruit.ohsho.co.jp/
fluence_co_jp	https://fluence.co.jp/
tokachi_fruits_jp	https://tokachi-fruits.jp/
dodasports_doda_jp	https://dodasports.doda.jp/shigotozukan/2026/
endangeredveggies_smm_co_jp	https://endangeredveggies.smm.co.jp/
willstyle_co_jp	https://willstyle.co.jp/
sakura_ssi_co_jp	https://www.sakura-ssi.co.jp/
denso_com	https://www.denso.com/jp/ja/
coosy_co_jp	https://coosy.co.jp/
recruit_buysell_technologies_com	https://recruit.buysell-technologies.com/
marui_unite_co_jp	https://marui-unite.co.jp/
mcares_co_jp	https://mcares.co.jp/
tomei_co_jp	https://www.tomei.co.jp/
secomtrust_net	https://www.secomtrust.net/
ma_tech_co_jp	https://www.ma-tech.co.jp/
maruyoshi_car_com	https://maruyoshi-car.com/
dnp_ds_co_jp	https://www.dnp-ds.co.jp/
daikogiken_com	https://www.daikogiken.com/
hayashi_jimusho_info	https://www.hayashi-jimusho.info/
hagiwara_shihoushoshi_com	https://hagiwara-shihoushoshi.com/
t_legal_net	https://t-legal.net/
riseacross_com	https://riseacross.com/
the_legal_jp	https://the-legal.jp/
office_hanamusubi_jp	https://www.office-hanamusubi.jp/
hinata_tanteisya_com	https://www.hinata-tanteisya.com/
taiyo_tantei_com	https://taiyo-tantei.com/
kyoto_galu_com	https://www.kyoto-galu.com/
lawsaga_com	https://www.lawsaga.com/
kinoshitalaw_com	https://kinoshitalaw.com/
tokyo_startup_law_or_jp	https://tokyo-startup-law.or.jp/
sapporo_adire_jp	https://sapporo.adire.jp/
sp_lo_com	https://sp-lo.com/
natowa_com	http://www.natowa.com/
kenkoukazoku_co_jp	https://www.kenkoukazoku.co.jp/
zdental_jp	https://zdental.jp/
sono_clinic21_com	https://www.sono-clinic21.com/
mods_clinic_info	https://mods-clinic.info/
morikawa_kyousei_com	https://morikawa-kyousei.com/
biomens_clinic	https://biomens.clinic/
shintoakogyo_co_jp	https://shintoakogyo.co.jp/
milim_co_jp	https://milim.co.jp/
shop_kagome_co_jp	https://shop.kagome.co.jp/
shop_aloehonpo_co_jp	https://shop.aloehonpo.co.jp/
shop_basefood_co_jp	https://shop.basefood.co.jp/
shiratori_wellpharma_co_jp	https://shiratori-wellpharma.co.jp/
vitabrid_co_jp	https://vitabrid.co.jp/
ibizabeauty_net	https://ibizabeauty.net/
shop_earthcare_co_jp	https://shop.earthcare.co.jp/
proactiv_jp	https://proactiv.jp/
fancl_co_jp	https://www.fancl.co.jp/
shop_eisai_jp	https://shop.eisai.jp/
taisho_direct_jp	https://www.taisho-direct.jp/
shop_yukimeg_jp	https://www.shop-yukimeg.jp/
belta_shop_jp	https://belta-shop.jp/
alinamin_direct_jp	https://alinamin-direct.jp/
ishibashi_med_com	https://www.ishibashi-med.com/
koudo_minna_com	https://koudo-minna.com/
trail_inc_jp	https://trail-inc.jp/
kariya_yamakawa_com	https://kariya-yamakawa.com/
maikovilla_co_jp	https://maikovilla.co.jp/
janohire_co_jp	https://janohire.co.jp/
yuumirai_com	https://yuumirai.com/
club_pentagon_studio_site	https://club-pentagon.studio.site/
umaji_shinrin_com	https://umaji-shinrin.com/
nakajima_clinic_com	https://www.nakajima-clinic.com/
reguluszero_jp	https://reguluszero.jp/
restorna_jp	https://restorna.jp/
genki_zaitaku_jp	https://genki-zaitaku.jp/
clinic_kmhg_jp	https://clinic-kmhg.jp/
vectrfl_com	https://vectrfl.com/
brand_ivress_co_jp	https://brand.ivress.co.jp/
expo_2025_utsubo_com	https://expo-2025.utsubo.com/
utsubo_com	https://www.utsubo.com/
konpi_com	https://konpi.com/
hadaka_jp	https://hadaka.jp/
sougen_co	https://sougen.co/
nikka_com	https://www.nikka.com/
nomura_re_co_jp	https://www.nomura-re.co.jp/
nipponham_co_jp	https://www.nipponham.co.jp/tanpaku-mirai/
kio_ac_jp	https://www.kio.ac.jp/bds/
hokusei_ac_jp	https://www.hokusei.ac.jp/hokusei2027/
sapporo_digital_com	https://sapporo-digital.com/digital_lp/
hamakids_jp	https://www.hamakids.jp/hininchi/
thu_ac_jp	https://www.thu.ac.jp/lp/teikyo_lp/
various_topics_info	https://various-topics.info/
urizurakodomoen_net	https://urizurakodomoen.net/
kinran_ac_jp	https://www.kinran.ac.jp/cheer/opencampus/
e_kobe_c_ac_jp	https://e.kobe-c.ac.jp/
gakushuin_admissions_jp	https://gakushuin-admissions.jp/
m_kobe_c_ac_jp	https://m.kobe-c.ac.jp/
tus_ac_jp	https://www.tus.ac.jp/miraimikke/
en_kidsdoor_net	https://en.kidsdoor.net/
waseda_jp	https://www.waseda.jp/eape/
k_manabiya_co_jp	http://www.k-manabiya.co.jp/
futurecraft_jp	https://www.futurecraft.jp/
3keys_jp	https://3keys.jp/
gift_smile_com	https://gift-smile.com/
eibi_navi_com	https://www.eibi-navi.com/tekisei/
blea_jp	http://blea.jp/
clea_la_com	http://clea-la.com/
insc_tohoku_ac_jp	http://www.insc.tohoku.ac.jp/
coretocore_ioc_u_tokyo_ac_jp	http://coretocore.ioc.u-tokyo.ac.jp/
proglab_education	https://www.proglab.education/
creative_class_site	https://creative-class.site/
daikuhara_jp	https://daikuhara.jp/
um_english_lab_com	https://um-english-lab.com/
lifense_jp	https://lifense.jp/
yokospiano_com	https://yokospiano.com/
boneless_dance_school_jp	https://boneless-dance-school.jp/
shinshu_otonowa_studio_site	https://shinshu-otonowa.studio.site/
mygenius_jp	https://mygenius.jp/
monokoto_lab_jp	https://monokoto-lab.jp/
nsit_tokyo	https://nsit.tokyo/
kiracu_co_jp	https://kiracu.co.jp/
notdesignschool_jp	https://notdesignschool.jp/
spainryugaku_jp	https://spainryugaku.jp/
arc_pds_com	https://arc-pds.com/
uvocalmusic_studio_site	https://uvocalmusic.studio.site/
gcs_tc_school_com	https://gcs-tc-school.com/
tsukinowa_co_jp	https://www.tsukinowa.co.jp/
school_hpmusic_jp	https://school.hpmusic.jp/
eikaiwa_merise_asia	https://eikaiwa.merise.asia/
kids_ns_goldwin_co_jp	https://kids-ns.goldwin.co.jp/
comic_smiles55_jp	https://comic.smiles55.jp/
kids_shuzankai_com	https://kids-shuzankai.com/
314je_com	https://314je.com/
design_harness_com	https://design-harness.com/
gpcorp_jp	https://gpcorp.jp/
furu1940_co_jp	https://furu1940.co.jp/
adk_sbs_jp	https://adk-sbs.jp/
ooharadensen_shop	https://ooharadensen.shop/
greengrowth_co_jp	https://greengrowth.co.jp/
ogud_co_jp	https://ogud.co.jp/urbanex/shift/
growth_next_com	https://growth-next.com/
qo_recruit_com	https://qo-recruit.com/
sasukeharaguchi_com	https://sasukeharaguchi.com/
ojiholdings_co_jp	https://www.ojiholdings.co.jp/group/brandbook/
wwwzz_jp	https://wwwzz.jp/
edumotto_u_gakugei_ac_jp	https://edumotto.u-gakugei.ac.jp/
seiwagakuen_ed_jp	https://seiwagakuen.ed.jp/hhp/
academy_onecareer_jp	https://academy.onecareer.jp/
playec_jp	https://playec.jp/
rekisaikan_jp	https://rekisaikan.jp/
benesse_co_jp	https://www.benesse.co.jp/brand/
jikorikai_com	https://jikorikai.com/
oua_osaka_geidai_ac_jp	https://oua.osaka-geidai.ac.jp/geidai/special_feature/m_musicology/
jakuets_co_jp	https://www.jakuets.co.jp/
kke_co_jp	https://www.kke.co.jp/
zendesk_co_jp	https://www.zendesk.co.jp/
sugino_com	https://www.sugino.com/recruit/
shikishima_j_co_jp	https://www.shikishima-j.co.jp/recruit/
saiyo_sekisuihouse_jp	https://www.saiyo-sekisuihouse.jp/
leco_paint_jp	https://leco-paint.jp/
yutakaplus_jp	https://yutakaplus.jp/
yodosei_co_jp	https://yodosei.co.jp/recruit_fresh/
yazawa_tora_clinic_com	https://yazawa-tora-clinic.com/
rokka_kodomoen_jp	https://www.rokka-kodomoen.jp/
nikko_tabletop_jp	https://www.nikko-tabletop.jp/
nagano_cgc_or_jp	https://www.nagano-cgc.or.jp/
kimuraya_sohonten_co_jp	https://www.kimuraya-sohonten.co.jp/
kankyou_keisoku_co_jp	https://www.kankyou-keisoku.co.jp/
jr_odekake_net	https://www.jr-odekake.net/
itx_com_co_jp	https://www.itx-com.co.jp/
fuji_koeki_co_jp	https://www.fuji-koeki.co.jp/
fancl_jp	https://www.fancl.jp/
city_shibuya_tokyo_jp	https://www.city.shibuya.tokyo.jp/
askul_co_jp	https://www.askul.co.jp/corp/
wood_space_co_jp	https://wood-space.co.jp/
tsumugu_cleaning_com	https://tsumugu-cleaning.com/
rect_mirait_one_com	https://rect.mirait-one.com/
snowpeak_co_jp	https://www.snowpeak.co.jp/
nomurapassport_com	http://nomurapassport.com/
galileo_vet	https://www.galileo.vet/
urban_tube_com	https://www.urban-tube.com/
recruit_flypeach_com	https://recruit.flypeach.com/
rensei_sushi_com	http://rensei-sushi.com/
sasazukabowl_com	http://sasazukabowl.com/
tamaki_home_co_jp	https://www.tamaki-home.co.jp/
kojimalaw_jp	https://www.kojimalaw.jp/
monohoiku_jp	https://monohoiku.jp/
artie_co_jp	https://artie.co.jp/
kungyokudo_co_jp	https://www.kungyokudo.co.jp/
kyoto_museums_city_kyoto_lg_jp	https://kyoto-museums.city.kyoto.lg.jp/
daiichilife_group_com	https://www.daiichilife-group.com/
jomon_japan_jp	https://jomon-japan.jp/
tokyo_swc_org	https://tokyo-swc.org/
yamaned_jp	https://www.yamaned.jp/
obirin_ac_jp	https://www.obirin.ac.jp
careers_giftee_co_jp	https://careers.giftee.co.jp/
corporate_pokemon_co_jp	https://corporate.pokemon.co.jp/
careers_goodpatch_com	https://careers.goodpatch.com/
mitsubishi_hc_capital_com	https://www.mitsubishi-hc-capital.com/
smarthr_jp	https://smarthr.jp/
engokai_or_jp	https://engokai.or.jp
pdca_school_jp	https://pdca-school.jp/
shiawasenomura_org	https://shiawasenomura.org/
city_uruma_lg_jp	https://www.city.uruma.lg.jp/
arttowermito_or_jp	https://www.arttowermito.or.jp/
sekisuiheim_com	https://www.sekisuiheim.com/
bandainamco_ba_co_jp	https://www.bandainamco-ba.co.jp/
nihon_u_ac_jp	https://www.nihon-u.ac.jp/
hamadasyuzou_co_jp	https://www.hamadasyuzou.co.jp/chillgreen_brand/
i_feel_science_com	https://i-feel-science.com/mirable/lp/
mi_rai_co_jp	https://mi-rai.co.jp/
officework_skgh_jp	https://officework.skgh.jp/
re_material_com	https://re-material.com/
e_regist_com	https://e-regist.com/
recruit_garage_co_jp	https://recruit.garage.co.jp/
garage_co_jp	https://www.garage.co.jp/
service_xenobrain_jp	https://service.xenobrain.jp/
careers_proni_co_jp	https://careers.proni.co.jp/
proni_co_jp	https://www.proni.co.jp/
us_branding_studio_site	https://us-branding.studio.site/lp/bx_1
terass_com	https://terass.com/
fincode_jp	https://www.fincode.jp/
soichiro_co_jp	https://soichiro.co.jp/
newmedia_geidai_ac_jp	https://newmedia.geidai.ac.jp/
setsunan_ac_jp	https://www.setsunan.ac.jp/
shimadai_coop_jp	https://shimadai-coop.jp/
seisa_ac_jp	https://seisa.ac.jp/
nth_marchingband_studio_site	https://nth-marchingband.studio.site/
andrew_ac_jp	https://www.andrew.ac.jp/
mmusicstudio_com	https://mmusicstudio.com/
7_kou_jp	https://7-kou.jp/
e_science_pu_hiroshima_ac_jp	https://e-science.pu-hiroshima.ac.jp/
iamas_ac_jp	https://www.iamas.ac.jp/
arch_cst_nihon_u_ac_jp	https://www.arch.cst.nihon-u.ac.jp/
music_ac_jp	https://www.music.ac.jp/dance/
shinshu_u_ac_jp	https://www.shinshu-u.ac.jp/faculty/agriculture/pakapaan/
dei_azabu_u_ac_jp	https://dei.azabu-u.ac.jp/
akita_pu_ac_jp	https://www.akita-pu.ac.jp/about/pamp/ROOTS04
u_kochi_ac_jp	https://www.u-kochi.ac.jp/book/list/book292.html
nagasaki_u_ac_jp	https://www.nagasaki-u.ac.jp/ja/guidance/kouhou/publicity/086.html
kitami_it_ac_jp	https://www.kitami-it.ac.jp/brand/
dialogue_osaka_u_ac_jp	https://dialogue.osaka-u.ac.jp/
mfs_kwansei_ac_jp	https://mfs.kwansei.ac.jp/
vates_standout_jp	https://vates.standout.jp/
otsuka_air_jp	https://otsuka-air.jp/
hirotos_com	https://www.hirotos.com
taper_design	https://taper.design/
to_portfolio_com	https://to-portfolio.com/
tr_advanced_co_jp	https://www.tr-advanced.co.jp/regular/
daiki_design_com	https://daiki-design.com/
tomoyaokada_com	https://tomoyaokada.com/
planetooote_tote_co_jp	https://planetooote.tote.co.jp/
junkbranding_com	https://www.junkbranding.com/
penguin_capital_co_jp	https://www.penguin-capital.co.jp
live_up_co_jp	https://live-up.co.jp/
kei_inc_jp	https://kei-inc.jp/
aikawakenichi_com	https://aikawakenichi.com/
ci_funtech_inc	https://ci.funtech.inc/en
tamakiyoshida_com	https://www.tamakiyoshida.com/
sakazuki_io	https://sakazuki.io/
nirnor_jp	https://nirnor.jp/
recruit_sanso_gifu_jp	https://recruit.sanso-gifu.jp/
mathi_jp	https://mathi.jp
fontvibe_ai	https://fontvibe.ai/
yutaabe_com	https://yutaabe.com/
zetta_joule_com	https://zetta-joule.com/
sen_knife_com	https://sen-knife.com/2.0/
janu_jp	https://www.janu.jp/
oc_media_arts_ac_jp	https://oc.media-arts.ac.jp/
kobe_tech_ac_jp	https://www.kobe-tech.ac.jp/illust/
iyokilab_k_u_tokyo_ac_jp	https://iyokilab.k.u-tokyo.ac.jp/
cbc_med_kyoto_u_ac_jp	https://www.cbc.med.kyoto-u.ac.jp/
fca_ac_jp	https://www.fca.ac.jp/
harmonies_kumon_ne_jp	https://harmonies.kumon.ne.jp/
isa_co_jp	https://www.isa.co.jp/lp/discovery-island.html
yoss_kodomomiraishakai_org	https://yoss.kodomomiraishakai.org/
www3_nishitech_ac_jp	https://www3.nishitech.ac.jp/info-mgmt/
azabu_k_co_jp	https://www.azabu-k.co.jp/lp/landing_basic/
rs_tus_ac_jp	https://www.rs.tus.ac.jp/ph/index.html
osakac_ac_jp	https://www.osakac.ac.jp/admission/opencampus/
rakuei_co_jp	https://rakuei.co.jp/
yt_school_syuni_jp	https://yt-school.syuni.jp/
ygu_ac_jp	https://www.ygu.ac.jp/admission/lp/sekirara/
wil_co_jp	https://www.wil.co.jp/
ipadmate_studio_com	https://ipadmate-studio.com/tokyo/kids/
tub_tamabi_ac_jp	https://tub.tamabi.ac.jp/tdu/
m3e_jp	https://www.m3e.jp/igaku/lp/tutor/
shimane_kyoinsaiyo_com	https://www.shimane-kyoinsaiyo.com/chimes/
cells_academy_com	https://cells-academy.com/
hannandaigakusai_com	https://hannandaigakusai.com/
litpla_com	https://litpla.com/
shimofusa_high_school_com	http://www.shimofusa-high-school.com/
atago_kdg_com	http://atago-kdg.com/
toshin_sekai_com	http://toshin-sekai.com/
kobe_c_ac_jp	https://www.kobe-c.ac.jp/
toyota_kobe_ac_jp	https://www.toyota-kobe.ac.jp/
yokohama_cu_ac_jp	http://www.yokohama-cu.ac.jp/
nodai_ac_jp	http://www.nodai.ac.jp/
kokugakuin_ac_jp	https://www.kokugakuin.ac.jp/
tenshoku_ousama_jp	https://tenshoku-ousama.jp/
tanica_jp	https://tanica.jp/amazake/
otsuka_plus1_com	https://www.otsuka-plus1.com/shop/formlp/equelle_lp_top.aspx
pixelpixel_jp	https://pixelpixel.jp/
re_touch_lp_tokyo	https://re-touch-lp.tokyo/wave-hair-wax
farmer_syunnoeki_com	https://farmer.syunnoeki.com/
daiwahouse_co_jp	https://www.daiwahouse.co.jp/jutaku/visit/residence/
lp_yoom_fun	https://lp.yoom.fun/
studio_design	https://studio.design/ja/business
sa_nu_com	https://sa-nu.com/weekday
nisshodenkiseigyo_com	https://nisshodenkiseigyo.com/chromateach/
botanistofficial_com	https://botanistofficial.com/special/limited/
shiseido_co_jp	https://www.shiseido.co.jp/hadagumi/
lp_tabinuki_com	https://lp.tabinuki.com/
campaign_gongcha_co_jp	https://campaign.gongcha.co.jp/ichigoannin-2025/
taiyokikaku_com	https://www.taiyokikaku.com/newcreators2026/
minedandmind_kanayama_com	https://minedandmind-kanayama.com/
daimatsu_cc	https://daimatsu.cc/
hitorigocochi_com	https://hitorigocochi.com/
dorokogyo_co_jp	https://www.dorokogyo.co.jp/
ppi_jp	https://www.ppi.jp/recruiting/
besthome_ep_com	https://besthome-ep.com/
halfwaytheir_com	https://halfwaytheir.com/
recruit_mosc_co_jp	https://recruit.mosc.co.jp/
sanyo_chemical_co_jp	https://www.sanyo-chemical.co.jp/company/discovery
water_knowledge_park_kubota_co_jp	https://water-knowledge-park.kubota.co.jp/
umibeno_ie_com	https://umibeno-ie.com/
kanko_setagaya_jp	https://www.kanko-setagaya.jp/
amita_oshiete_jp	https://www.amita-oshiete.jp/
recruit_meisei_ac_jp	https://recruit.meisei.ac.jp/
e_sankoh_jp	https://e-sankoh.jp/recruit/
yokanka_com	https://yokanka.com/
fukushi_gifu_jp	https://fukushi.gifu.jp/
irokoto_co_jp	https://irokoto.co.jp/recruit/
celford_com	https://celford.com/
baycrews_jp	https://baycrews.jp/
tsuchiya_kaban_jp	https://tsuchiya-kaban.jp/
onitsukatiger_com	https://www.onitsukatiger.com/
keenfootwear_jp	https://www.keenfootwear.jp/
goldwin_co_jp	https://www.goldwin.co.jp/
dot_st_com	https://www.dot-st.com/nikoand/
emmi_jp	https://emmi.jp/
magazine_mix_tokyo	https://magazine.mix.tokyo/
crosset_onward_co_jp	https://crosset.onward.co.jp/
store_nanouniverse_jp	https://store.nanouniverse.jp/
gracecontinental_jp	https://gracecontinental.jp/
urban_research_jp	https://www.urban-research.jp/
shipsltd_co_jp	https://www.shipsltd.co.jp/
garden_eight_com	https://garden-eight.com/
shiftbrain_com	https://www.shiftbrain.com/
baqemono_jp	https://baqemono.jp/
den_cool	https://den.cool/
ingraft_jp	https://ingraft.jp/
supercrowds_co	https://supercrowds.co/
reynato_co_jp	https://reynato.co.jp/
laugh_mind_co_jp	https://laugh-mind.co.jp/
warpjapan_com	https://warpjapan.com/
tote_design	https://tote.design/
overa_jp	https://overa.jp/
i_studio_co_jp	https://www.i-studio.co.jp/
ground_tokyo_jp	https://ground-tokyo.jp/
konel_jp	https://konel.jp/
cellinteractive_jp	https://cellinteractive.jp/
funtech_inc	https://funtech.inc/
leapy_jp	https://leapy.jp/
yane_tateyama_jp	https://yane-tateyama.jp/
ccymgt_jp	https://ccymgt.jp/
hotori_jp	https://hotori.jp/
hamee_co_jp	https://hamee.co.jp/
oita_essentials_com	https://oita-essentials.com/
tadasoko_misakikume_com	https://tadasoko.misakikume.com/
jal_com	https://www.jal.com/ja-jp/
gakkou_life	https://gakkou.life/
jaiwate_or_jp	https://www.jaiwate.or.jp/jabank/shinren
okinawa_ucc_co_jp	https://www.okinawa-ucc.co.jp/
daiwabutsuryu_co_jp	https://www.daiwabutsuryu.co.jp/recruit/
yakult_co_jp	https://www.yakult.co.jp/shirota/
real_smarthr_co_jp	https://real.smarthr.co.jp/
tuvalu_jp	https://tuvalu.jp/
imayo_co_jp	https://imayo.co.jp/
global_jr_central_co_jp	https://global.jr-central.co.jp/en/onlinebooking/contents/hello_osaka/
hakusuku_jp	https://hakusuku.jp/recruit/
onmaya_co_jp	https://onmaya.co.jp/
corp_geekly_co_jp	https://corp.geekly.co.jp/
tanseisha_co_jp	https://www.tanseisha.co.jp/recruit/potential/
tsuchitokaze_co_jp	https://tsuchitokaze.co.jp/
kimono_benntenn_com	https://kimono-benntenn.com/
spicato_com	https://spicato.com/10th/
nssg_jp	https://nssg.jp/
ichizenbooks_jp	https://ichizenbooks.jp/
kitanohashi_com	https://kitanohashi.com/
starbucks_co_jp	https://www.starbucks.co.jp/cafe/peach2026/
recruit_takami_hd_com	https://recruit.takami-hd.com/
moln_com	https://moln.com/
fujiko_movie_com	https://fujiko-movie.com/
shed_co_jp	https://www.shed.co.jp/
garden_clothing_com	https://garden-clothing.com/
tashi_design	https://tashi.design/
meumu_jp	https://meumu.jp/
photoire_attdesign_site	https://photoire.attdesign.site/
poporpop_com	https://poporpop.com/
tamawonder_tokyo	https://tamawonder.tokyo/
eitaokuno_jp	https://eitaokuno.jp/
viby_official_com	https://viby-official.com/
bridal_feel_com	https://www.bridal-feel.com/
tanukie_jp	https://tanukie.jp/
nodamap_com	https://www.nodamap.com/kashi/
fc_vinculo_info	http://fc-vinculo.info/
obunko_org	https://obunko.org/
nikoand_jp	https://www.nikoand.jp/base/
gosh_tokyo	https://gosh.tokyo/
nij_nikon_com	https://nij.nikon.com/cms/sp/z50_2/
graf_d3_com	https://www.graf-d3.com/
mmsun_jp	https://mmsun.jp/
yorugakkou_com	https://yorugakkou.com/
ugokko_jp	https://ugokko.jp/
applebase_org	https://applebase.org/daisan
global_tree_jp	https://global-tree.jp/
samabake_asuka_com	https://samabake-asuka.com/
sou_group_jp	https://sou-group.jp/
db_manasapo_kyokyo_com	https://db.manasapo-kyokyo.com/
enfant_media	https://enfant.media/
koine_jp	https://koine.jp/
kodomo_solasto_hoiku_com	https://kodomo.solasto-hoiku.com/
hatarakubu_jp	https://hatarakubu.jp/
wakabacare_hoikuen_com	https://wakabacare-hoikuen.com/
ppc_wonder_com	https://ppc-wonder.com/
mathconnect_tokyo_shoseki_co_jp	https://mathconnect.tokyo-shoseki.co.jp/
ohisama_terrace_jp	https://ohisama-terrace.jp/
website_hankyu_dept_co_jp	https://website.hankyu-dept.co.jp/honten/h/heralbony/
porters_jp	https://www.porters.jp/mvv/
violetpatisserie2014_com	https://violetpatisserie2014.com/
ichi_hairsalon_com	https://ichi-hairsalon.com/
cocone_katayukiko_collab_com	https://cocone-katayukiko-collab.com/
shy_souvenir_nara_com	https://shy.souvenir-nara.com/
megamis_lion_co_jp	https://megamis.lion.co.jp/
mos_jp	https://www.mos.jp/oc/mossoundselection/
studioakari_jp	https://studioakari.jp/
kaf_kamitsubaki_jp	https://kaf.kamitsubaki.jp/transcendent-love/
mecsumai_com	https://www.mecsumai.com/tph-ashiya-kawanishicho/
geo_8984_jp	https://geo.8984.jp/kyoto/teramachi/
anabuki_style_com	https://www.anabuki-style.com/ichijo/index.php
morimoto_real_co_jp	https://www.morimoto-real.co.jp/shinchiku/pa-kaminoge/index.html
regras_co_jp	http://regras.co.jp/nishifu/
presis_com	https://www.presis.com/presis/app/webroot/kanagawa/honatsugi2/
nskre_jp	https://nskre.jp/shimokitazawa/
tamahome_shinjuku_com	https://tamahome-shinjuku.com/
31sumai_com	https://www.31sumai.com/mfr/X1908/
nisshinfudosan_co_jp	https://www.nisshinfudosan.co.jp/kawasaki/
sumai_tokyu_land_co_jp	https://sumai.tokyu-land.co.jp/branz/bc-shonandai/
p_minamisenju_com	http://www.p-minamisenju.com/
sekisuihouse_co_jp	https://www.sekisuihouse.co.jp/gm/tyo/shirokanetakanawa/
leben_style_jp	https://www.leben-style.jp/search/lbn-tsuruse2/
sc_yatsuka_jp	https://sc-yatsuka.jp/
proud_web_jp	https://www.proud-web.jp/mansion/e116060/
meiwajisyo_co_jp	https://www.meiwajisyo.co.jp/clio/872_Ochanomizu/
sc_seisekisakuragaoka_jp	https://sc-seisekisakuragaoka.jp/
sumitomo_rd_mansion_jp	https://www.sumitomo-rd-mansion.jp/shuto/hiratsuka/
sgr_sumai_jp	https://www.sgr-sumai.jp/mansion/r-yawatajuku219/
tosajoshi_jh_ed_jp	https://www.tosajoshi-jh.ed.jp/
dokkyo_saitama_ed_jp	https://www.dokkyo-saitama.ed.jp/
cecilia_ac_jp	https://www.cecilia.ac.jp/
zushi_kaisei_ac_jp	https://www.zushi-kaisei.ac.jp/
toho_ed_jp	https://www.toho.ed.jp/
felicia_ed_jp	https://www.felicia.ed.jp/
otsumanakano_ac_jp	http://www.otsumanakano.ac.jp/
gka_ed_jp	https://www.gka.ed.jp/
tjk_jp	https://tjk.jp/mh/
kanagawa_kgs_ac_jp	https://www.kanagawa-kgs.ac.jp/
seijogakko_ed_jp	https://www.seijogakko.ed.jp/
toshimagaoka_ed_jp	https://www.toshimagaoka.ed.jp/
oin_ed_jp	https://www.oin.ed.jp/
hs_rikkyojogakuin_ac_jp	https://hs.rikkyojogakuin.ac.jp/
kichijo_joshi_jp	https://www.kichijo-joshi.jp/supporters/
takanawa_ed_jp	https://www.takanawa.ed.jp/
spartan_english_jp	https://spartan-english.jp/lp/
enomoto_ac_jp	https://www.enomoto.ac.jp/cyouri/lp/
kobekyo_com	https://www.kobekyo.com/lp/medicine/
eccjr_lp_com	https://eccjr-lp.com/online02/
tokyois_kg_as_com	https://tokyois-kg-as.com/lp/lte/
omegakobetsu_com	https://omegakobetsu.com/trial/
kadokawadwango_it_academy_jp	https://kadokawadwango-it-academy.jp/lp/all/
yomisama_overfocus_co_jp	https://yomisama.overfocus.co.jp/campaign07/
eikoh_co_jp	https://www.eikoh.co.jp/spring_s/
kubotanouken_juken_com	https://kubotanouken-juken.com/
aeonet_co_jp	https://www.aeonet.co.jp/kids/lp/2025/spring_cp/
fgsp_jp	https://www.fgsp.jp/lp01/
qast_jp	https://qast.jp/
all_jp	https://all.jp/
ovice_com	https://www.ovice.com/ja
mines_group_co_jp	https://mines-group.co.jp/
theletter_jp	https://theletter.jp/
sugosugi_jp	https://sugosugi.jp/
mafin_gift	https://mafin.gift/
daikure_kousan_co_jp	https://daikure-kousan.co.jp/
nobel_co_jp	https://www.nobel.co.jp/
diggle_jp	https://diggle.jp/
ocl_ai_jp	https://ocl-ai.jp/
oki_com	https://www.oki.com/global/ja/
smartshoki_com	https://www.smartshoki.com/
saison_am_co_jp	https://www.saison-am.co.jp/
avatarmaker_vket_com	https://avatarmaker.vket.com/
cra_pro_jp	https://www.cra-pro.jp/
shigoto_madoguchi_com	https://shigoto-madoguchi.com/
ksdenki_co_jp	https://www.ksdenki.co.jp/
learningbox_online	https://learningbox.online/
kurelife_jp	https://kurelife.jp/
line_sm_com	https://line-sm.com/
magazine_solotori_jp	https://magazine.solotori.jp/
kadoya_com	https://www.kadoya.com/
yoor_jp	https://yoor.jp/
ai_interview_zcareer_com	https://ai-interview.zcareer.com/
herptrust_cloud	https://www.herptrust.cloud/
resume_mate_jp	https://resume-mate.jp/
mcx_mcframe_com	https://mcx.mcframe.com/
visasq_co_jp	https://visasq.co.jp/
yamada_youchien_ed_jp	https://www.yamada-youchien.ed.jp/
kininaru_kodomoen_com	https://kininaru-kodomoen.com/
ohoribata_com	https://ohoribata.com/
kaminogou_kodomoen_jp	https://kaminogou-kodomoen.jp/
takami_kids_com	http://takami-kids.com/
kohitsuji_hoikuen_com	http://www.kohitsuji-hoikuen.com/
hiyorihoikuen_com	https://hiyorihoikuen.com/
izumi_akita_jp	http://www.izumi.akita.jp/child
obama_kodomoen_jp	http://obama-kodomoen.jp/
kyougakuji_kids_com	http://kyougakuji-kids.com/
takagi_kids_ed_jp	https://takagi-kids.ed.jp/
canele_jp	https://canele.jp/
motosue_co_jp	https://motosue.co.jp/
ec_benzaiten_daifuku_jp	https://ec.benzaiten-daifuku.jp/
ohisama_ikasika_com	https://ohisama-ikasika.com/
hbcl_jp	https://hbcl.jp/
chihirosweets_myshopify_com	https://chihirosweets.myshopify.com/
porktamago_com	https://porktamago.com/
sasaki_shiko_co_jp	https://sasaki-shiko.co.jp/
enoden_co_jp	https://www.enoden.co.jp/
plan_techno_jp	https://plan-techno.jp/
nagura_ah_com	https://www.nagura-ah.com/
tarekatsu_jp	https://www.tarekatsu.jp/
bluedge_co_jp	https://www.bluedge.co.jp/
azabuyasaigashi_com	https://azabuyasaigashi.com/
hara_peko_co_jp	https://www.hara-peko.co.jp/
andohotelnara_com	https://andohotelnara.com/
weekendhouse_jp	https://weekendhouse.jp/
ichikoichie_jp	https://ichikoichie.jp/
koyobase_com	https://koyobase.com/
takenokuma_jp	https://takenokuma.jp/
japanramenfoodhall_com	https://japanramenfoodhall.com/
k_arena_com	https://k-arena.com/
setagaya_co_jp	https://www.setagaya.co.jp/
gotogin_jp	https://gotogin.jp/
iyoshicola_com	https://iyoshicola.com/
tarotokyo_jp	https://www.tarotokyo.jp/
ssgrroastery_com	https://www.ssgrroastery.com/
dumbodc_com	https://www.dumbodc.com/
gosaiji_kenshin_com	https://gosaiji-kenshin.com/
kanazawa_c_co_jp	https://kanazawa-c.co.jp/
rollbahn_jp	https://rollbahn.jp/25th/
recruit_kaonavi_jp	https://recruit.kaonavi.jp/
blkswn_tokyo	https://blkswn.tokyo/
hakuhodo_co_jp	https://www.hakuhodo.co.jp/
danbrise_barber_com	https://www.danbrise-barber.com/
urbanhome_tt_com	https://urbanhome-tt.com/
hongo_ed_jp	https://www.hongo.ed.jp/momiji-kg/
sjs_edu_sg	https://www.sjs.edu.sg/
kidstairiku_jp	https://www.kidstairiku.jp/
sagami_wu_ac_jp	https://www.sagami-wu.ac.jp/youchibu/
sapix_english_com	https://sapix-english.com/
youchien_jumonji_u_ac_jp	https://youchien.jumonji-u.ac.jp/
minimax_int_com	https://www.minimax-int.com/
blkids_benesse_bestudio_co_jp	https://blkids.benesse-bestudio.co.jp/
es_rikkyojogakuin_ac_jp	https://es.rikkyojogakuin.ac.jp/
kirin_co_jp	https://www.kirin.co.jp
squareup_com	https://squareup.com/jp
chunichi_dragons_jp	https://www.chunichi-dragons.jp
nttdocomo_co_jp	https://www.nttdocomo.co.jp
sony_jp	https://www.sony.jp
adobe_com	https://www.adobe.com/jp
takarakuji_or_jp	https://www.takarakuji.or.jp
levi_com	https://www.levi.com/JP
kodansha_co_jp	https://www.kodansha.co.jp
mdn_co_jp	https://www.mdn.co.jp
schick_jp	https://www.schick.jp
spur_jp	https://www.spur.jp
shimamura_com	https://www.shimamura.com
usj_co_jp	https://www.usj.co.jp
sharp_co_jp	https://www.sharp.co.jp
unicharm_co_jp	https://www.unicharm.co.jp
ubereats_com	https://www.ubereats.com/jp
seikei_ac_jp	https://www.seikei.ac.jp
trifa_jp	https://trifa.jp
ibigawa_jadecom_jp	https://ibigawa-jadecom.jp/
dual_life_iju_com	https://dual-life-iju.com/
a_thily_co_jp	https://a-thily.co.jp/
ses_cloudmeets_jp	https://ses.cloudmeets.jp/
add_colors_jp	https://add-colors.jp/
prifull_jp	https://prifull.jp/
sansei_gakuen_com	https://www.sansei-gakuen.com/
wanco_syokudou_com	https://www.wanco-syokudou.com/
otowa_artisan_co_jp	https://otowa-artisan.co.jp/
amazing_day_jp	https://amazing-day.jp/
patisserie_marina_com	https://patisserie-marina.com/
shinzan_kumamoto_co_jp	https://shinzan-kumamoto.co.jp/
gentosha_co_jp	https://www.gentosha.co.jp/
hal_co_jp	https://hal-co.jp/
takahama_kawara_museum_com	https://www.takahama-kawara-museum.com/
syoyo_al_co_jp	https://syoyo-al.co.jp/
bot_express_com	https://www.bot-express.com/
coop_sustainableaction_jccu_coop	https://coop-sustainableaction.jccu.coop/
kyoshin_elle_com	https://kyoshin-elle.com/
cerabea_co_jp	https://www.cerabea.co.jp/
shop_mango_kameya_com	https://shop.mango-kameya.com/
kk_nakazawa_net	https://kk-nakazawa.net/
bauhaus_m_co_jp	https://www.bauhaus-m.co.jp/
recruit_torikizoku_co_jp	https://www.recruit.torikizoku.co.jp/fresh/
samac_jp	https://www.samac.jp/
132base_jp	https://132base.jp/
recruit_ncn_se_co_jp	https://recruit.ncn-se.co.jp/
yadoito_18rou_com	https://yadoito.18rou.com/
samplekobo_com	https://samplekobo.com/
nintendo_com	https://www.nintendo.com/jp/games/switch2/aadla/
tokyofestival_jp	https://tokyofestival.jp/
wosh_jp	https://wosh.jp/
mypearls_mikimoto_com	https://mypearls.mikimoto.com/thelayersoflight
kusumusubi_jp	https://kusumusubi.jp/
lea_lea_site	https://lea-lea.site/
berg_onishi_co_jp	https://berg-onishi.co.jp/
k_innovation_inc_com	https://k-innovation-inc.com/
hybridhome_co_jp	https://www.hybridhome.co.jp/
cuelume_site_pages_dev	https://cuelume-site.pages.dev/
qando_co_jp	https://qando.co.jp/
hayashivet_com	https://hayashivet.com/
shumatsu_citron_com	https://shumatsu-citron.com/
nikkoichigo_com	https://nikkoichigo.com/
aoya_c_com	https://aoya-c.com/
mimaen_co_jp	https://mimaen.co.jp/
foods_petokoto_com	https://foods.petokoto.com/
tabo_shika_com	https://www.tabo-shika.com/kodomo/
saitoseika_co_jp	https://saitoseika.co.jp/
kyoryu_pudding_com	https://kyoryu-pudding.com/
giandino_jp	https://www.giandino.jp/pages/brand-lemonche
okashi_mikawaya_jp	https://www.okashi-mikawaya.jp/
kanaderu_co_jp	https://kanaderu.co.jp/
jicheese_com	https://jicheese.com/
nagasaki_pudding_com	https://nagasaki-pudding.com/
pie_lafeur_com	https://pie-lafeur.com/
chebonta_kobe_jp	https://chebonta-kobe.jp/
shizumina_com	https://shizumina.com/
global_toyota	https://global.toyota/jp/kids/
hasewannyan_jp	https://hasewannyan.jp/
atami_milchees_com	https://www.atami-milchees.com/
hinata_hoikuen_com	https://www.hinata-hoikuen.com/
yu_karigaoka_ah_com	https://www.yu-karigaoka-ah.com/
enoshima_seacandle_com	https://enoshima-seacandle.com/
kyo_yasaka_pudding_co_jp	https://kyo-yasaka-pudding.co.jp/
katagirijuku_jp	https://katagirijuku.jp/
futamatagawa_kodomo_com	https://futamatagawa-kodomo.com/
daimyo_ped_jp	https://daimyo-ped.jp/
haseko_co_jp	https://www.haseko.co.jp/roomtour2050/
ai_funtech_inc	https://ai.funtech.inc/
buyo_jp	https://buyo.jp/
morioka_ganka_com	https://morioka-ganka.com/
kokuyo_com	https://www.kokuyo.com/furniture/brand/anyway/
euglena_jp	https://www.euglena.jp/spurt/
fkk_g_co_jp	https://fkk-g.co.jp/recruit/beginner/
coachtech_site	https://coachtech.site/
ucc_co_jp	https://www.ucc.co.jp/coffeecreation/black/
rentaro_kyoto_com	https://rentaro-kyoto.com/biz
betterplace_co_jp	https://betterplace.co.jp/
morinaga_co_jp	https://www.morinaga.co.jp/in/know/bukatsu/
osakataxi_or_jp	https://www.osakataxi.or.jp/recruit/character/
fair_furusatokaiki_net	https://fair.furusatokaiki.net/shinsyu-iju-fair2026/
otafuku_co_jp	https://www.otafuku.co.jp/product/sp/okonomisauce/renewal/
tokyobanana_jp	https://www.tokyobanana.jp/products/banana_curry.html
flagship_inc	https://flagship.inc/
recruit_triorb_co_jp	https://recruit.triorb.co.jp/
happo_en_patisserie_com	https://happo-en-patisserie.com/
sakuradeeptechshibuya_com	https://www.sakuradeeptechshibuya.com/
beetleland_maibara_com	https://www.beetleland-maibara.com/
hirakata_elcl_jp	https://hirakata-elcl.jp/
tensui_or_jp	https://tensui.or.jp/
inclusivecamp_com	https://inclusivecamp.com/
unbalance_co_jp	https://www.unbalance.co.jp/
uniam_jp	https://uniam.jp/
swc_aiwakai_jp	https://swc-aiwakai.jp/
isuru_baby_com	https://www.isuru-baby.com/
hugmug_jp	https://hugmug.jp/
nonaka_world_co_jp	https://www.nonaka-world.co.jp/
jphdgroup_recruit_jp	https://jphdgroup-recruit.jp/
sandesica_co_jp	https://www.sandesica.co.jp/
seiban_co_jp	https://www.seiban.co.jp/
s_orange_jp	http://www.s-orange.jp/
litalico_co_jp	http://litalico.co.jp/
urawa_tsukushi_com	http://urawa-tsukushi.com/recruit/
pc_koubou_jp	https://www.pc-koubou.jp/pc/game_zeta_division.php
omicale_co_jp	https://omicale.co.jp/
